[2026-09-29 17:54:26,736] root                                               [DEBUG  ]  Logging to file: /tmp/nahfl959-3882795/tmp1tgtkrmu/multiqc.log
[2026-09-29 17:54:26,750] multiqc.core.update_config                         [DEBUG  ]  This is MultiQC v1.35
[2026-09-29 17:54:26,750] multiqc.core.update_config                         [DEBUG  ]  Running Python 3.14.5 | packaged by conda-forge | (main, May 20 2026, 00:15:36) [GCC 14.3.0]
[2026-09-29 17:54:26,933] multiqc.config                                     [INFO   ]  Loading config settings from: 1/multiqc_config.yml
[2026-09-29 17:54:26,933] multiqc.config                                     [DEBUG  ]  New config: {'report_comment': 'This report has been generated by the <a href="https://github.com/nf-core/rnaseq/releases/tag/3.27.0" target="_blank">nf-core/rnaseq</a> analysis pipeline. For information about how to interpret these results, please see the <a href="https://nf-co.re/rnaseq/3.27.0/docs/output" target="_blank">documentation</a>.\n', 'report_section_order': {'sample-status': {'order': 5004}, 'fail_trimmed_samples-module': {'order': 5003}, 'fail_mapped_samples-module': {'order': 5002}, 'strandedness': {'order': 5001}, 'strand_check_summary-module': {'order': 2}, 'strand_check_composition-module': {'order': 1}, 'fastqc_raw': {'order': 4004}, 'cutadapt': {'order': 4003}, 'trim_galore': {'order': 4003}, 'fastp': {'order': 4003}, 'fastqc_trimmed': {'order': 4002}, 'bbmap': {'order': 4001}, 'bowtie2_rrna': {'order': 4000}, 'fastqc_filtered': {'order': 3999}, 'star': {'order': 3000}, 'hisat2': {'order': 3000}, 'bowtie2_alignment': {'order': 3000}, 'samtools': {'order': 3000}, 'dupradar-module': {'order': 3000}, 'featurecounts_biotype': {'order': 3000}, 'picard': {'order': 3000}, 'preseq': {'order': 3000}, 'qualimap': {'order': 3000}, 'rseqc': {'order': 3000}, 'umitools': {'order': 3000}, 'rsem': {'order': 2000}, 'salmon': {'order': 2000}, 'kallisto': {'order': 2000}, 'sample-relationships': {'order': 1006}, 'star_salmon_deseq2_pca': {'order': 1005}, 'star_salmon_deseq2_clustering': {'order': 1004}, 'salmon_deseq2_pca': {'order': 1003}, 'salmon_deseq2_clustering': {'order': 1002}, 'star_rsem_deseq2_pca': {'order': 1001}, 'star_rsem_deseq2_clustering': {'order': 1000}, 'nf-core-rnaseq-methods-description': {'order': -1000}, 'software_versions': {'order': -1001}, 'nf-core-rnaseq-summary': {'order': -1002}}, 'export_plots': True, 'export_plots_timeout': 60, 'disable_version_detection': True, 'sample_names_replace_exact': True, 'use_filename_as_sample_name': ['sortmerna'], 'run_modules': ['custom_content', 'fastqc', 'cutadapt', 'trim_galore', 'fastp', 'seqkit', 'bbmap', 'sortmerna', 'bowtie2', 'star', 'hisat2', 'rsem', 'umitools', 'umicollapse', 'salmon', 'kallisto', 'samtools', 'picard', 'preseq', 'rseqc', 'qualimap', 'kraken', 'sylphtax'], 'module_order': [{'fastqc': {'anchor': 'fastqc_raw', 'name': 'FastQC (raw)', 'info': 'This section of the report shows FastQC results before adapter trimming.', 'path_filters': ['*_raw*fastqc.zip']}}, 'cutadapt', 'trim_galore', 'fastp', {'seqkit': {'name': 'SeqKit Stats (rRNA removal)', 'info': 'Read length statistics used by RiboDetector for rRNA removal.', 'path_filters': ['*.rrna_removal_stats.tsv']}}, {'fastqc': {'anchor': 'fastqc_trimmed', 'name': 'FastQC (trimmed)', 'info': 'This section of the report shows FastQC results after adapter trimming.', 'path_filters': ['*_trimmed*fastqc.zip']}}, {'bowtie2': {'anchor': 'bowtie2_rrna', 'name': 'Bowtie2 (rRNA removal)', 'info': 'This section shows Bowtie2 alignment statistics for rRNA removal. Reads were aligned against an rRNA reference to filter out ribosomal RNA contamination.', 'path_filters': ['*.bowtie2_rrna.bowtie2.log']}}, {'fastqc': {'anchor': 'fastqc_filtered', 'name': 'FastQC (filtered)', 'info': 'This section of the report shows FastQC results after contaminant removal (BBSplit) and/or ribosomal RNA removal.', 'path_filters': ['*_filtered*fastqc.zip']}}, {'bowtie2': {'anchor': 'bowtie2_alignment', 'name': 'Bowtie2 (alignment)', 'info': 'This section shows Bowtie2 alignment statistics when using Bowtie2 as the primary aligner (e.g. for prokaryotic RNA-seq).', 'path_filters_exclude': ['*.bowtie2_rrna.bowtie2.log']}}], 'table_columns_visible': {'FastQC (raw)': {'percent_duplicates': False}, 'FastQC (trimmed)': {'percent_duplicates': False}, 'FastQC (filtered)': {'percent_duplicates': False}}, 'table_columns_name': {'FastQC (raw)': {'percent_gc': 'GC (raw)', 'avg_sequence_length': 'Avg len (raw)', 'median_sequence_length': 'Median len (raw)', 'percent_fails': 'Failed (raw)', 'total_sequences': 'Seqs (raw)'}, 'FastQC (trimmed)': {'percent_gc': 'GC (trim)', 'avg_sequence_length': 'Avg len (trim)', 'median_sequence_length': 'Median len (trim)', 'percent_fails': 'Failed (trim)', 'total_sequences': 'Seqs (trim)'}, 'FastQC (filtered)': {'percent_gc': 'GC (filt)', 'avg_sequence_length': 'Avg len (filt)', 'median_sequence_length': 'Median len (filt)', 'percent_fails': 'Failed (filt)', 'total_sequences': 'Seqs (filt)'}}, 'fn_ignore_files': ['*umi_dedup.transcriptome.sorted.log'], 'custom_data': {'fail_trimmed_samples': {'section_name': 'WARNING: Fail Trimming Check', 'description': "List of samples that failed the minimum trimmed reads threshold specified via the '--min_trimmed_reads' parameter, and hence were ignored for the downstream processing steps.", 'plot_type': 'table', 'pconfig': {'id': 'fail_trimmed_samples_table', 'title': 'Samples failed trimming threshold', 'namespace': 'Samples failed trimming threshold'}}, 'fail_mapped_samples': {'section_name': 'WARNING: Fail Alignment Check', 'description': "List of samples that failed the STAR minimum mapped reads threshold specified via the '--min_mapped_reads' parameter, and hence were ignored for the downstream processing steps.", 'plot_type': 'table', 'pconfig': {'id': 'fail_mapped_samples_table', 'title': 'Samples failed mapping threshold', 'namespace': 'Samples failed mapping threshold'}}}}
[2026-09-29 17:54:26,933] multiqc.config                                     [DEBUG  ]  Added to filename patterns: [{'cutadapt': {'fn': '*trimming_report.txt'}, 'fastp': {'fn': '*.fastp.json'}, 'bbmap/bbsplit': {'fn': '*.stats.txt'}, 'sortmerna': {'fn': '*.sortmerna.log'}, 'bowtie2': {'fn': '*.bowtie2.log'}, 'hisat2': {'fn': '*.hisat2.summary.log'}, 'seqkit/stats': {'fn': '*.rrna_removal_stats.tsv'}, 'salmon/meta': {'fn': 'meta_info.json'}, 'preseq': {'fn': '*.lc_extrap.txt'}, 'samtools/stats': {'fn': '*.stats'}, 'samtools/flagstat': {'fn': '*.flagstat'}, 'samtools/idxstats': {'fn': '*.idxstats*'}, 'kraken': [{'fn': '*.kraken2.report.txt'}, {'fn': '*.kraken2.report_bracken.txt'}], 'sylphtax': [{'fn': '*.sylphmpa'}], 'umitools/extract': {'fn': '*.umi_extract.log'}, 'umitools/dedup': {'fn': '*.umi_dedup*.log'}, 'umicollapse': {'fn': '*_UMICollapse.log'}, 'rseqc/bam_stat': {'fn': '*.bam_stat.txt'}, 'rseqc/gene_body_coverage': {'skip': True}, 'rseqc/junction_annotation': {'fn': '*.junction_annotation.log'}, 'rseqc/read_gc': {'skip': True}, 'rseqc/read_distribution': {'fn': '*.read_distribution.txt'}, 'rseqc/infer_experiment': {'fn': '*.infer_experiment.txt'}, 'rseqc/tin': {'fn': '*.summary.txt'}, 'picard/markdups': {'fn': '*.MarkDuplicates.metrics.txt'}, 'picard/alignment_metrics': {'skip': True}, 'picard/basedistributionbycycle': {'skip': True}, 'picard/gcbias': {'skip': True}, 'picard/hsmetrics': {'skip': True}, 'picard/insertsize': {'skip': True}, 'picard/oxogmetrics': {'skip': True}, 'picard/pcr_metrics': {'skip': True}, 'picard/quality_by_cycle': {'skip': True}, 'picard/quality_score_distribution': {'skip': True}, 'picard/quality_yield_metrics': {'skip': True}, 'picard/rnaseqmetrics': {'skip': True}, 'picard/rrbs_metrics': {'skip': True}, 'picard/sam_file_validation': {'skip': True}, 'picard/variant_calling_metrics': {'skip': True}, 'picard/wgs_metrics': {'skip': True}}]
[2026-09-29 17:54:26,933] multiqc.config                                     [DEBUG  ]  Added to filename clean extensions: [['.sortmerna', '.umi_dedup', '_val', '.markdup', '_primary', '.namesorted', '.umi_extract', {'type': 'remove', 'pattern': '_raw'}, {'type': 'remove', 'pattern': '_trimmed'}, {'type': 'remove', 'pattern': '_filtered'}]]
[2026-09-29 17:54:27,100] multiqc.config                                     [INFO   ]  Loading config settings from: 2/multiqc_sample_merge.yml
[2026-09-29 17:54:27,100] multiqc.config                                     [DEBUG  ]  New config: {'table_sample_merge': {'Read 1': [{'type': 'regex', 'pattern': '(?<=^SRX19144479)_1$'}, {'type': 'regex', 'pattern': '(?<=^SRX19144480)_1$'}, {'type': 'regex', 'pattern': '(?<=^SRX19144481)_1$'}, {'type': 'regex', 'pattern': '(?<=^SRX19144482)_1$'}, {'type': 'regex', 'pattern': '(?<=^SRX19144483)_1$'}, {'type': 'regex', 'pattern': '(?<=^SRX19144484)_1$'}, {'type': 'regex', 'pattern': '(?<=^SRX19144485)_1$'}, {'type': 'regex', 'pattern': '(?<=^SRX19144486)_1$'}, {'type': 'regex', 'pattern': '(?<=^SRX19144487)_1$'}, {'type': 'regex', 'pattern': '(?<=^SRX19144488)_1$'}, {'type': 'regex', 'pattern': '(?<=^SRX19144489)_1$'}, {'type': 'regex', 'pattern': '(?<=^SRX19144490)_1$'}, {'type': 'regex', 'pattern': '(?<=^SRX19144491)_1$'}, {'type': 'regex', 'pattern': '(?<=^SRX19144492)_1$'}, {'type': 'regex', 'pattern': '(?<=^SRX19144493)_1$'}, {'type': 'regex', 'pattern': '(?<=^SRX19144494)_1$'}], 'Read 2': [{'type': 'regex', 'pattern': '(?<=^SRX19144479)_2$'}, {'type': 'regex', 'pattern': '(?<=^SRX19144480)_2$'}, {'type': 'regex', 'pattern': '(?<=^SRX19144481)_2$'}, {'type': 'regex', 'pattern': '(?<=^SRX19144482)_2$'}, {'type': 'regex', 'pattern': '(?<=^SRX19144483)_2$'}, {'type': 'regex', 'pattern': '(?<=^SRX19144484)_2$'}, {'type': 'regex', 'pattern': '(?<=^SRX19144485)_2$'}, {'type': 'regex', 'pattern': '(?<=^SRX19144486)_2$'}, {'type': 'regex', 'pattern': '(?<=^SRX19144487)_2$'}, {'type': 'regex', 'pattern': '(?<=^SRX19144488)_2$'}, {'type': 'regex', 'pattern': '(?<=^SRX19144489)_2$'}, {'type': 'regex', 'pattern': '(?<=^SRX19144490)_2$'}, {'type': 'regex', 'pattern': '(?<=^SRX19144491)_2$'}, {'type': 'regex', 'pattern': '(?<=^SRX19144492)_2$'}, {'type': 'regex', 'pattern': '(?<=^SRX19144493)_2$'}, {'type': 'regex', 'pattern': '(?<=^SRX19144494)_2$'}]}}
[2026-09-29 17:54:27,100] multiqc.config                                     [DEBUG  ]  Loading sample replace config settings from: name_replacement.txt
[2026-09-29 17:54:27,101] multiqc.config                                     [DEBUG  ]  Found 32 sample replacing patterns
[2026-09-29 17:54:27,105] urllib3.connectionpool                             [DEBUG  ]  Starting new HTTPS connection (1): api.multiqc.info:443
[2026-09-29 17:54:27,193] urllib3.connectionpool                             [DEBUG  ]  https://api.multiqc.info:443 "GET /version?version_multiqc=1.35&version_python=3.14.5&operating_system=Linux&is_docker=False&is_singularity=True&is_conda=True&is_uv=False&is_ci=False&is_notebook=False&ai_summary=False&ai_summary_full=False&ai_provider=seqera HTTP/1.1" 200 178
[2026-09-29 17:54:27,193] multiqc.core.version_check                         [DEBUG  ]  Latest MultiQC version is v1.35, released 2026-05-13
[2026-09-29 17:54:27,194] multiqc.multiqc                                    [DEBUG  ]  Working dir : /tmp/nahfl959-3882795/nxf.FrSQKQP1KV
[2026-09-29 17:54:27,194] multiqc.multiqc                                    [DEBUG  ]  Template    : default
[2026-09-29 17:54:27,195] multiqc.multiqc                                    [DEBUG  ]  Command used: /opt/wave/.pixi/envs/default/bin/multiqc --force --config 1/multiqc_config.yml --config 2/multiqc_sample_merge.yml --filename multiqc_report.html --replace-names name_replacement.txt .
[2026-09-29 17:54:27,195] multiqc.core.file_search                           [INFO   ]  Search path: /tmp/nahfl959-3882795/nxf.FrSQKQP1KV
[2026-09-29 17:54:27,196] multiqc.core.file_search                           [INFO   ]  Only using modules: bbmap, custom_content, hisat2, kallisto, kraken, picard, preseq, qualimap, rsem, rseqc, salmon, samtools, sortmerna, star, sylphtax, umicollapse, umitools, fastqc, cutadapt, trim_galore, fastp, seqkit, fastqc, bowtie2, fastqc, bowtie2
[2026-09-29 17:54:27,196] multiqc.core.file_search                           [DEBUG  ]  Analysing modules: bbmap, custom_content, hisat2, kallisto, kraken, picard, preseq, qualimap, rsem, rseqc, salmon, samtools, sortmerna, star, sylphtax, umicollapse, umitools, fastqc, cutadapt, trim_galore, fastp, seqkit, fastqc, bowtie2, fastqc, bowtie2
[2026-09-29 17:54:27,196] multiqc.core.file_search                           [DEBUG  ]  Search keys: bbmap, bowtie2, bowtie2, custom_content, cutadapt, fail_mapped_samples, fail_trimmed_samples, fastp, fastqc, fastqc, fastqc, hisat2, kallisto, kraken, multiqc_data, picard, preseq, qualimap, rsem, rseqc, salmon, samtools, seqkit, software_versions, sortmerna, star, sylphtax, trim_galore, umicollapse, umitools
[2026-09-29 17:54:27,198] multiqc.report                                     [DEBUG  ]  Ignored 310 search patterns that didn't match running modules
[2026-09-29 17:54:27,198] multiqc.report                                     [INFO   ]  Skipping 5 file search patterns
[2026-09-29 17:54:27,198] multiqc.report                                     [DEBUG  ]  Skipping search patterns: picard/basedistributionbycycle, picard/sam_file_validation, picard/variant_calling_metrics, rseqc/gene_body_coverage, rseqc/read_gc
[2026-09-29 17:54:28,145] multiqc.report                                     [DEBUG  ]  Summary of files that were skipped by the search: |skipped_module_specific_max_filesize: 32|, |skipped_no_match: 502|
[2026-09-29 17:54:28,147] multiqc.core.exec_modules                          [DEBUG  ]  Running module: custom_content
[2026-09-29 17:54:28,502] multiqc.plots.plot                                 [DEBUG  ]  merge_with_previous for featurecounts_biotype_plot: found old_data = False
[2026-09-29 17:54:28,502] multiqc.plots.plot                                 [DEBUG  ]  merge_with_previous for featurecounts_biotype_plot: no old data or empty, using new data only
[2026-09-29 17:54:28,766] multiqc.report                                     [DEBUG  ]  Wrote data file multiqc_featurecounts_biotype_plot.txt
[2026-09-29 17:54:28,767] multiqc.report                                     [DEBUG  ]  Wrote data file multiqc_featurecounts_biotype_plot.json
[2026-09-29 17:54:28,767] multiqc.core.special_case_modules.custom_content   [INFO   ]  biotype_counts: Found 1 samples (PlotType.BAR)
[2026-09-29 17:54:28,838] multiqc.validation                                 [WARNING]  warnings while parsing lineplot.pconfig[id='dupradar'].x_lines {color: green, dash: longdash, label: {text: 0.5 RPKM}, value: 0.5, width: 1} (total messages: 2):
• 'dash': 'LongDash' is a deprecated dash style, use 'longdash'
• 'label': Line plot's x_lines or y_lines 'label' field is expected to be a string. Other fields other than 'text' are deprecated and will be ignored
[2026-09-29 17:54:28,839] multiqc.validation                                 [WARNING]  warnings while parsing lineplot.pconfig[id='dupradar'].x_lines {color: red, dash: longdash, label: {text: 1 read/bp}, value: 1000, width: 1} (total messages: 2):
• 'dash': 'LongDash' is a deprecated dash style, use 'longdash'
• 'label': Line plot's x_lines or y_lines 'label' field is expected to be a string. Other fields other than 'text' are deprecated and will be ignored
[2026-09-29 17:54:28,865] multiqc.plots.plot                                 [DEBUG  ]  merge_with_previous for dupradar-section-plot: found old_data = False
[2026-09-29 17:54:28,865] multiqc.plots.plot                                 [DEBUG  ]  merge_with_previous for dupradar-section-plot: no old data or empty, using new data only
[2026-09-29 17:54:28,940] multiqc.report                                     [DEBUG  ]  Wrote data file multiqc_dupradar.txt
[2026-09-29 17:54:28,991] multiqc.report                                     [DEBUG  ]  Wrote data file multiqc_dupradar.json
[2026-09-29 17:54:28,991] multiqc.core.special_case_modules.custom_content   [INFO   ]  dupradar: Found 1 samples (PlotType.LINE)
[2026-09-29 17:54:28,991] multiqc.core.special_case_modules.custom_content   [INFO   ]  DupInt: Found 16 General Statistics columns
[2026-09-29 17:54:28,993] multiqc.core.special_case_modules.custom_content   [INFO   ]  nf-core-rnaseq-methods-description: Found 1 sample (html)
[2026-09-29 17:54:28,994] multiqc.plots.plot                                 [DEBUG  ]  merge_with_previous for star_salmon_deseq2_clustering-plot: found old_data = False
[2026-09-29 17:54:28,994] multiqc.plots.plot                                 [DEBUG  ]  merge_with_previous for star_salmon_deseq2_clustering-plot: no old data or empty, using new data only
[2026-09-29 17:54:29,008] multiqc.report                                     [DEBUG  ]  Wrote data file multiqc_star_salmon_deseq2_clustering.txt
[2026-09-29 17:54:29,009] multiqc.report                                     [DEBUG  ]  Wrote data file multiqc_star_salmon_deseq2_clustering.json
[2026-09-29 17:54:29,009] multiqc.core.special_case_modules.custom_content   [INFO   ]  star_salmon_deseq2_clustering: Found 16 samples (PlotType.HEATMAP)
[2026-09-29 17:54:29,009] multiqc.plots.plot                                 [DEBUG  ]  merge_with_previous for star_salmon_deseq2_pca-plot: found old_data = False
[2026-09-29 17:54:29,009] multiqc.plots.plot                                 [DEBUG  ]  merge_with_previous for star_salmon_deseq2_pca-plot: no old data or empty, using new data only
[2026-09-29 17:54:29,013] multiqc.report                                     [DEBUG  ]  Wrote data file multiqc_star_salmon_deseq2_pca.txt
[2026-09-29 17:54:29,014] multiqc.report                                     [DEBUG  ]  Wrote data file multiqc_star_salmon_deseq2_pca.json
[2026-09-29 17:54:29,014] multiqc.core.special_case_modules.custom_content   [INFO   ]  star_salmon_deseq2_pca: Found 16 samples (PlotType.SCATTER)
[2026-09-29 17:54:29,017] multiqc.plots.plot                                 [DEBUG  ]  merge_with_previous for strand_check_summary_table: found old_data = False
[2026-09-29 17:54:29,017] multiqc.plots.plot                                 [DEBUG  ]  merge_with_previous for strand_check_summary_table: no old data or empty, using new data only
[2026-09-29 17:54:29,053] multiqc.report                                     [DEBUG  ]  Wrote data file multiqc_strand_check_summary_table.txt
[2026-09-29 17:54:29,053] multiqc.report                                     [DEBUG  ]  Wrote data file multiqc_strand_check_summary_table.json
[2026-09-29 17:54:29,054] multiqc.core.special_case_modules.custom_content   [INFO   ]  strand_check_summary: Found 16 samples (PlotType.TABLE)
[2026-09-29 17:54:29,055] multiqc.plots.plot                                 [DEBUG  ]  merge_with_previous for strand_check_composition_bargraph: found old_data = False
[2026-09-29 17:54:29,055] multiqc.plots.plot                                 [DEBUG  ]  merge_with_previous for strand_check_composition_bargraph: no old data or empty, using new data only
[2026-09-29 17:54:29,061] multiqc.report                                     [DEBUG  ]  Wrote data file multiqc_strand_check_composition_bargraph.txt
[2026-09-29 17:54:29,062] multiqc.report                                     [DEBUG  ]  Wrote data file multiqc_strand_check_composition_bargraph.json
[2026-09-29 17:54:29,062] multiqc.report                                     [DEBUG  ]  Wrote data file multiqc_strand_check_composition_bargraph_1.txt
[2026-09-29 17:54:29,062] multiqc.report                                     [DEBUG  ]  Wrote data file multiqc_strand_check_composition_bargraph_1.json
[2026-09-29 17:54:29,062] multiqc.core.special_case_modules.custom_content   [INFO   ]  strand_check_composition: Found 2 samples (PlotType.BAR)
[2026-09-29 17:54:29,063] multiqc.core.special_case_modules.custom_content   [INFO   ]  nf-core-rnaseq-summary: Found 1 sample (html)
[2026-09-29 17:54:29,064] multiqc.core.exec_modules                          [DEBUG  ]  Running module: picard
[2026-09-29 17:54:29,090] multiqc.modules.picard.picard                      [DEBUG  ]  Running picard tool AlignmentSummaryMetrics
[2026-09-29 17:54:29,090] multiqc.modules.picard.picard                      [DEBUG  ]  Running picard tool BaseDistributionByCycleMetrics
[2026-09-29 17:54:29,090] multiqc.modules.picard.picard                      [DEBUG  ]  Running picard tool IlluminaBasecallingMetrics
[2026-09-29 17:54:29,090] multiqc.modules.picard.picard                      [DEBUG  ]  Running picard tool IlluminaLaneMetrics
[2026-09-29 17:54:29,090] multiqc.modules.picard.picard                      [DEBUG  ]  Running picard tool CrosscheckFingerprints
[2026-09-29 17:54:29,090] multiqc.modules.picard.picard                      [DEBUG  ]  Running picard tool ExtractIlluminaBarcodes
[2026-09-29 17:54:29,090] multiqc.modules.picard.picard                      [DEBUG  ]  Running picard tool GcBiasMetrics
[2026-09-29 17:54:29,090] multiqc.modules.picard.picard                      [DEBUG  ]  Running picard tool HsMetrics
[2026-09-29 17:54:29,090] multiqc.modules.picard.picard                      [DEBUG  ]  Running picard tool InsertSizeMetrics
[2026-09-29 17:54:29,091] multiqc.modules.picard.picard                      [DEBUG  ]  Running picard tool MarkDuplicates
[2026-09-29 17:54:29,106] multiqc.report                                     [DEBUG  ]  Wrote data file multiqc_picard_dups.txt
[2026-09-29 17:54:29,107] multiqc.report                                     [DEBUG  ]  Wrote data file multiqc_picard_dups.json
[2026-09-29 17:54:29,108] multiqc.plots.plot                                 [DEBUG  ]  merge_with_previous for picard_deduplication: found old_data = False
[2026-09-29 17:54:29,108] multiqc.plots.plot                                 [DEBUG  ]  merge_with_previous for picard_deduplication: no old data or empty, using new data only
[2026-09-29 17:54:29,114] multiqc.modules.picard.picard                      [INFO   ]  Found 16 MarkDuplicates reports
[2026-09-29 17:54:29,114] multiqc.modules.picard.picard                      [DEBUG  ]  Running picard tool MarkIlluminaAdapters
[2026-09-29 17:54:29,115] multiqc.report                                     [DEBUG  ]  Wrote data file picard_MarkIlluminaAdapters_histogram.txt
[2026-09-29 17:54:29,115] multiqc.report                                     [DEBUG  ]  Wrote data file picard_MarkIlluminaAdapters_histogram.json
[2026-09-29 17:54:29,115] multiqc.modules.picard.picard                      [DEBUG  ]  Running picard tool OxoGMetrics
[2026-09-29 17:54:29,115] multiqc.modules.picard.picard                      [DEBUG  ]  Running picard tool QualityByCycleMetrics
[2026-09-29 17:54:29,115] multiqc.report                                     [DEBUG  ]  Wrote data file picard_MeanQualityByCycle_histogram.txt
[2026-09-29 17:54:29,115] multiqc.report                                     [DEBUG  ]  Wrote data file picard_MeanQualityByCycle_histogram.json
[2026-09-29 17:54:29,115] multiqc.report                                     [DEBUG  ]  Wrote data file picard_MeanQualityByCycle_histogram_1.txt
[2026-09-29 17:54:29,116] multiqc.report                                     [DEBUG  ]  Wrote data file picard_MeanQualityByCycle_histogram_1.json
[2026-09-29 17:54:29,116] multiqc.modules.picard.picard                      [DEBUG  ]  Running picard tool QualityScoreDistributionMetrics
[2026-09-29 17:54:29,116] multiqc.report                                     [DEBUG  ]  Wrote data file picard_QualityScoreDistribution_histogram.txt
[2026-09-29 17:54:29,116] multiqc.report                                     [DEBUG  ]  Wrote data file picard_QualityScoreDistribution_histogram.json
[2026-09-29 17:54:29,116] multiqc.modules.picard.picard                      [DEBUG  ]  Running picard tool QualityYieldMetrics
[2026-09-29 17:54:29,116] multiqc.modules.picard.picard                      [DEBUG  ]  Running picard tool RnaSeqMetrics
[2026-09-29 17:54:29,116] multiqc.modules.picard.picard                      [DEBUG  ]  Running picard tool RrbsSummaryMetrics
[2026-09-29 17:54:29,116] multiqc.modules.picard.picard                      [DEBUG  ]  Running picard tool TargetedPcrMetrics
[2026-09-29 17:54:29,116] multiqc.modules.picard.picard                      [DEBUG  ]  Running picard tool ValidateSamFile
[2026-09-29 17:54:29,116] multiqc.modules.picard.picard                      [DEBUG  ]  Running picard tool VariantCallingMetrics
[2026-09-29 17:54:29,116] multiqc.modules.picard.picard                      [DEBUG  ]  Running picard tool WgsMetrics
[2026-09-29 17:54:29,116] multiqc.base_module                                [DEBUG  ]  picard: deleting attribute self.general_stats_headers
[2026-09-29 17:54:29,116] multiqc.base_module                                [DEBUG  ]  picard: deleting attribute self.general_stats_data
[2026-09-29 17:54:29,116] multiqc.base_module                                [DEBUG  ]  picard: deleting attribute self.samples_parsed_by_tool
[2026-09-29 17:54:29,116] multiqc.core.exec_modules                          [DEBUG  ]  Running module: qualimap
[2026-09-29 17:54:29,161] multiqc.report                                     [DEBUG  ]  Wrote data file qualimap_rnaseq_genome_results.txt
[2026-09-29 17:54:29,162] multiqc.report                                     [DEBUG  ]  Wrote data file qualimap_rnaseq_genome_results.json
[2026-09-29 17:54:29,162] multiqc.plots.plot                                 [DEBUG  ]  merge_with_previous for qualimap_genomic_origin: found old_data = False
[2026-09-29 17:54:29,162] multiqc.plots.plot                                 [DEBUG  ]  merge_with_previous for qualimap_genomic_origin: no old data or empty, using new data only
[2026-09-29 17:54:29,170] multiqc.report                                     [DEBUG  ]  Wrote data file qualimap_rnaseq_cov_hist.txt
[2026-09-29 17:54:29,172] multiqc.report                                     [DEBUG  ]  Wrote data file qualimap_rnaseq_cov_hist.json
[2026-09-29 17:54:29,178] multiqc.plots.plot                                 [DEBUG  ]  merge_with_previous for qualimap_gene_coverage_profile: found old_data = False
[2026-09-29 17:54:29,178] multiqc.plots.plot                                 [DEBUG  ]  merge_with_previous for qualimap_gene_coverage_profile: no old data or empty, using new data only
[2026-09-29 17:54:29,187] multiqc.modules.qualimap.qualimap                  [INFO   ]  Found 16 RNASeq reports
[2026-09-29 17:54:29,187] multiqc.core.exec_modules                          [DEBUG  ]  Running module: rseqc
[2026-09-29 17:54:29,201] multiqc.report                                     [DEBUG  ]  Wrote data file multiqc_rseqc_read_distribution.txt
[2026-09-29 17:54:29,202] multiqc.report                                     [DEBUG  ]  Wrote data file multiqc_rseqc_read_distribution.json
[2026-09-29 17:54:29,202] multiqc.plots.plot                                 [DEBUG  ]  merge_with_previous for rseqc_read_distribution_plot: found old_data = False
[2026-09-29 17:54:29,202] multiqc.plots.plot                                 [DEBUG  ]  merge_with_previous for rseqc_read_distribution_plot: no old data or empty, using new data only
[2026-09-29 17:54:29,208] multiqc.modules.rseqc.rseqc                        [INFO   ]  Found 16 read_distribution reports
[2026-09-29 17:54:29,221] multiqc.report                                     [DEBUG  ]  Wrote data file rseqc_inner_distance.txt
[2026-09-29 17:54:29,223] multiqc.report                                     [DEBUG  ]  Wrote data file rseqc_inner_distance.json
[2026-09-29 17:54:29,229] multiqc.plots.plot                                 [DEBUG  ]  merge_with_previous for rseqc_inner_distance_plot: found old_data = False
[2026-09-29 17:54:29,229] multiqc.plots.plot                                 [DEBUG  ]  merge_with_previous for rseqc_inner_distance_plot: no old data or empty, using new data only
[2026-09-29 17:54:29,237] multiqc.modules.rseqc.rseqc                        [INFO   ]  Found 16 inner_distance reports
[2026-09-29 17:54:29,254] multiqc.report                                     [DEBUG  ]  Wrote data file rseqc_read_dups.txt
[2026-09-29 17:54:29,259] multiqc.report                                     [DEBUG  ]  Wrote data file rseqc_read_dups.json
[2026-09-29 17:54:29,263] multiqc.plots.plot                                 [DEBUG  ]  merge_with_previous for rseqc_read_dups_plot: found old_data = False
[2026-09-29 17:54:29,263] multiqc.plots.plot                                 [DEBUG  ]  merge_with_previous for rseqc_read_dups_plot: no old data or empty, using new data only
[2026-09-29 17:54:29,271] multiqc.modules.rseqc.rseqc                        [INFO   ]  Found 16 read_duplication reports
[2026-09-29 17:54:29,280] multiqc.report                                     [DEBUG  ]  Wrote data file multiqc_rseqc_junction_annotation.txt
[2026-09-29 17:54:29,281] multiqc.report                                     [DEBUG  ]  Wrote data file multiqc_rseqc_junction_annotation.json
[2026-09-29 17:54:29,281] multiqc.plots.plot                                 [DEBUG  ]  merge_with_previous for rseqc_junction_annotation_junctions_plot: found old_data = False
[2026-09-29 17:54:29,281] multiqc.plots.plot                                 [DEBUG  ]  merge_with_previous for rseqc_junction_annotation_junctions_plot: no old data or empty, using new data only
[2026-09-29 17:54:29,287] multiqc.modules.rseqc.rseqc                        [INFO   ]  Found 16 junction_annotation reports
[2026-09-29 17:54:29,300] multiqc.report                                     [DEBUG  ]  Wrote data file rseqc_junction_saturation_all.txt
[2026-09-29 17:54:29,301] multiqc.report                                     [DEBUG  ]  Wrote data file rseqc_junction_saturation_all.json
[2026-09-29 17:54:29,301] multiqc.report                                     [DEBUG  ]  Wrote data file junction_saturation_known.txt
[2026-09-29 17:54:29,301] multiqc.report                                     [DEBUG  ]  Wrote data file junction_saturation_known.json
[2026-09-29 17:54:29,302] multiqc.report                                     [DEBUG  ]  Wrote data file junction_saturation_novel.txt
[2026-09-29 17:54:29,302] multiqc.report                                     [DEBUG  ]  Wrote data file junction_saturation_novel.json
[2026-09-29 17:54:29,308] multiqc.plots.plot                                 [DEBUG  ]  merge_with_previous for rseqc_junction_saturation_plot: found old_data = False
[2026-09-29 17:54:29,308] multiqc.plots.plot                                 [DEBUG  ]  merge_with_previous for rseqc_junction_saturation_plot: no old data or empty, using new data only
[2026-09-29 17:54:29,314] multiqc.modules.rseqc.rseqc                        [INFO   ]  Found 16 junction_saturation reports
[2026-09-29 17:54:29,323] multiqc.report                                     [DEBUG  ]  Wrote data file multiqc_rseqc_infer_experiment.txt
[2026-09-29 17:54:29,323] multiqc.report                                     [DEBUG  ]  Wrote data file multiqc_rseqc_infer_experiment.json
[2026-09-29 17:54:29,324] multiqc.plots.plot                                 [DEBUG  ]  merge_with_previous for rseqc_infer_experiment_plot: found old_data = False
[2026-09-29 17:54:29,324] multiqc.plots.plot                                 [DEBUG  ]  merge_with_previous for rseqc_infer_experiment_plot: no old data or empty, using new data only
[2026-09-29 17:54:29,329] multiqc.modules.rseqc.rseqc                        [INFO   ]  Found 16 infer_experiment reports
[2026-09-29 17:54:29,339] multiqc.report                                     [DEBUG  ]  Wrote data file multiqc_rseqc_bam_stat.txt
[2026-09-29 17:54:29,340] multiqc.report                                     [DEBUG  ]  Wrote data file multiqc_rseqc_bam_stat.json
[2026-09-29 17:54:29,341] multiqc.plots.table_object                         [DEBUG  ]  Table key 'mapq_lt_mapq_cut_non' not found in data for 'rseqc_bam_stat'. Skipping. Check for possible typos between data keys and header keys
[2026-09-29 17:54:29,343] multiqc.plots.plot                                 [DEBUG  ]  merge_with_previous for rseqc_bam_stat: found old_data = False
[2026-09-29 17:54:29,344] multiqc.plots.plot                                 [DEBUG  ]  merge_with_previous for rseqc_bam_stat: no old data or empty, using new data only
[2026-09-29 17:54:29,352] multiqc.modules.rseqc.rseqc                        [INFO   ]  Found 16 bam_stat reports
[2026-09-29 17:54:29,353] multiqc.core.exec_modules                          [DEBUG  ]  Running module: samtools
[2026-09-29 17:54:29,438] multiqc.plots.plot                                 [DEBUG  ]  merge_with_previous for samtools_alignment_plot: found old_data = False
[2026-09-29 17:54:29,438] multiqc.plots.plot                                 [DEBUG  ]  merge_with_previous for samtools_alignment_plot: no old data or empty, using new data only
[2026-09-29 17:54:29,491] multiqc.plots.plot                                 [DEBUG  ]  merge_with_previous for samtools_insert_size: found old_data = False
[2026-09-29 17:54:29,491] multiqc.plots.plot                                 [DEBUG  ]  merge_with_previous for samtools_insert_size: no old data or empty, using new data only
[2026-09-29 17:54:29,507] multiqc.plots.plot                                 [DEBUG  ]  merge_with_previous for samtools-stats-dp: found old_data = False
[2026-09-29 17:54:29,507] multiqc.plots.plot                                 [DEBUG  ]  merge_with_previous for samtools-stats-dp: no old data or empty, using new data only
[2026-09-29 17:54:29,516] multiqc.report                                     [DEBUG  ]  Wrote data file multiqc_samtools_stats.txt
[2026-09-29 17:54:29,517] multiqc.report                                     [DEBUG  ]  Wrote data file multiqc_samtools_stats.json
[2026-09-29 17:54:29,519] multiqc.modules.samtools.samtools                  [INFO   ]  Found 16 stats reports
[2026-09-29 17:54:29,533] multiqc.plots.plot                                 [DEBUG  ]  merge_with_previous for samtools-flagstat-table: found old_data = False
[2026-09-29 17:54:29,533] multiqc.plots.plot                                 [DEBUG  ]  merge_with_previous for samtools-flagstat-table: no old data or empty, using new data only
[2026-09-29 17:54:29,543] multiqc.plots.plot                                 [DEBUG  ]  merge_with_previous for samtools-flagstat-pct-table: found old_data = False
[2026-09-29 17:54:29,543] multiqc.plots.plot                                 [DEBUG  ]  merge_with_previous for samtools-flagstat-pct-table: no old data or empty, using new data only
[2026-09-29 17:54:29,552] multiqc.report                                     [DEBUG  ]  Wrote data file multiqc_samtools_flagstat.txt
[2026-09-29 17:54:29,553] multiqc.report                                     [DEBUG  ]  Wrote data file multiqc_samtools_flagstat.json
[2026-09-29 17:54:29,553] multiqc.modules.samtools.samtools                  [INFO   ]  Found 16 flagstat reports
[2026-09-29 17:54:29,565] multiqc.plots.plot                                 [DEBUG  ]  merge_with_previous for samtools-idxstats-xy-plot: found old_data = False
[2026-09-29 17:54:29,565] multiqc.plots.plot                                 [DEBUG  ]  merge_with_previous for samtools-idxstats-xy-plot: no old data or empty, using new data only
[2026-09-29 17:54:29,575] multiqc.plots.plot                                 [DEBUG  ]  merge_with_previous for samtools-idxstats-mapped-reads-plot: found old_data = False
[2026-09-29 17:54:29,575] multiqc.plots.plot                                 [DEBUG  ]  merge_with_previous for samtools-idxstats-mapped-reads-plot: no old data or empty, using new data only
[2026-09-29 17:54:29,581] multiqc.report                                     [DEBUG  ]  Wrote data file multiqc_samtools_idxstats.txt
[2026-09-29 17:54:29,582] multiqc.report                                     [DEBUG  ]  Wrote data file multiqc_samtools_idxstats.json
[2026-09-29 17:54:29,582] multiqc.modules.samtools.samtools                  [INFO   ]  Found 16 idxstats reports
[2026-09-29 17:54:29,583] multiqc.base_module                                [DEBUG  ]  samtools: deleting attribute self.samtools_idxstats
[2026-09-29 17:54:29,583] multiqc.core.exec_modules                          [DEBUG  ]  Running module: star
[2026-09-29 17:54:29,612] multiqc.modules.star.star                          [INFO   ]  Found 16 reports
[2026-09-29 17:54:29,612] multiqc.report                                     [DEBUG  ]  Wrote data file multiqc_star.txt
[2026-09-29 17:54:29,613] multiqc.report                                     [DEBUG  ]  Wrote data file multiqc_star.json
[2026-09-29 17:54:29,617] multiqc.plots.plot                                 [DEBUG  ]  merge_with_previous for star_summary_table: found old_data = False
[2026-09-29 17:54:29,617] multiqc.plots.plot                                 [DEBUG  ]  merge_with_previous for star_summary_table: no old data or empty, using new data only
[2026-09-29 17:54:29,628] multiqc.plots.plot                                 [DEBUG  ]  merge_with_previous for star_alignment_plot: found old_data = False
[2026-09-29 17:54:29,628] multiqc.plots.plot                                 [DEBUG  ]  merge_with_previous for star_alignment_plot: no old data or empty, using new data only
[2026-09-29 17:54:29,633] multiqc.core.exec_modules                          [DEBUG  ]  Running module: fastqc
[2026-09-29 17:54:29,646] multiqc.base_module                                [DEBUG  ]  fastqc/zip - Selecting '41/SRX19144479_raw_1_fastqc.zip' as it matched the path_filters for 'FastQC (raw)'
[2026-09-29 17:54:29,650] multiqc.base_module                                [DEBUG  ]  fastqc/zip - Skipping '105/SRX19144479_trimmed_1_val_1_fastqc.zip' as it didn't match the path_filters for 'FastQC (raw)'
[2026-09-29 17:54:29,650] multiqc.base_module                                [DEBUG  ]  fastqc/zip - Skipping '106/SRX19144479_trimmed_2_val_2_fastqc.zip' as it didn't match the path_filters for 'FastQC (raw)'
[2026-09-29 17:54:29,650] multiqc.base_module                                [DEBUG  ]  fastqc/zip - Selecting '42/SRX19144479_raw_2_fastqc.zip' as it matched the path_filters for 'FastQC (raw)'
[2026-09-29 17:54:29,654] multiqc.base_module                                [DEBUG  ]  fastqc/zip - Skipping '57/SRX19144480_trimmed_1_val_1_fastqc.zip' as it didn't match the path_filters for 'FastQC (raw)'
[2026-09-29 17:54:29,654] multiqc.base_module                                [DEBUG  ]  fastqc/zip - Selecting '11/SRX19144480_raw_1_fastqc.zip' as it matched the path_filters for 'FastQC (raw)'
[2026-09-29 17:54:29,659] multiqc.base_module                                [DEBUG  ]  fastqc/zip - Skipping '58/SRX19144480_trimmed_2_val_2_fastqc.zip' as it didn't match the path_filters for 'FastQC (raw)'
[2026-09-29 17:54:29,659] multiqc.base_module                                [DEBUG  ]  fastqc/zip - Selecting '12/SRX19144480_raw_2_fastqc.zip' as it matched the path_filters for 'FastQC (raw)'
[2026-09-29 17:54:29,663] multiqc.base_module                                [DEBUG  ]  fastqc/zip - Selecting '29/SRX19144481_raw_1_fastqc.zip' as it matched the path_filters for 'FastQC (raw)'
[2026-09-29 17:54:29,667] multiqc.base_module                                [DEBUG  ]  fastqc/zip - Skipping '99/SRX19144481_trimmed_1_val_1_fastqc.zip' as it didn't match the path_filters for 'FastQC (raw)'
[2026-09-29 17:54:29,667] multiqc.base_module                                [DEBUG  ]  fastqc/zip - Skipping '100/SRX19144481_trimmed_2_val_2_fastqc.zip' as it didn't match the path_filters for 'FastQC (raw)'
[2026-09-29 17:54:29,667] multiqc.base_module                                [DEBUG  ]  fastqc/zip - Selecting '30/SRX19144481_raw_2_fastqc.zip' as it matched the path_filters for 'FastQC (raw)'
[2026-09-29 17:54:29,671] multiqc.base_module                                [DEBUG  ]  fastqc/zip - Selecting '9/SRX19144482_raw_1_fastqc.zip' as it matched the path_filters for 'FastQC (raw)'
[2026-09-29 17:54:29,675] multiqc.base_module                                [DEBUG  ]  fastqc/zip - Skipping '51/SRX19144482_trimmed_1_val_1_fastqc.zip' as it didn't match the path_filters for 'FastQC (raw)'
[2026-09-29 17:54:29,675] multiqc.base_module                                [DEBUG  ]  fastqc/zip - Skipping '52/SRX19144482_trimmed_2_val_2_fastqc.zip' as it didn't match the path_filters for 'FastQC (raw)'
[2026-09-29 17:54:29,675] multiqc.base_module                                [DEBUG  ]  fastqc/zip - Selecting '10/SRX19144482_raw_2_fastqc.zip' as it matched the path_filters for 'FastQC (raw)'
[2026-09-29 17:54:29,679] multiqc.base_module                                [DEBUG  ]  fastqc/zip - Skipping '117/SRX19144483_trimmed_1_val_1_fastqc.zip' as it didn't match the path_filters for 'FastQC (raw)'
[2026-09-29 17:54:29,679] multiqc.base_module                                [DEBUG  ]  fastqc/zip - Selecting '45/SRX19144483_raw_1_fastqc.zip' as it matched the path_filters for 'FastQC (raw)'
[2026-09-29 17:54:29,683] multiqc.base_module                                [DEBUG  ]  fastqc/zip - Selecting '46/SRX19144483_raw_2_fastqc.zip' as it matched the path_filters for 'FastQC (raw)'
[2026-09-29 17:54:29,687] multiqc.base_module                                [DEBUG  ]  fastqc/zip - Skipping '118/SRX19144483_trimmed_2_val_2_fastqc.zip' as it didn't match the path_filters for 'FastQC (raw)'
[2026-09-29 17:54:29,687] multiqc.base_module                                [DEBUG  ]  fastqc/zip - Skipping '69/SRX19144484_trimmed_1_val_1_fastqc.zip' as it didn't match the path_filters for 'FastQC (raw)'
[2026-09-29 17:54:29,687] multiqc.base_module                                [DEBUG  ]  fastqc/zip - Selecting '25/SRX19144484_raw_1_fastqc.zip' as it matched the path_filters for 'FastQC (raw)'
[2026-09-29 17:54:29,691] multiqc.base_module                                [DEBUG  ]  fastqc/zip - Selecting '26/SRX19144484_raw_2_fastqc.zip' as it matched the path_filters for 'FastQC (raw)'
[2026-09-29 17:54:29,695] multiqc.base_module                                [DEBUG  ]  fastqc/zip - Skipping '70/SRX19144484_trimmed_2_val_2_fastqc.zip' as it didn't match the path_filters for 'FastQC (raw)'
[2026-09-29 17:54:29,695] multiqc.base_module                                [DEBUG  ]  fastqc/zip - Selecting '33/SRX19144485_raw_1_fastqc.zip' as it matched the path_filters for 'FastQC (raw)'
[2026-09-29 17:54:29,699] multiqc.base_module                                [DEBUG  ]  fastqc/zip - Skipping '129/SRX19144485_trimmed_1_val_1_fastqc.zip' as it didn't match the path_filters for 'FastQC (raw)'
[2026-09-29 17:54:29,699] multiqc.base_module                                [DEBUG  ]  fastqc/zip - Selecting '34/SRX19144485_raw_2_fastqc.zip' as it matched the path_filters for 'FastQC (raw)'
[2026-09-29 17:54:29,703] multiqc.base_module                                [DEBUG  ]  fastqc/zip - Skipping '130/SRX19144485_trimmed_2_val_2_fastqc.zip' as it didn't match the path_filters for 'FastQC (raw)'
[2026-09-29 17:54:29,703] multiqc.base_module                                [DEBUG  ]  fastqc/zip - Skipping '23/SRX19144486_trimmed_1_val_1_fastqc.zip' as it didn't match the path_filters for 'FastQC (raw)'
[2026-09-29 17:54:29,703] multiqc.base_module                                [DEBUG  ]  fastqc/zip - Selecting '3/SRX19144486_raw_1_fastqc.zip' as it matched the path_filters for 'FastQC (raw)'
[2026-09-29 17:54:29,707] multiqc.base_module                                [DEBUG  ]  fastqc/zip - Skipping '24/SRX19144486_trimmed_2_val_2_fastqc.zip' as it didn't match the path_filters for 'FastQC (raw)'
[2026-09-29 17:54:29,707] multiqc.base_module                                [DEBUG  ]  fastqc/zip - Selecting '4/SRX19144486_raw_2_fastqc.zip' as it matched the path_filters for 'FastQC (raw)'
[2026-09-29 17:54:29,728] multiqc.base_module                                [DEBUG  ]  fastqc/zip - Selecting '43/SRX19144487_raw_1_fastqc.zip' as it matched the path_filters for 'FastQC (raw)'
[2026-09-29 17:54:29,733] multiqc.base_module                                [DEBUG  ]  fastqc/zip - Skipping '123/SRX19144487_trimmed_1_val_1_fastqc.zip' as it didn't match the path_filters for 'FastQC (raw)'
[2026-09-29 17:54:29,733] multiqc.base_module                                [DEBUG  ]  fastqc/zip - Skipping '124/SRX19144487_trimmed_2_val_2_fastqc.zip' as it didn't match the path_filters for 'FastQC (raw)'
[2026-09-29 17:54:29,733] multiqc.base_module                                [DEBUG  ]  fastqc/zip - Selecting '44/SRX19144487_raw_2_fastqc.zip' as it matched the path_filters for 'FastQC (raw)'
[2026-09-29 17:54:29,737] multiqc.base_module                                [DEBUG  ]  fastqc/zip - Selecting '5/SRX19144488_raw_1_fastqc.zip' as it matched the path_filters for 'FastQC (raw)'
[2026-09-29 17:54:29,741] multiqc.base_module                                [DEBUG  ]  fastqc/zip - Skipping '39/SRX19144488_trimmed_1_val_1_fastqc.zip' as it didn't match the path_filters for 'FastQC (raw)'
[2026-09-29 17:54:29,741] multiqc.base_module                                [DEBUG  ]  fastqc/zip - Selecting '6/SRX19144488_raw_2_fastqc.zip' as it matched the path_filters for 'FastQC (raw)'
[2026-09-29 17:54:29,745] multiqc.base_module                                [DEBUG  ]  fastqc/zip - Skipping '40/SRX19144488_trimmed_2_val_2_fastqc.zip' as it didn't match the path_filters for 'FastQC (raw)'
[2026-09-29 17:54:29,745] multiqc.base_module                                [DEBUG  ]  fastqc/zip - Skipping '63/SRX19144489_trimmed_1_val_1_fastqc.zip' as it didn't match the path_filters for 'FastQC (raw)'
[2026-09-29 17:54:29,745] multiqc.base_module                                [DEBUG  ]  fastqc/zip - Selecting '7/SRX19144489_raw_1_fastqc.zip' as it matched the path_filters for 'FastQC (raw)'
[2026-09-29 17:54:29,750] multiqc.base_module                                [DEBUG  ]  fastqc/zip - Selecting '8/SRX19144489_raw_2_fastqc.zip' as it matched the path_filters for 'FastQC (raw)'
[2026-09-29 17:54:29,755] multiqc.base_module                                [DEBUG  ]  fastqc/zip - Skipping '64/SRX19144489_trimmed_2_val_2_fastqc.zip' as it didn't match the path_filters for 'FastQC (raw)'
[2026-09-29 17:54:29,755] multiqc.base_module                                [DEBUG  ]  fastqc/zip - Selecting '31/SRX19144490_raw_1_fastqc.zip' as it matched the path_filters for 'FastQC (raw)'
[2026-09-29 17:54:29,763] multiqc.base_module                                [DEBUG  ]  fastqc/zip - Skipping '87/SRX19144490_trimmed_1_val_1_fastqc.zip' as it didn't match the path_filters for 'FastQC (raw)'
[2026-09-29 17:54:29,763] multiqc.base_module                                [DEBUG  ]  fastqc/zip - Skipping '88/SRX19144490_trimmed_2_val_2_fastqc.zip' as it didn't match the path_filters for 'FastQC (raw)'
[2026-09-29 17:54:29,763] multiqc.base_module                                [DEBUG  ]  fastqc/zip - Selecting '32/SRX19144490_raw_2_fastqc.zip' as it matched the path_filters for 'FastQC (raw)'
[2026-09-29 17:54:29,770] multiqc.base_module                                [DEBUG  ]  fastqc/zip - Skipping '111/SRX19144491_trimmed_1_val_1_fastqc.zip' as it didn't match the path_filters for 'FastQC (raw)'
[2026-09-29 17:54:29,770] multiqc.base_module                                [DEBUG  ]  fastqc/zip - Selecting '27/SRX19144491_raw_1_fastqc.zip' as it matched the path_filters for 'FastQC (raw)'
[2026-09-29 17:54:29,777] multiqc.base_module                                [DEBUG  ]  fastqc/zip - Skipping '112/SRX19144491_trimmed_2_val_2_fastqc.zip' as it didn't match the path_filters for 'FastQC (raw)'
[2026-09-29 17:54:29,777] multiqc.base_module                                [DEBUG  ]  fastqc/zip - Selecting '28/SRX19144491_raw_2_fastqc.zip' as it matched the path_filters for 'FastQC (raw)'
[2026-09-29 17:54:29,783] multiqc.base_module                                [DEBUG  ]  fastqc/zip - Skipping '75/SRX19144492_trimmed_1_val_1_fastqc.zip' as it didn't match the path_filters for 'FastQC (raw)'
[2026-09-29 17:54:29,783] multiqc.base_module                                [DEBUG  ]  fastqc/zip - Selecting '17/SRX19144492_raw_1_fastqc.zip' as it matched the path_filters for 'FastQC (raw)'
[2026-09-29 17:54:29,790] multiqc.base_module                                [DEBUG  ]  fastqc/zip - Selecting '18/SRX19144492_raw_2_fastqc.zip' as it matched the path_filters for 'FastQC (raw)'
[2026-09-29 17:54:29,822] multiqc.base_module                                [DEBUG  ]  fastqc/zip - Skipping '76/SRX19144492_trimmed_2_val_2_fastqc.zip' as it didn't match the path_filters for 'FastQC (raw)'
[2026-09-29 17:54:29,822] multiqc.base_module                                [DEBUG  ]  fastqc/zip - Skipping '93/SRX19144493_trimmed_1_val_1_fastqc.zip' as it didn't match the path_filters for 'FastQC (raw)'
[2026-09-29 17:54:29,822] multiqc.base_module                                [DEBUG  ]  fastqc/zip - Selecting '13/SRX19144493_raw_1_fastqc.zip' as it matched the path_filters for 'FastQC (raw)'
[2026-09-29 17:54:29,826] multiqc.base_module                                [DEBUG  ]  fastqc/zip - Selecting '14/SRX19144493_raw_2_fastqc.zip' as it matched the path_filters for 'FastQC (raw)'
[2026-09-29 17:54:29,830] multiqc.base_module                                [DEBUG  ]  fastqc/zip - Skipping '94/SRX19144493_trimmed_2_val_2_fastqc.zip' as it didn't match the path_filters for 'FastQC (raw)'
[2026-09-29 17:54:29,830] multiqc.base_module                                [DEBUG  ]  fastqc/zip - Skipping '81/SRX19144494_trimmed_1_val_1_fastqc.zip' as it didn't match the path_filters for 'FastQC (raw)'
[2026-09-29 17:54:29,830] multiqc.base_module                                [DEBUG  ]  fastqc/zip - Selecting '15/SRX19144494_raw_1_fastqc.zip' as it matched the path_filters for 'FastQC (raw)'
[2026-09-29 17:54:29,834] multiqc.base_module                                [DEBUG  ]  fastqc/zip - Skipping '82/SRX19144494_trimmed_2_val_2_fastqc.zip' as it didn't match the path_filters for 'FastQC (raw)'
[2026-09-29 17:54:29,834] multiqc.base_module                                [DEBUG  ]  fastqc/zip - Selecting '16/SRX19144494_raw_2_fastqc.zip' as it matched the path_filters for 'FastQC (raw)'
[2026-09-29 17:54:29,838] multiqc.modules.fastqc.fastqc                      [INFO   ]  Found 32 reports
[2026-09-29 17:54:29,842] multiqc.plots.plot                                 [DEBUG  ]  merge_with_previous for fastqc_raw_sequence_counts_plot: found old_data = False
[2026-09-29 17:54:29,842] multiqc.plots.plot                                 [DEBUG  ]  merge_with_previous for fastqc_raw_sequence_counts_plot: no old data or empty, using new data only
[2026-09-29 17:54:29,853] multiqc.plots.plot                                 [DEBUG  ]  merge_with_previous for fastqc_raw_per_base_sequence_quality_plot: found old_data = False
[2026-09-29 17:54:29,853] multiqc.plots.plot                                 [DEBUG  ]  merge_with_previous for fastqc_raw_per_base_sequence_quality_plot: no old data or empty, using new data only
[2026-09-29 17:54:29,864] multiqc.plots.plot                                 [DEBUG  ]  merge_with_previous for fastqc_raw_per_sequence_quality_scores_plot: found old_data = False
[2026-09-29 17:54:29,864] multiqc.plots.plot                                 [DEBUG  ]  merge_with_previous for fastqc_raw_per_sequence_quality_scores_plot: no old data or empty, using new data only
[2026-09-29 17:54:29,888] multiqc.plots.plot                                 [DEBUG  ]  merge_with_previous for fastqc_raw_per_sequence_gc_content_plot: found old_data = False
[2026-09-29 17:54:29,888] multiqc.plots.plot                                 [DEBUG  ]  merge_with_previous for fastqc_raw_per_sequence_gc_content_plot: no old data or empty, using new data only
[2026-09-29 17:54:29,960] multiqc.plots.plot                                 [DEBUG  ]  merge_with_previous for fastqc_raw_per_base_n_content_plot: found old_data = False
[2026-09-29 17:54:29,960] multiqc.plots.plot                                 [DEBUG  ]  merge_with_previous for fastqc_raw_per_base_n_content_plot: no old data or empty, using new data only
[2026-09-29 17:54:29,971] multiqc.plots.plot                                 [DEBUG  ]  merge_with_previous for fastqc_raw_sequence_duplication_levels_plot: found old_data = False
[2026-09-29 17:54:29,971] multiqc.plots.plot                                 [DEBUG  ]  merge_with_previous for fastqc_raw_sequence_duplication_levels_plot: no old data or empty, using new data only
[2026-09-29 17:54:29,977] multiqc.plots.plot                                 [DEBUG  ]  merge_with_previous for fastqc_raw_overrepresented_sequences_plot: found old_data = False
[2026-09-29 17:54:29,977] multiqc.plots.plot                                 [DEBUG  ]  merge_with_previous for fastqc_raw_overrepresented_sequences_plot: no old data or empty, using new data only
[2026-09-29 17:54:29,984] multiqc.plots.plot                                 [DEBUG  ]  merge_with_previous for fastqc_raw_top_overrepresented_sequences_table: found old_data = False
[2026-09-29 17:54:29,984] multiqc.plots.plot                                 [DEBUG  ]  merge_with_previous for fastqc_raw_top_overrepresented_sequences_table: no old data or empty, using new data only
[2026-09-29 17:54:30,006] multiqc.plots.plot                                 [DEBUG  ]  merge_with_previous for fastqc_raw_adapter_content_plot: found old_data = False
[2026-09-29 17:54:30,006] multiqc.plots.plot                                 [DEBUG  ]  merge_with_previous for fastqc_raw_adapter_content_plot: no old data or empty, using new data only
[2026-09-29 17:54:30,017] multiqc.plots.plot                                 [DEBUG  ]  merge_with_previous for fastqc_raw-status-check-heatmap: found old_data = False
[2026-09-29 17:54:30,017] multiqc.plots.plot                                 [DEBUG  ]  merge_with_previous for fastqc_raw-status-check-heatmap: no old data or empty, using new data only
[2026-09-29 17:54:30,027] multiqc.report                                     [DEBUG  ]  Wrote data file multiqc_fastqc_fastqc_raw.txt
[2026-09-29 17:54:30,028] multiqc.report                                     [DEBUG  ]  Wrote data file multiqc_fastqc_fastqc_raw.json
[2026-09-29 17:54:30,029] multiqc.base_module                                [DEBUG  ]  fastqc_raw: deleting attribute self.order_of_duplication_levels
[2026-09-29 17:54:30,029] multiqc.base_module                                [DEBUG  ]  fastqc_raw: deleting attribute self.status_colours
[2026-09-29 17:54:30,029] multiqc.core.exec_modules                          [DEBUG  ]  Running module: trim_galore
[2026-09-29 17:54:30,058] multiqc.modules.trim_galore.trim_galore            [INFO   ]  Found 32 reports
[2026-09-29 17:54:30,059] multiqc.plots.plot                                 [DEBUG  ]  merge_with_previous for trim_galore_filtered_reads_plot: found old_data = False
[2026-09-29 17:54:30,059] multiqc.plots.plot                                 [DEBUG  ]  merge_with_previous for trim_galore_filtered_reads_plot: no old data or empty, using new data only
[2026-09-29 17:54:30,071] multiqc.plots.plot                                 [DEBUG  ]  merge_with_previous for trim_galore_adapter_length_plot: found old_data = False
[2026-09-29 17:54:30,071] multiqc.plots.plot                                 [DEBUG  ]  merge_with_previous for trim_galore_adapter_length_plot: no old data or empty, using new data only
[2026-09-29 17:54:30,080] multiqc.plots.plot                                 [DEBUG  ]  merge_with_previous for trim_galore_pair_validation_table: found old_data = False
[2026-09-29 17:54:30,080] multiqc.plots.plot                                 [DEBUG  ]  merge_with_previous for trim_galore_pair_validation_table: no old data or empty, using new data only
[2026-09-29 17:54:30,088] multiqc.report                                     [DEBUG  ]  Wrote data file multiqc_trim_galore.txt
[2026-09-29 17:54:30,089] multiqc.report                                     [DEBUG  ]  Wrote data file multiqc_trim_galore.json
[2026-09-29 17:54:30,089] multiqc.core.exec_modules                          [DEBUG  ]  Running module: fastqc
[2026-09-29 17:54:30,093] multiqc.base_module                                [DEBUG  ]  fastqc/zip - Skipping '41/SRX19144479_raw_1_fastqc.zip' as it didn't match the path_filters for 'FastQC (trimmed)'
[2026-09-29 17:54:30,093] multiqc.base_module                                [DEBUG  ]  fastqc/zip - Selecting '105/SRX19144479_trimmed_1_val_1_fastqc.zip' as it matched the path_filters for 'FastQC (trimmed)'
[2026-09-29 17:54:30,097] multiqc.base_module                                [DEBUG  ]  fastqc/zip - Selecting '106/SRX19144479_trimmed_2_val_2_fastqc.zip' as it matched the path_filters for 'FastQC (trimmed)'
[2026-09-29 17:54:30,101] multiqc.base_module                                [DEBUG  ]  fastqc/zip - Skipping '42/SRX19144479_raw_2_fastqc.zip' as it didn't match the path_filters for 'FastQC (trimmed)'
[2026-09-29 17:54:30,101] multiqc.base_module                                [DEBUG  ]  fastqc/zip - Selecting '57/SRX19144480_trimmed_1_val_1_fastqc.zip' as it matched the path_filters for 'FastQC (trimmed)'
[2026-09-29 17:54:30,105] multiqc.base_module                                [DEBUG  ]  fastqc/zip - Skipping '11/SRX19144480_raw_1_fastqc.zip' as it didn't match the path_filters for 'FastQC (trimmed)'
[2026-09-29 17:54:30,105] multiqc.base_module                                [DEBUG  ]  fastqc/zip - Selecting '58/SRX19144480_trimmed_2_val_2_fastqc.zip' as it matched the path_filters for 'FastQC (trimmed)'
[2026-09-29 17:54:30,110] multiqc.base_module                                [DEBUG  ]  fastqc/zip - Skipping '12/SRX19144480_raw_2_fastqc.zip' as it didn't match the path_filters for 'FastQC (trimmed)'
[2026-09-29 17:54:30,110] multiqc.base_module                                [DEBUG  ]  fastqc/zip - Skipping '29/SRX19144481_raw_1_fastqc.zip' as it didn't match the path_filters for 'FastQC (trimmed)'
[2026-09-29 17:54:30,110] multiqc.base_module                                [DEBUG  ]  fastqc/zip - Selecting '99/SRX19144481_trimmed_1_val_1_fastqc.zip' as it matched the path_filters for 'FastQC (trimmed)'
[2026-09-29 17:54:30,114] multiqc.base_module                                [DEBUG  ]  fastqc/zip - Selecting '100/SRX19144481_trimmed_2_val_2_fastqc.zip' as it matched the path_filters for 'FastQC (trimmed)'
[2026-09-29 17:54:30,118] multiqc.base_module                                [DEBUG  ]  fastqc/zip - Skipping '30/SRX19144481_raw_2_fastqc.zip' as it didn't match the path_filters for 'FastQC (trimmed)'
[2026-09-29 17:54:30,118] multiqc.base_module                                [DEBUG  ]  fastqc/zip - Skipping '9/SRX19144482_raw_1_fastqc.zip' as it didn't match the path_filters for 'FastQC (trimmed)'
[2026-09-29 17:54:30,118] multiqc.base_module                                [DEBUG  ]  fastqc/zip - Selecting '51/SRX19144482_trimmed_1_val_1_fastqc.zip' as it matched the path_filters for 'FastQC (trimmed)'
[2026-09-29 17:54:30,122] multiqc.base_module                                [DEBUG  ]  fastqc/zip - Selecting '52/SRX19144482_trimmed_2_val_2_fastqc.zip' as it matched the path_filters for 'FastQC (trimmed)'
[2026-09-29 17:54:30,126] multiqc.base_module                                [DEBUG  ]  fastqc/zip - Skipping '10/SRX19144482_raw_2_fastqc.zip' as it didn't match the path_filters for 'FastQC (trimmed)'
[2026-09-29 17:54:30,126] multiqc.base_module                                [DEBUG  ]  fastqc/zip - Selecting '117/SRX19144483_trimmed_1_val_1_fastqc.zip' as it matched the path_filters for 'FastQC (trimmed)'
[2026-09-29 17:54:30,130] multiqc.base_module                                [DEBUG  ]  fastqc/zip - Skipping '45/SRX19144483_raw_1_fastqc.zip' as it didn't match the path_filters for 'FastQC (trimmed)'
[2026-09-29 17:54:30,130] multiqc.base_module                                [DEBUG  ]  fastqc/zip - Skipping '46/SRX19144483_raw_2_fastqc.zip' as it didn't match the path_filters for 'FastQC (trimmed)'
[2026-09-29 17:54:30,130] multiqc.base_module                                [DEBUG  ]  fastqc/zip - Selecting '118/SRX19144483_trimmed_2_val_2_fastqc.zip' as it matched the path_filters for 'FastQC (trimmed)'
[2026-09-29 17:54:30,134] multiqc.base_module                                [DEBUG  ]  fastqc/zip - Selecting '69/SRX19144484_trimmed_1_val_1_fastqc.zip' as it matched the path_filters for 'FastQC (trimmed)'
[2026-09-29 17:54:30,138] multiqc.base_module                                [DEBUG  ]  fastqc/zip - Skipping '25/SRX19144484_raw_1_fastqc.zip' as it didn't match the path_filters for 'FastQC (trimmed)'
[2026-09-29 17:54:30,138] multiqc.base_module                                [DEBUG  ]  fastqc/zip - Skipping '26/SRX19144484_raw_2_fastqc.zip' as it didn't match the path_filters for 'FastQC (trimmed)'
[2026-09-29 17:54:30,138] multiqc.base_module                                [DEBUG  ]  fastqc/zip - Selecting '70/SRX19144484_trimmed_2_val_2_fastqc.zip' as it matched the path_filters for 'FastQC (trimmed)'
[2026-09-29 17:54:30,142] multiqc.base_module                                [DEBUG  ]  fastqc/zip - Skipping '33/SRX19144485_raw_1_fastqc.zip' as it didn't match the path_filters for 'FastQC (trimmed)'
[2026-09-29 17:54:30,142] multiqc.base_module                                [DEBUG  ]  fastqc/zip - Selecting '129/SRX19144485_trimmed_1_val_1_fastqc.zip' as it matched the path_filters for 'FastQC (trimmed)'
[2026-09-29 17:54:30,146] multiqc.base_module                                [DEBUG  ]  fastqc/zip - Skipping '34/SRX19144485_raw_2_fastqc.zip' as it didn't match the path_filters for 'FastQC (trimmed)'
[2026-09-29 17:54:30,146] multiqc.base_module                                [DEBUG  ]  fastqc/zip - Selecting '130/SRX19144485_trimmed_2_val_2_fastqc.zip' as it matched the path_filters for 'FastQC (trimmed)'
[2026-09-29 17:54:30,151] multiqc.base_module                                [DEBUG  ]  fastqc/zip - Selecting '23/SRX19144486_trimmed_1_val_1_fastqc.zip' as it matched the path_filters for 'FastQC (trimmed)'
[2026-09-29 17:54:30,155] multiqc.base_module                                [DEBUG  ]  fastqc/zip - Skipping '3/SRX19144486_raw_1_fastqc.zip' as it didn't match the path_filters for 'FastQC (trimmed)'
[2026-09-29 17:54:30,155] multiqc.base_module                                [DEBUG  ]  fastqc/zip - Selecting '24/SRX19144486_trimmed_2_val_2_fastqc.zip' as it matched the path_filters for 'FastQC (trimmed)'
[2026-09-29 17:54:30,159] multiqc.base_module                                [DEBUG  ]  fastqc/zip - Skipping '4/SRX19144486_raw_2_fastqc.zip' as it didn't match the path_filters for 'FastQC (trimmed)'
[2026-09-29 17:54:30,159] multiqc.base_module                                [DEBUG  ]  fastqc/zip - Skipping '43/SRX19144487_raw_1_fastqc.zip' as it didn't match the path_filters for 'FastQC (trimmed)'
[2026-09-29 17:54:30,159] multiqc.base_module                                [DEBUG  ]  fastqc/zip - Selecting '123/SRX19144487_trimmed_1_val_1_fastqc.zip' as it matched the path_filters for 'FastQC (trimmed)'
[2026-09-29 17:54:30,163] multiqc.base_module                                [DEBUG  ]  fastqc/zip - Selecting '124/SRX19144487_trimmed_2_val_2_fastqc.zip' as it matched the path_filters for 'FastQC (trimmed)'
[2026-09-29 17:54:30,167] multiqc.base_module                                [DEBUG  ]  fastqc/zip - Skipping '44/SRX19144487_raw_2_fastqc.zip' as it didn't match the path_filters for 'FastQC (trimmed)'
[2026-09-29 17:54:30,167] multiqc.base_module                                [DEBUG  ]  fastqc/zip - Skipping '5/SRX19144488_raw_1_fastqc.zip' as it didn't match the path_filters for 'FastQC (trimmed)'
[2026-09-29 17:54:30,167] multiqc.base_module                                [DEBUG  ]  fastqc/zip - Selecting '39/SRX19144488_trimmed_1_val_1_fastqc.zip' as it matched the path_filters for 'FastQC (trimmed)'
[2026-09-29 17:54:30,171] multiqc.base_module                                [DEBUG  ]  fastqc/zip - Skipping '6/SRX19144488_raw_2_fastqc.zip' as it didn't match the path_filters for 'FastQC (trimmed)'
[2026-09-29 17:54:30,171] multiqc.base_module                                [DEBUG  ]  fastqc/zip - Selecting '40/SRX19144488_trimmed_2_val_2_fastqc.zip' as it matched the path_filters for 'FastQC (trimmed)'
[2026-09-29 17:54:30,174] multiqc.base_module                                [DEBUG  ]  fastqc/zip - Selecting '63/SRX19144489_trimmed_1_val_1_fastqc.zip' as it matched the path_filters for 'FastQC (trimmed)'
[2026-09-29 17:54:30,179] multiqc.base_module                                [DEBUG  ]  fastqc/zip - Skipping '7/SRX19144489_raw_1_fastqc.zip' as it didn't match the path_filters for 'FastQC (trimmed)'
[2026-09-29 17:54:30,179] multiqc.base_module                                [DEBUG  ]  fastqc/zip - Skipping '8/SRX19144489_raw_2_fastqc.zip' as it didn't match the path_filters for 'FastQC (trimmed)'
[2026-09-29 17:54:30,179] multiqc.base_module                                [DEBUG  ]  fastqc/zip - Selecting '64/SRX19144489_trimmed_2_val_2_fastqc.zip' as it matched the path_filters for 'FastQC (trimmed)'
[2026-09-29 17:54:30,183] multiqc.base_module                                [DEBUG  ]  fastqc/zip - Skipping '31/SRX19144490_raw_1_fastqc.zip' as it didn't match the path_filters for 'FastQC (trimmed)'
[2026-09-29 17:54:30,183] multiqc.base_module                                [DEBUG  ]  fastqc/zip - Selecting '87/SRX19144490_trimmed_1_val_1_fastqc.zip' as it matched the path_filters for 'FastQC (trimmed)'
[2026-09-29 17:54:30,187] multiqc.base_module                                [DEBUG  ]  fastqc/zip - Selecting '88/SRX19144490_trimmed_2_val_2_fastqc.zip' as it matched the path_filters for 'FastQC (trimmed)'
[2026-09-29 17:54:30,191] multiqc.base_module                                [DEBUG  ]  fastqc/zip - Skipping '32/SRX19144490_raw_2_fastqc.zip' as it didn't match the path_filters for 'FastQC (trimmed)'
[2026-09-29 17:54:30,191] multiqc.base_module                                [DEBUG  ]  fastqc/zip - Selecting '111/SRX19144491_trimmed_1_val_1_fastqc.zip' as it matched the path_filters for 'FastQC (trimmed)'
[2026-09-29 17:54:30,195] multiqc.base_module                                [DEBUG  ]  fastqc/zip - Skipping '27/SRX19144491_raw_1_fastqc.zip' as it didn't match the path_filters for 'FastQC (trimmed)'
[2026-09-29 17:54:30,195] multiqc.base_module                                [DEBUG  ]  fastqc/zip - Selecting '112/SRX19144491_trimmed_2_val_2_fastqc.zip' as it matched the path_filters for 'FastQC (trimmed)'
[2026-09-29 17:54:30,199] multiqc.base_module                                [DEBUG  ]  fastqc/zip - Skipping '28/SRX19144491_raw_2_fastqc.zip' as it didn't match the path_filters for 'FastQC (trimmed)'
[2026-09-29 17:54:30,199] multiqc.base_module                                [DEBUG  ]  fastqc/zip - Selecting '75/SRX19144492_trimmed_1_val_1_fastqc.zip' as it matched the path_filters for 'FastQC (trimmed)'
[2026-09-29 17:54:30,203] multiqc.base_module                                [DEBUG  ]  fastqc/zip - Skipping '17/SRX19144492_raw_1_fastqc.zip' as it didn't match the path_filters for 'FastQC (trimmed)'
[2026-09-29 17:54:30,203] multiqc.base_module                                [DEBUG  ]  fastqc/zip - Skipping '18/SRX19144492_raw_2_fastqc.zip' as it didn't match the path_filters for 'FastQC (trimmed)'
[2026-09-29 17:54:30,204] multiqc.base_module                                [DEBUG  ]  fastqc/zip - Selecting '76/SRX19144492_trimmed_2_val_2_fastqc.zip' as it matched the path_filters for 'FastQC (trimmed)'
[2026-09-29 17:54:30,208] multiqc.base_module                                [DEBUG  ]  fastqc/zip - Selecting '93/SRX19144493_trimmed_1_val_1_fastqc.zip' as it matched the path_filters for 'FastQC (trimmed)'
[2026-09-29 17:54:30,212] multiqc.base_module                                [DEBUG  ]  fastqc/zip - Skipping '13/SRX19144493_raw_1_fastqc.zip' as it didn't match the path_filters for 'FastQC (trimmed)'
[2026-09-29 17:54:30,212] multiqc.base_module                                [DEBUG  ]  fastqc/zip - Skipping '14/SRX19144493_raw_2_fastqc.zip' as it didn't match the path_filters for 'FastQC (trimmed)'
[2026-09-29 17:54:30,212] multiqc.base_module                                [DEBUG  ]  fastqc/zip - Selecting '94/SRX19144493_trimmed_2_val_2_fastqc.zip' as it matched the path_filters for 'FastQC (trimmed)'
[2026-09-29 17:54:30,216] multiqc.base_module                                [DEBUG  ]  fastqc/zip - Selecting '81/SRX19144494_trimmed_1_val_1_fastqc.zip' as it matched the path_filters for 'FastQC (trimmed)'
[2026-09-29 17:54:30,220] multiqc.base_module                                [DEBUG  ]  fastqc/zip - Skipping '15/SRX19144494_raw_1_fastqc.zip' as it didn't match the path_filters for 'FastQC (trimmed)'
[2026-09-29 17:54:30,220] multiqc.base_module                                [DEBUG  ]  fastqc/zip - Selecting '82/SRX19144494_trimmed_2_val_2_fastqc.zip' as it matched the path_filters for 'FastQC (trimmed)'
[2026-09-29 17:54:30,224] multiqc.base_module                                [DEBUG  ]  fastqc/zip - Skipping '16/SRX19144494_raw_2_fastqc.zip' as it didn't match the path_filters for 'FastQC (trimmed)'
[2026-09-29 17:54:30,224] multiqc.modules.fastqc.fastqc                      [INFO   ]  Found 32 reports
[2026-09-29 17:54:30,227] multiqc.plots.plot                                 [DEBUG  ]  merge_with_previous for fastqc_trimmed_sequence_counts_plot: found old_data = False
[2026-09-29 17:54:30,227] multiqc.plots.plot                                 [DEBUG  ]  merge_with_previous for fastqc_trimmed_sequence_counts_plot: no old data or empty, using new data only
[2026-09-29 17:54:30,239] multiqc.plots.plot                                 [DEBUG  ]  merge_with_previous for fastqc_trimmed_per_base_sequence_quality_plot: found old_data = False
[2026-09-29 17:54:30,239] multiqc.plots.plot                                 [DEBUG  ]  merge_with_previous for fastqc_trimmed_per_base_sequence_quality_plot: no old data or empty, using new data only
[2026-09-29 17:54:30,249] multiqc.plots.plot                                 [DEBUG  ]  merge_with_previous for fastqc_trimmed_per_sequence_quality_scores_plot: found old_data = False
[2026-09-29 17:54:30,249] multiqc.plots.plot                                 [DEBUG  ]  merge_with_previous for fastqc_trimmed_per_sequence_quality_scores_plot: no old data or empty, using new data only
[2026-09-29 17:54:30,273] multiqc.plots.plot                                 [DEBUG  ]  merge_with_previous for fastqc_trimmed_per_sequence_gc_content_plot: found old_data = False
[2026-09-29 17:54:30,273] multiqc.plots.plot                                 [DEBUG  ]  merge_with_previous for fastqc_trimmed_per_sequence_gc_content_plot: no old data or empty, using new data only
[2026-09-29 17:54:30,292] multiqc.plots.plot                                 [DEBUG  ]  merge_with_previous for fastqc_trimmed_per_base_n_content_plot: found old_data = False
[2026-09-29 17:54:30,292] multiqc.plots.plot                                 [DEBUG  ]  merge_with_previous for fastqc_trimmed_per_base_n_content_plot: no old data or empty, using new data only
[2026-09-29 17:54:30,302] multiqc.plots.plot                                 [DEBUG  ]  merge_with_previous for fastqc_sequence_length_distribution_plot: found old_data = False
[2026-09-29 17:54:30,302] multiqc.plots.plot                                 [DEBUG  ]  merge_with_previous for fastqc_sequence_length_distribution_plot: no old data or empty, using new data only
[2026-09-29 17:54:30,310] multiqc.plots.plot                                 [DEBUG  ]  merge_with_previous for fastqc_trimmed_sequence_duplication_levels_plot: found old_data = False
[2026-09-29 17:54:30,310] multiqc.plots.plot                                 [DEBUG  ]  merge_with_previous for fastqc_trimmed_sequence_duplication_levels_plot: no old data or empty, using new data only
[2026-09-29 17:54:30,317] multiqc.plots.plot                                 [DEBUG  ]  merge_with_previous for fastqc_trimmed_overrepresented_sequences_plot: found old_data = False
[2026-09-29 17:54:30,317] multiqc.plots.plot                                 [DEBUG  ]  merge_with_previous for fastqc_trimmed_overrepresented_sequences_plot: no old data or empty, using new data only
[2026-09-29 17:54:30,324] multiqc.plots.plot                                 [DEBUG  ]  merge_with_previous for fastqc_trimmed_top_overrepresented_sequences_table: found old_data = False
[2026-09-29 17:54:30,324] multiqc.plots.plot                                 [DEBUG  ]  merge_with_previous for fastqc_trimmed_top_overrepresented_sequences_table: no old data or empty, using new data only
[2026-09-29 17:54:30,339] multiqc.plots.plot                                 [DEBUG  ]  merge_with_previous for fastqc_trimmed_adapter_content_plot: found old_data = False
[2026-09-29 17:54:30,339] multiqc.plots.plot                                 [DEBUG  ]  merge_with_previous for fastqc_trimmed_adapter_content_plot: no old data or empty, using new data only
[2026-09-29 17:54:30,347] multiqc.plots.plot                                 [DEBUG  ]  merge_with_previous for fastqc_trimmed-status-check-heatmap: found old_data = False
[2026-09-29 17:54:30,347] multiqc.plots.plot                                 [DEBUG  ]  merge_with_previous for fastqc_trimmed-status-check-heatmap: no old data or empty, using new data only
[2026-09-29 17:54:30,356] multiqc.report                                     [DEBUG  ]  Wrote data file multiqc_fastqc_fastqc_trimmed.txt
[2026-09-29 17:54:30,357] multiqc.report                                     [DEBUG  ]  Wrote data file multiqc_fastqc_fastqc_trimmed.json
[2026-09-29 17:54:30,358] multiqc.base_module                                [DEBUG  ]  fastqc_trimmed: deleting attribute self.order_of_duplication_levels
[2026-09-29 17:54:30,358] multiqc.base_module                                [DEBUG  ]  fastqc_trimmed: deleting attribute self.status_colours
[2026-09-29 17:54:30,358] multiqc.core.exec_modules                          [DEBUG  ]  Running module: fastqc
[2026-09-29 17:54:30,362] multiqc.base_module                                [DEBUG  ]  fastqc/zip - Skipping '41/SRX19144479_raw_1_fastqc.zip' as it didn't match the path_filters for 'FastQC (filtered)'
[2026-09-29 17:54:30,362] multiqc.base_module                                [DEBUG  ]  fastqc/zip - Skipping '105/SRX19144479_trimmed_1_val_1_fastqc.zip' as it didn't match the path_filters for 'FastQC (filtered)'
[2026-09-29 17:54:30,362] multiqc.base_module                                [DEBUG  ]  fastqc/zip - Skipping '106/SRX19144479_trimmed_2_val_2_fastqc.zip' as it didn't match the path_filters for 'FastQC (filtered)'
[2026-09-29 17:54:30,362] multiqc.base_module                                [DEBUG  ]  fastqc/zip - Skipping '42/SRX19144479_raw_2_fastqc.zip' as it didn't match the path_filters for 'FastQC (filtered)'
[2026-09-29 17:54:30,362] multiqc.base_module                                [DEBUG  ]  fastqc/zip - Skipping '57/SRX19144480_trimmed_1_val_1_fastqc.zip' as it didn't match the path_filters for 'FastQC (filtered)'
[2026-09-29 17:54:30,362] multiqc.base_module                                [DEBUG  ]  fastqc/zip - Skipping '11/SRX19144480_raw_1_fastqc.zip' as it didn't match the path_filters for 'FastQC (filtered)'
[2026-09-29 17:54:30,362] multiqc.base_module                                [DEBUG  ]  fastqc/zip - Skipping '58/SRX19144480_trimmed_2_val_2_fastqc.zip' as it didn't match the path_filters for 'FastQC (filtered)'
[2026-09-29 17:54:30,362] multiqc.base_module                                [DEBUG  ]  fastqc/zip - Skipping '12/SRX19144480_raw_2_fastqc.zip' as it didn't match the path_filters for 'FastQC (filtered)'
[2026-09-29 17:54:30,362] multiqc.base_module                                [DEBUG  ]  fastqc/zip - Skipping '29/SRX19144481_raw_1_fastqc.zip' as it didn't match the path_filters for 'FastQC (filtered)'
[2026-09-29 17:54:30,362] multiqc.base_module                                [DEBUG  ]  fastqc/zip - Skipping '99/SRX19144481_trimmed_1_val_1_fastqc.zip' as it didn't match the path_filters for 'FastQC (filtered)'
[2026-09-29 17:54:30,362] multiqc.base_module                                [DEBUG  ]  fastqc/zip - Skipping '100/SRX19144481_trimmed_2_val_2_fastqc.zip' as it didn't match the path_filters for 'FastQC (filtered)'
[2026-09-29 17:54:30,362] multiqc.base_module                                [DEBUG  ]  fastqc/zip - Skipping '30/SRX19144481_raw_2_fastqc.zip' as it didn't match the path_filters for 'FastQC (filtered)'
[2026-09-29 17:54:30,362] multiqc.base_module                                [DEBUG  ]  fastqc/zip - Skipping '9/SRX19144482_raw_1_fastqc.zip' as it didn't match the path_filters for 'FastQC (filtered)'
[2026-09-29 17:54:30,362] multiqc.base_module                                [DEBUG  ]  fastqc/zip - Skipping '51/SRX19144482_trimmed_1_val_1_fastqc.zip' as it didn't match the path_filters for 'FastQC (filtered)'
[2026-09-29 17:54:30,362] multiqc.base_module                                [DEBUG  ]  fastqc/zip - Skipping '52/SRX19144482_trimmed_2_val_2_fastqc.zip' as it didn't match the path_filters for 'FastQC (filtered)'
[2026-09-29 17:54:30,362] multiqc.base_module                                [DEBUG  ]  fastqc/zip - Skipping '10/SRX19144482_raw_2_fastqc.zip' as it didn't match the path_filters for 'FastQC (filtered)'
[2026-09-29 17:54:30,362] multiqc.base_module                                [DEBUG  ]  fastqc/zip - Skipping '117/SRX19144483_trimmed_1_val_1_fastqc.zip' as it didn't match the path_filters for 'FastQC (filtered)'
[2026-09-29 17:54:30,362] multiqc.base_module                                [DEBUG  ]  fastqc/zip - Skipping '45/SRX19144483_raw_1_fastqc.zip' as it didn't match the path_filters for 'FastQC (filtered)'
[2026-09-29 17:54:30,362] multiqc.base_module                                [DEBUG  ]  fastqc/zip - Skipping '46/SRX19144483_raw_2_fastqc.zip' as it didn't match the path_filters for 'FastQC (filtered)'
[2026-09-29 17:54:30,362] multiqc.base_module                                [DEBUG  ]  fastqc/zip - Skipping '118/SRX19144483_trimmed_2_val_2_fastqc.zip' as it didn't match the path_filters for 'FastQC (filtered)'
[2026-09-29 17:54:30,362] multiqc.base_module                                [DEBUG  ]  fastqc/zip - Skipping '69/SRX19144484_trimmed_1_val_1_fastqc.zip' as it didn't match the path_filters for 'FastQC (filtered)'
[2026-09-29 17:54:30,362] multiqc.base_module                                [DEBUG  ]  fastqc/zip - Skipping '25/SRX19144484_raw_1_fastqc.zip' as it didn't match the path_filters for 'FastQC (filtered)'
[2026-09-29 17:54:30,363] multiqc.base_module                                [DEBUG  ]  fastqc/zip - Skipping '26/SRX19144484_raw_2_fastqc.zip' as it didn't match the path_filters for 'FastQC (filtered)'
[2026-09-29 17:54:30,363] multiqc.base_module                                [DEBUG  ]  fastqc/zip - Skipping '70/SRX19144484_trimmed_2_val_2_fastqc.zip' as it didn't match the path_filters for 'FastQC (filtered)'
[2026-09-29 17:54:30,363] multiqc.base_module                                [DEBUG  ]  fastqc/zip - Skipping '33/SRX19144485_raw_1_fastqc.zip' as it didn't match the path_filters for 'FastQC (filtered)'
[2026-09-29 17:54:30,363] multiqc.base_module                                [DEBUG  ]  fastqc/zip - Skipping '129/SRX19144485_trimmed_1_val_1_fastqc.zip' as it didn't match the path_filters for 'FastQC (filtered)'
[2026-09-29 17:54:30,363] multiqc.base_module                                [DEBUG  ]  fastqc/zip - Skipping '34/SRX19144485_raw_2_fastqc.zip' as it didn't match the path_filters for 'FastQC (filtered)'
[2026-09-29 17:54:30,363] multiqc.base_module                                [DEBUG  ]  fastqc/zip - Skipping '130/SRX19144485_trimmed_2_val_2_fastqc.zip' as it didn't match the path_filters for 'FastQC (filtered)'
[2026-09-29 17:54:30,363] multiqc.base_module                                [DEBUG  ]  fastqc/zip - Skipping '23/SRX19144486_trimmed_1_val_1_fastqc.zip' as it didn't match the path_filters for 'FastQC (filtered)'
[2026-09-29 17:54:30,363] multiqc.base_module                                [DEBUG  ]  fastqc/zip - Skipping '3/SRX19144486_raw_1_fastqc.zip' as it didn't match the path_filters for 'FastQC (filtered)'
[2026-09-29 17:54:30,363] multiqc.base_module                                [DEBUG  ]  fastqc/zip - Skipping '24/SRX19144486_trimmed_2_val_2_fastqc.zip' as it didn't match the path_filters for 'FastQC (filtered)'
[2026-09-29 17:54:30,363] multiqc.base_module                                [DEBUG  ]  fastqc/zip - Skipping '4/SRX19144486_raw_2_fastqc.zip' as it didn't match the path_filters for 'FastQC (filtered)'
[2026-09-29 17:54:30,363] multiqc.base_module                                [DEBUG  ]  fastqc/zip - Skipping '43/SRX19144487_raw_1_fastqc.zip' as it didn't match the path_filters for 'FastQC (filtered)'
[2026-09-29 17:54:30,363] multiqc.base_module                                [DEBUG  ]  fastqc/zip - Skipping '123/SRX19144487_trimmed_1_val_1_fastqc.zip' as it didn't match the path_filters for 'FastQC (filtered)'
[2026-09-29 17:54:30,363] multiqc.base_module                                [DEBUG  ]  fastqc/zip - Skipping '124/SRX19144487_trimmed_2_val_2_fastqc.zip' as it didn't match the path_filters for 'FastQC (filtered)'
[2026-09-29 17:54:30,363] multiqc.base_module                                [DEBUG  ]  fastqc/zip - Skipping '44/SRX19144487_raw_2_fastqc.zip' as it didn't match the path_filters for 'FastQC (filtered)'
[2026-09-29 17:54:30,363] multiqc.base_module                                [DEBUG  ]  fastqc/zip - Skipping '5/SRX19144488_raw_1_fastqc.zip' as it didn't match the path_filters for 'FastQC (filtered)'
[2026-09-29 17:54:30,363] multiqc.base_module                                [DEBUG  ]  fastqc/zip - Skipping '39/SRX19144488_trimmed_1_val_1_fastqc.zip' as it didn't match the path_filters for 'FastQC (filtered)'
[2026-09-29 17:54:30,363] multiqc.base_module                                [DEBUG  ]  fastqc/zip - Skipping '6/SRX19144488_raw_2_fastqc.zip' as it didn't match the path_filters for 'FastQC (filtered)'
[2026-09-29 17:54:30,363] multiqc.base_module                                [DEBUG  ]  fastqc/zip - Skipping '40/SRX19144488_trimmed_2_val_2_fastqc.zip' as it didn't match the path_filters for 'FastQC (filtered)'
[2026-09-29 17:54:30,363] multiqc.base_module                                [DEBUG  ]  fastqc/zip - Skipping '63/SRX19144489_trimmed_1_val_1_fastqc.zip' as it didn't match the path_filters for 'FastQC (filtered)'
[2026-09-29 17:54:30,363] multiqc.base_module                                [DEBUG  ]  fastqc/zip - Skipping '7/SRX19144489_raw_1_fastqc.zip' as it didn't match the path_filters for 'FastQC (filtered)'
[2026-09-29 17:54:30,363] multiqc.base_module                                [DEBUG  ]  fastqc/zip - Skipping '8/SRX19144489_raw_2_fastqc.zip' as it didn't match the path_filters for 'FastQC (filtered)'
[2026-09-29 17:54:30,363] multiqc.base_module                                [DEBUG  ]  fastqc/zip - Skipping '64/SRX19144489_trimmed_2_val_2_fastqc.zip' as it didn't match the path_filters for 'FastQC (filtered)'
[2026-09-29 17:54:30,363] multiqc.base_module                                [DEBUG  ]  fastqc/zip - Skipping '31/SRX19144490_raw_1_fastqc.zip' as it didn't match the path_filters for 'FastQC (filtered)'
[2026-09-29 17:54:30,363] multiqc.base_module                                [DEBUG  ]  fastqc/zip - Skipping '87/SRX19144490_trimmed_1_val_1_fastqc.zip' as it didn't match the path_filters for 'FastQC (filtered)'
[2026-09-29 17:54:30,363] multiqc.base_module                                [DEBUG  ]  fastqc/zip - Skipping '88/SRX19144490_trimmed_2_val_2_fastqc.zip' as it didn't match the path_filters for 'FastQC (filtered)'
[2026-09-29 17:54:30,363] multiqc.base_module                                [DEBUG  ]  fastqc/zip - Skipping '32/SRX19144490_raw_2_fastqc.zip' as it didn't match the path_filters for 'FastQC (filtered)'
[2026-09-29 17:54:30,363] multiqc.base_module                                [DEBUG  ]  fastqc/zip - Skipping '111/SRX19144491_trimmed_1_val_1_fastqc.zip' as it didn't match the path_filters for 'FastQC (filtered)'
[2026-09-29 17:54:30,363] multiqc.base_module                                [DEBUG  ]  fastqc/zip - Skipping '27/SRX19144491_raw_1_fastqc.zip' as it didn't match the path_filters for 'FastQC (filtered)'
[2026-09-29 17:54:30,363] multiqc.base_module                                [DEBUG  ]  fastqc/zip - Skipping '112/SRX19144491_trimmed_2_val_2_fastqc.zip' as it didn't match the path_filters for 'FastQC (filtered)'
[2026-09-29 17:54:30,363] multiqc.base_module                                [DEBUG  ]  fastqc/zip - Skipping '28/SRX19144491_raw_2_fastqc.zip' as it didn't match the path_filters for 'FastQC (filtered)'
[2026-09-29 17:54:30,363] multiqc.base_module                                [DEBUG  ]  fastqc/zip - Skipping '75/SRX19144492_trimmed_1_val_1_fastqc.zip' as it didn't match the path_filters for 'FastQC (filtered)'
[2026-09-29 17:54:30,363] multiqc.base_module                                [DEBUG  ]  fastqc/zip - Skipping '17/SRX19144492_raw_1_fastqc.zip' as it didn't match the path_filters for 'FastQC (filtered)'
[2026-09-29 17:54:30,363] multiqc.base_module                                [DEBUG  ]  fastqc/zip - Skipping '18/SRX19144492_raw_2_fastqc.zip' as it didn't match the path_filters for 'FastQC (filtered)'
[2026-09-29 17:54:30,363] multiqc.base_module                                [DEBUG  ]  fastqc/zip - Skipping '76/SRX19144492_trimmed_2_val_2_fastqc.zip' as it didn't match the path_filters for 'FastQC (filtered)'
[2026-09-29 17:54:30,363] multiqc.base_module                                [DEBUG  ]  fastqc/zip - Skipping '93/SRX19144493_trimmed_1_val_1_fastqc.zip' as it didn't match the path_filters for 'FastQC (filtered)'
[2026-09-29 17:54:30,363] multiqc.base_module                                [DEBUG  ]  fastqc/zip - Skipping '13/SRX19144493_raw_1_fastqc.zip' as it didn't match the path_filters for 'FastQC (filtered)'
[2026-09-29 17:54:30,363] multiqc.base_module                                [DEBUG  ]  fastqc/zip - Skipping '14/SRX19144493_raw_2_fastqc.zip' as it didn't match the path_filters for 'FastQC (filtered)'
[2026-09-29 17:54:30,363] multiqc.base_module                                [DEBUG  ]  fastqc/zip - Skipping '94/SRX19144493_trimmed_2_val_2_fastqc.zip' as it didn't match the path_filters for 'FastQC (filtered)'
[2026-09-29 17:54:30,363] multiqc.base_module                                [DEBUG  ]  fastqc/zip - Skipping '81/SRX19144494_trimmed_1_val_1_fastqc.zip' as it didn't match the path_filters for 'FastQC (filtered)'
[2026-09-29 17:54:30,363] multiqc.base_module                                [DEBUG  ]  fastqc/zip - Skipping '15/SRX19144494_raw_1_fastqc.zip' as it didn't match the path_filters for 'FastQC (filtered)'
[2026-09-29 17:54:30,363] multiqc.base_module                                [DEBUG  ]  fastqc/zip - Skipping '82/SRX19144494_trimmed_2_val_2_fastqc.zip' as it didn't match the path_filters for 'FastQC (filtered)'
[2026-09-29 17:54:30,363] multiqc.base_module                                [DEBUG  ]  fastqc/zip - Skipping '16/SRX19144494_raw_2_fastqc.zip' as it didn't match the path_filters for 'FastQC (filtered)'
[2026-09-29 17:54:30,363] multiqc.core.exec_modules                          [DEBUG  ]  No samples found: fastqc
[2026-09-29 17:54:30,363] multiqc.core.software_versions                     [DEBUG  ]  Reading software versions from config.software_versions
[2026-09-29 17:54:30,365] multiqc.core.software_versions                     [DEBUG  ]  Reading software versions settings from: 391/nf_core_rnaseq_software_mqc_versions.yml
[2026-09-29 17:54:30,374] multiqc.core.file_search                           [INFO   ]  Only using modules: picard, qualimap, rseqc, samtools, star, fastqc, trim_galore, fastqc, biotype_counts, dupradar, nf-core-rnaseq-methods-description, sample-relationships, strandedness, nf-core-rnaseq-summary
[2026-09-29 17:54:30,374] multiqc.report                                     [DEBUG  ]  Wrote data file multiqc_software_versions.txt
[2026-09-29 17:54:30,375] multiqc.core.order_modules_and_sections            [DEBUG  ]  config.report_section_order: module 'sample-status' not found.
[2026-09-29 17:54:30,375] multiqc.core.order_modules_and_sections            [DEBUG  ]  config.report_section_order: module 'fail_trimmed_samples-module' not found.
[2026-09-29 17:54:30,375] multiqc.core.order_modules_and_sections            [DEBUG  ]  config.report_section_order: module 'fail_mapped_samples-module' not found.
[2026-09-29 17:54:30,375] multiqc.core.order_modules_and_sections            [DEBUG  ]  config.report_section_order: module 'strand_check_summary-module' not found.
[2026-09-29 17:54:30,375] multiqc.core.order_modules_and_sections            [DEBUG  ]  config.report_section_order: module 'strand_check_composition-module' not found.
[2026-09-29 17:54:30,375] multiqc.core.order_modules_and_sections            [DEBUG  ]  config.report_section_order: module 'cutadapt' not found.
[2026-09-29 17:54:30,375] multiqc.core.order_modules_and_sections            [DEBUG  ]  config.report_section_order: module 'fastp' not found.
[2026-09-29 17:54:30,375] multiqc.core.order_modules_and_sections            [DEBUG  ]  config.report_section_order: module 'bbmap' not found.
[2026-09-29 17:54:30,375] multiqc.core.order_modules_and_sections            [DEBUG  ]  config.report_section_order: module 'bowtie2_rrna' not found.
[2026-09-29 17:54:30,375] multiqc.core.order_modules_and_sections            [DEBUG  ]  config.report_section_order: module 'fastqc_filtered' not found.
[2026-09-29 17:54:30,375] multiqc.core.order_modules_and_sections            [DEBUG  ]  config.report_section_order: module 'hisat2' not found.
[2026-09-29 17:54:30,375] multiqc.core.order_modules_and_sections            [DEBUG  ]  config.report_section_order: module 'bowtie2_alignment' not found.
[2026-09-29 17:54:30,375] multiqc.core.order_modules_and_sections            [DEBUG  ]  config.report_section_order: module 'featurecounts_biotype' not found.
[2026-09-29 17:54:30,375] multiqc.core.order_modules_and_sections            [DEBUG  ]  config.report_section_order: module 'preseq' not found.
[2026-09-29 17:54:30,375] multiqc.core.order_modules_and_sections            [DEBUG  ]  config.report_section_order: module 'umitools' not found.
[2026-09-29 17:54:30,375] multiqc.core.order_modules_and_sections            [DEBUG  ]  config.report_section_order: module 'rsem' not found.
[2026-09-29 17:54:30,375] multiqc.core.order_modules_and_sections            [DEBUG  ]  config.report_section_order: module 'salmon' not found.
[2026-09-29 17:54:30,375] multiqc.core.order_modules_and_sections            [DEBUG  ]  config.report_section_order: module 'kallisto' not found.
[2026-09-29 17:54:30,375] multiqc.core.order_modules_and_sections            [DEBUG  ]  config.report_section_order: module 'star_salmon_deseq2_pca' not found.
[2026-09-29 17:54:30,375] multiqc.core.order_modules_and_sections            [DEBUG  ]  config.report_section_order: module 'star_salmon_deseq2_clustering' not found.
[2026-09-29 17:54:30,375] multiqc.core.order_modules_and_sections            [DEBUG  ]  config.report_section_order: module 'salmon_deseq2_pca' not found.
[2026-09-29 17:54:30,375] multiqc.core.order_modules_and_sections            [DEBUG  ]  config.report_section_order: module 'salmon_deseq2_clustering' not found.
[2026-09-29 17:54:30,375] multiqc.core.order_modules_and_sections            [DEBUG  ]  config.report_section_order: module 'star_rsem_deseq2_pca' not found.
[2026-09-29 17:54:30,375] multiqc.core.order_modules_and_sections            [DEBUG  ]  config.report_section_order: module 'star_rsem_deseq2_clustering' not found.
[2026-09-29 17:54:30,375] multiqc.core.order_modules_and_sections            [DEBUG  ]  config.report_section_order: module 'software_versions' not found.
[2026-09-29 17:54:30,375] multiqc.core.write_results                         [INFO   ]  Rendering plots. Export plots to formats png, svg, pdf is requested, so it might take a while. To disable plot export, set `export_plots: false` in config, or remove the `--export-plots` command line flag
[2026-09-29 17:55:07,732] multiqc.plots.plot                                 [DEBUG  ]  merge_with_previous for general_stats_table: found old_data = False
[2026-09-29 17:55:07,732] multiqc.plots.plot                                 [DEBUG  ]  merge_with_previous for general_stats_table: no old data or empty, using new data only
[2026-09-29 17:55:07,818] multiqc.report                                     [DEBUG  ]  Wrote data file multiqc_general_stats.txt
[2026-09-29 17:55:07,819] multiqc.report                                     [DEBUG  ]  Wrote data file multiqc_general_stats.json
[2026-09-29 17:55:07,827] multiqc.utils.mqc_colour                           [WARNING]  Error converting color '55,126,184' to RGB: input #55,126,184 is not in #RRGGBB format
[2026-09-29 17:55:07,828] multiqc.utils.mqc_colour                           [WARNING]  Error converting color '77,175,74' to RGB: input #77,175,74 is not in #RRGGBB format
[2026-09-29 17:55:07,829] multiqc.utils.mqc_colour                           [WARNING]  Error converting color '152,78,163' to RGB: input #152,78,163 is not in #RRGGBB format
[2026-09-29 17:55:07,831] multiqc.utils.mqc_colour                           [WARNING]  Error converting color '152,78,163' to RGB: input #152,78,163 is not in #RRGGBB format
[2026-09-29 17:55:07,832] multiqc.utils.mqc_colour                           [WARNING]  Error converting color '255,127,0' to RGB: input #255,127,0 is not in #RRGGBB format
[2026-09-29 17:55:07,833] multiqc.utils.mqc_colour                           [WARNING]  Error converting color '228,26,28' to RGB: input #228,26,28 is not in #RRGGBB format
[2026-09-29 17:55:07,834] multiqc.utils.mqc_colour                           [WARNING]  Error converting color '228,26,28' to RGB: input #228,26,28 is not in #RRGGBB format
[2026-09-29 17:55:07,836] multiqc.utils.mqc_colour                           [WARNING]  Error converting color '228,26,28' to RGB: input #228,26,28 is not in #RRGGBB format
[2026-09-29 17:55:07,837] multiqc.utils.mqc_colour                           [WARNING]  Error converting color '228,26,28' to RGB: input #228,26,28 is not in #RRGGBB format
[2026-09-29 17:55:07,838] multiqc.utils.mqc_colour                           [WARNING]  Error converting color '228,26,28' to RGB: input #228,26,28 is not in #RRGGBB format
[2026-09-29 17:55:07,839] multiqc.utils.mqc_colour                           [WARNING]  Error converting color '228,26,28' to RGB: input #228,26,28 is not in #RRGGBB format
[2026-09-29 17:55:07,840] multiqc.utils.mqc_colour                           [WARNING]  Error converting color '179,179,50' to RGB: input #179,179,50 is not in #RRGGBB format
[2026-09-29 17:55:07,842] multiqc.utils.mqc_colour                           [WARNING]  Error converting color '166,86,40' to RGB: input #166,86,40 is not in #RRGGBB format
[2026-09-29 17:55:07,843] multiqc.utils.mqc_colour                           [WARNING]  Error converting color '166,86,40' to RGB: input #166,86,40 is not in #RRGGBB format
[2026-09-29 17:55:07,844] multiqc.utils.mqc_colour                           [WARNING]  Error converting color '247,129,191' to RGB: input #247,129,191 is not in #RRGGBB format
[2026-09-29 17:55:07,845] multiqc.utils.mqc_colour                           [WARNING]  Error converting color '247,129,191' to RGB: input #247,129,191 is not in #RRGGBB format
[2026-09-29 17:55:07,846] multiqc.utils.mqc_colour                           [WARNING]  Error converting color '153,153,153' to RGB: input #153,153,153 is not in #RRGGBB format
[2026-09-29 17:55:07,848] multiqc.utils.mqc_colour                           [WARNING]  Error converting color '153,153,153' to RGB: input #153,153,153 is not in #RRGGBB format
[2026-09-29 17:55:07,849] multiqc.utils.mqc_colour                           [WARNING]  Error converting color '153,153,153' to RGB: input #153,153,153 is not in #RRGGBB format
[2026-09-29 17:55:07,850] multiqc.utils.mqc_colour                           [WARNING]  Error converting color '153,153,153' to RGB: input #153,153,153 is not in #RRGGBB format
[2026-09-29 17:55:07,852] multiqc.utils.mqc_colour                           [WARNING]  Error converting color '55,126,184' to RGB: input #55,126,184 is not in #RRGGBB format
[2026-09-29 17:55:07,853] multiqc.utils.mqc_colour                           [WARNING]  Error converting color '55,126,184' to RGB: input #55,126,184 is not in #RRGGBB format
[2026-09-29 17:55:07,854] multiqc.utils.mqc_colour                           [WARNING]  Error converting color '55,126,184' to RGB: input #55,126,184 is not in #RRGGBB format
[2026-09-29 17:55:07,862] multiqc.utils.mqc_colour                           [WARNING]  Error converting color '55,126,184' to RGB: input #55,126,184 is not in #RRGGBB format
[2026-09-29 17:55:07,862] multiqc.utils.mqc_colour                           [WARNING]  Error converting color '55,126,184' to RGB: input #55,126,184 is not in #RRGGBB format
[2026-09-29 17:55:07,869] multiqc.utils.mqc_colour                           [WARNING]  Error converting color '77,175,74' to RGB: input #77,175,74 is not in #RRGGBB format
[2026-09-29 17:55:07,869] multiqc.utils.mqc_colour                           [WARNING]  Error converting color '77,175,74' to RGB: input #77,175,74 is not in #RRGGBB format
[2026-09-29 17:55:07,877] multiqc.utils.mqc_colour                           [WARNING]  Error converting color '152,78,163' to RGB: input #152,78,163 is not in #RRGGBB format
[2026-09-29 17:55:07,877] multiqc.utils.mqc_colour                           [WARNING]  Error converting color '152,78,163' to RGB: input #152,78,163 is not in #RRGGBB format
[2026-09-29 17:55:07,884] multiqc.utils.mqc_colour                           [WARNING]  Error converting color '152,78,163' to RGB: input #152,78,163 is not in #RRGGBB format
[2026-09-29 17:55:07,884] multiqc.utils.mqc_colour                           [WARNING]  Error converting color '152,78,163' to RGB: input #152,78,163 is not in #RRGGBB format
[2026-09-29 17:55:07,891] multiqc.utils.mqc_colour                           [WARNING]  Error converting color '255,127,0' to RGB: input #255,127,0 is not in #RRGGBB format
[2026-09-29 17:55:07,891] multiqc.utils.mqc_colour                           [WARNING]  Error converting color '255,127,0' to RGB: input #255,127,0 is not in #RRGGBB format
[2026-09-29 17:55:07,899] multiqc.utils.mqc_colour                           [WARNING]  Error converting color '228,26,28' to RGB: input #228,26,28 is not in #RRGGBB format
[2026-09-29 17:55:07,899] multiqc.utils.mqc_colour                           [WARNING]  Error converting color '228,26,28' to RGB: input #228,26,28 is not in #RRGGBB format
[2026-09-29 17:55:07,906] multiqc.utils.mqc_colour                           [WARNING]  Error converting color '228,26,28' to RGB: input #228,26,28 is not in #RRGGBB format
[2026-09-29 17:55:07,906] multiqc.utils.mqc_colour                           [WARNING]  Error converting color '228,26,28' to RGB: input #228,26,28 is not in #RRGGBB format
[2026-09-29 17:55:07,914] multiqc.utils.mqc_colour                           [WARNING]  Error converting color '228,26,28' to RGB: input #228,26,28 is not in #RRGGBB format
[2026-09-29 17:55:07,914] multiqc.utils.mqc_colour                           [WARNING]  Error converting color '228,26,28' to RGB: input #228,26,28 is not in #RRGGBB format
[2026-09-29 17:55:07,921] multiqc.utils.mqc_colour                           [WARNING]  Error converting color '228,26,28' to RGB: input #228,26,28 is not in #RRGGBB format
[2026-09-29 17:55:07,921] multiqc.utils.mqc_colour                           [WARNING]  Error converting color '228,26,28' to RGB: input #228,26,28 is not in #RRGGBB format
[2026-09-29 17:55:07,928] multiqc.utils.mqc_colour                           [WARNING]  Error converting color '228,26,28' to RGB: input #228,26,28 is not in #RRGGBB format
[2026-09-29 17:55:07,928] multiqc.utils.mqc_colour                           [WARNING]  Error converting color '228,26,28' to RGB: input #228,26,28 is not in #RRGGBB format
[2026-09-29 17:55:07,936] multiqc.utils.mqc_colour                           [WARNING]  Error converting color '228,26,28' to RGB: input #228,26,28 is not in #RRGGBB format
[2026-09-29 17:55:07,936] multiqc.utils.mqc_colour                           [WARNING]  Error converting color '228,26,28' to RGB: input #228,26,28 is not in #RRGGBB format
[2026-09-29 17:55:07,943] multiqc.utils.mqc_colour                           [WARNING]  Error converting color '179,179,50' to RGB: input #179,179,50 is not in #RRGGBB format
[2026-09-29 17:55:07,943] multiqc.utils.mqc_colour                           [WARNING]  Error converting color '179,179,50' to RGB: input #179,179,50 is not in #RRGGBB format
[2026-09-29 17:55:07,950] multiqc.utils.mqc_colour                           [WARNING]  Error converting color '166,86,40' to RGB: input #166,86,40 is not in #RRGGBB format
[2026-09-29 17:55:07,950] multiqc.utils.mqc_colour                           [WARNING]  Error converting color '166,86,40' to RGB: input #166,86,40 is not in #RRGGBB format
[2026-09-29 17:55:07,958] multiqc.utils.mqc_colour                           [WARNING]  Error converting color '166,86,40' to RGB: input #166,86,40 is not in #RRGGBB format
[2026-09-29 17:55:07,958] multiqc.utils.mqc_colour                           [WARNING]  Error converting color '166,86,40' to RGB: input #166,86,40 is not in #RRGGBB format
[2026-09-29 17:55:07,965] multiqc.utils.mqc_colour                           [WARNING]  Error converting color '247,129,191' to RGB: input #247,129,191 is not in #RRGGBB format
[2026-09-29 17:55:07,965] multiqc.utils.mqc_colour                           [WARNING]  Error converting color '247,129,191' to RGB: input #247,129,191 is not in #RRGGBB format
[2026-09-29 17:55:07,987] multiqc.utils.mqc_colour                           [WARNING]  Error converting color '247,129,191' to RGB: input #247,129,191 is not in #RRGGBB format
[2026-09-29 17:55:07,987] multiqc.utils.mqc_colour                           [WARNING]  Error converting color '247,129,191' to RGB: input #247,129,191 is not in #RRGGBB format
[2026-09-29 17:55:08,008] multiqc.utils.mqc_colour                           [WARNING]  Error converting color '153,153,153' to RGB: input #153,153,153 is not in #RRGGBB format
[2026-09-29 17:55:08,008] multiqc.utils.mqc_colour                           [WARNING]  Error converting color '153,153,153' to RGB: input #153,153,153 is not in #RRGGBB format
[2026-09-29 17:55:08,029] multiqc.utils.mqc_colour                           [WARNING]  Error converting color '153,153,153' to RGB: input #153,153,153 is not in #RRGGBB format
[2026-09-29 17:55:08,029] multiqc.utils.mqc_colour                           [WARNING]  Error converting color '153,153,153' to RGB: input #153,153,153 is not in #RRGGBB format
[2026-09-29 17:55:08,050] multiqc.utils.mqc_colour                           [WARNING]  Error converting color '153,153,153' to RGB: input #153,153,153 is not in #RRGGBB format
[2026-09-29 17:55:08,050] multiqc.utils.mqc_colour                           [WARNING]  Error converting color '153,153,153' to RGB: input #153,153,153 is not in #RRGGBB format
[2026-09-29 17:55:08,071] multiqc.utils.mqc_colour                           [WARNING]  Error converting color '153,153,153' to RGB: input #153,153,153 is not in #RRGGBB format
[2026-09-29 17:55:08,071] multiqc.utils.mqc_colour                           [WARNING]  Error converting color '153,153,153' to RGB: input #153,153,153 is not in #RRGGBB format
[2026-09-29 17:55:08,092] multiqc.utils.mqc_colour                           [WARNING]  Error converting color '55,126,184' to RGB: input #55,126,184 is not in #RRGGBB format
[2026-09-29 17:55:08,092] multiqc.utils.mqc_colour                           [WARNING]  Error converting color '55,126,184' to RGB: input #55,126,184 is not in #RRGGBB format
[2026-09-29 17:55:08,113] multiqc.utils.mqc_colour                           [WARNING]  Error converting color '55,126,184' to RGB: input #55,126,184 is not in #RRGGBB format
[2026-09-29 17:55:08,113] multiqc.utils.mqc_colour                           [WARNING]  Error converting color '55,126,184' to RGB: input #55,126,184 is not in #RRGGBB format
[2026-09-29 17:55:08,135] multiqc.utils.mqc_colour                           [WARNING]  Error converting color '55,126,184' to RGB: input #55,126,184 is not in #RRGGBB format
[2026-09-29 17:55:08,135] multiqc.utils.mqc_colour                           [WARNING]  Error converting color '55,126,184' to RGB: input #55,126,184 is not in #RRGGBB format
[2026-09-29 17:55:08,643] multiqc.core.ai                                    [DEBUG  ]  Saved AI prompt to multiqc_data/llms-full.txt
[2026-09-29 17:55:08,643] multiqc.core.write_results                         [DEBUG  ]  Exporting plot data to files
[2026-09-29 17:55:08,644] multiqc.report                                     [DEBUG  ]  Wrote data file fastqc_raw_sequence_counts_plot.txt
[2026-09-29 17:55:08,645] multiqc.report                                     [DEBUG  ]  Wrote data file fastqc_raw_per_base_sequence_quality_plot.txt
[2026-09-29 17:55:08,646] multiqc.report                                     [DEBUG  ]  Wrote data file fastqc_raw_per_sequence_quality_scores_plot.txt
[2026-09-29 17:55:08,650] multiqc.report                                     [DEBUG  ]  Wrote data file fastqc_raw_per_sequence_gc_content_plot_Percentages.txt
[2026-09-29 17:55:08,653] multiqc.report                                     [DEBUG  ]  Wrote data file fastqc_raw_per_sequence_gc_content_plot_Counts.txt
[2026-09-29 17:55:08,654] multiqc.report                                     [DEBUG  ]  Wrote data file fastqc_raw_per_base_n_content_plot.txt
[2026-09-29 17:55:08,655] multiqc.report                                     [DEBUG  ]  Wrote data file fastqc_raw_sequence_duplication_levels_plot.txt
[2026-09-29 17:55:08,655] multiqc.report                                     [DEBUG  ]  Wrote data file fastqc_raw_overrepresented_sequences_plot.txt
[2026-09-29 17:55:08,656] multiqc.report                                     [DEBUG  ]  Wrote data file fastqc_raw_top_overrepresented_sequences_table.txt
[2026-09-29 17:55:08,660] multiqc.report                                     [DEBUG  ]  Wrote data file fastqc_raw_adapter_content_plot.txt
[2026-09-29 17:55:08,661] multiqc.report                                     [DEBUG  ]  Wrote data file fastqc_raw-status-check-heatmap.txt
[2026-09-29 17:55:08,661] multiqc.report                                     [DEBUG  ]  Wrote data file trim_galore_filtered_reads_plot.txt
[2026-09-29 17:55:08,664] multiqc.report                                     [DEBUG  ]  Wrote data file trim_galore_adapter_length_plot.txt
[2026-09-29 17:55:08,664] multiqc.report                                     [DEBUG  ]  Wrote data file trim_galore_pair_validation_table.txt
[2026-09-29 17:55:08,665] multiqc.report                                     [DEBUG  ]  Wrote data file fastqc_trimmed_sequence_counts_plot.txt
[2026-09-29 17:55:08,666] multiqc.report                                     [DEBUG  ]  Wrote data file fastqc_trimmed_per_base_sequence_quality_plot.txt
[2026-09-29 17:55:08,667] multiqc.report                                     [DEBUG  ]  Wrote data file fastqc_trimmed_per_sequence_quality_scores_plot.txt
[2026-09-29 17:55:08,671] multiqc.report                                     [DEBUG  ]  Wrote data file fastqc_trimmed_per_sequence_gc_content_plot_Percentages.txt
[2026-09-29 17:55:08,674] multiqc.report                                     [DEBUG  ]  Wrote data file fastqc_trimmed_per_sequence_gc_content_plot_Counts.txt
[2026-09-29 17:55:08,675] multiqc.report                                     [DEBUG  ]  Wrote data file fastqc_trimmed_per_base_n_content_plot.txt
[2026-09-29 17:55:08,676] multiqc.report                                     [DEBUG  ]  Wrote data file fastqc_sequence_length_distribution_plot.txt
[2026-09-29 17:55:08,677] multiqc.report                                     [DEBUG  ]  Wrote data file fastqc_trimmed_sequence_duplication_levels_plot.txt
[2026-09-29 17:55:08,677] multiqc.report                                     [DEBUG  ]  Wrote data file fastqc_trimmed_overrepresented_sequences_plot.txt
[2026-09-29 17:55:08,677] multiqc.report                                     [DEBUG  ]  Wrote data file fastqc_trimmed_top_overrepresented_sequences_table.txt
[2026-09-29 17:55:08,680] multiqc.report                                     [DEBUG  ]  Wrote data file fastqc_trimmed_adapter_content_plot.txt
[2026-09-29 17:55:08,680] multiqc.report                                     [DEBUG  ]  Wrote data file fastqc_trimmed-status-check-heatmap.txt
[2026-09-29 17:55:08,680] multiqc.report                                     [DEBUG  ]  Wrote data file picard_deduplication.txt
[2026-09-29 17:55:08,680] multiqc.report                                     [DEBUG  ]  Wrote data file qualimap_genomic_origin.txt
[2026-09-29 17:55:08,682] multiqc.report                                     [DEBUG  ]  Wrote data file qualimap_gene_coverage_profile_Counts.txt
[2026-09-29 17:55:08,684] multiqc.report                                     [DEBUG  ]  Wrote data file qualimap_gene_coverage_profile_Normalised.txt
[2026-09-29 17:55:08,684] multiqc.report                                     [DEBUG  ]  Wrote data file rseqc_read_distribution_plot.txt
[2026-09-29 17:55:08,686] multiqc.report                                     [DEBUG  ]  Wrote data file rseqc_inner_distance_plot_Counts.txt
[2026-09-29 17:55:08,688] multiqc.report                                     [DEBUG  ]  Wrote data file rseqc_inner_distance_plot_Percentages.txt
[2026-09-29 17:55:08,690] multiqc.report                                     [DEBUG  ]  Wrote data file rseqc_read_dups_plot.txt
[2026-09-29 17:55:08,690] multiqc.report                                     [DEBUG  ]  Wrote data file rseqc_junction_annotation_junctions_plot_Junctions.txt
[2026-09-29 17:55:08,690] multiqc.report                                     [DEBUG  ]  Wrote data file rseqc_junction_annotation_junctions_plot_Events.txt
[2026-09-29 17:55:08,691] multiqc.report                                     [DEBUG  ]  Wrote data file rseqc_junction_saturation_plot_All_Junctions.txt
[2026-09-29 17:55:08,691] multiqc.report                                     [DEBUG  ]  Wrote data file rseqc_junction_saturation_plot_Known_Junctions.txt
[2026-09-29 17:55:08,692] multiqc.report                                     [DEBUG  ]  Wrote data file rseqc_junction_saturation_plot_Novel_Junctions.txt
[2026-09-29 17:55:08,692] multiqc.report                                     [DEBUG  ]  Wrote data file rseqc_infer_experiment_plot.txt
[2026-09-29 17:55:08,692] multiqc.report                                     [DEBUG  ]  Wrote data file rseqc_bam_stat.txt
[2026-09-29 17:55:08,693] multiqc.report                                     [DEBUG  ]  Wrote data file samtools_alignment_plot.txt
[2026-09-29 17:55:08,699] multiqc.report                                     [DEBUG  ]  Wrote data file samtools_insert_size.txt
[2026-09-29 17:55:08,699] multiqc.report                                     [DEBUG  ]  Wrote data file samtools-stats-dp.txt
[2026-09-29 17:55:08,700] multiqc.report                                     [DEBUG  ]  Wrote data file samtools-flagstat-table.txt
[2026-09-29 17:55:08,700] multiqc.report                                     [DEBUG  ]  Wrote data file samtools-flagstat-pct-table.txt
[2026-09-29 17:55:08,700] multiqc.report                                     [DEBUG  ]  Wrote data file samtools-idxstats-xy-plot.txt
[2026-09-29 17:55:08,701] multiqc.report                                     [DEBUG  ]  Wrote data file samtools-idxstats-mapped-reads-plot_Normalised_Counts.txt
[2026-09-29 17:55:08,701] multiqc.report                                     [DEBUG  ]  Wrote data file samtools-idxstats-mapped-reads-plot_Observed_over_Expected_Counts.txt
[2026-09-29 17:55:08,701] multiqc.report                                     [DEBUG  ]  Wrote data file samtools-idxstats-mapped-reads-plot_Raw_Counts.txt
[2026-09-29 17:55:08,702] multiqc.report                                     [DEBUG  ]  Wrote data file star_summary_table.txt
[2026-09-29 17:55:08,702] multiqc.report                                     [DEBUG  ]  Wrote data file star_alignment_plot.txt
[2026-09-29 17:55:08,702] multiqc.core.write_results                         [DEBUG  ]  Moving data file from '/tmp/nahfl959-3882795/tmp1tgtkrmu/multiqc_data' to '/tmp/nahfl959-3882795/nxf.FrSQKQP1KV/multiqc_report_data'
[2026-09-29 17:55:09,380] multiqc.core.write_results                         [INFO   ]  Data        : multiqc_report_data
[2026-09-29 17:55:09,414] multiqc.core.write_results                         [DEBUG  ]  Compressing plot data
[2026-09-29 17:55:09,816] multiqc.core.write_results                         [INFO   ]  Report      : multiqc_report.html
[2026-09-29 17:55:09,816] multiqc.core.write_results                         [DEBUG  ]  Moving plots directory from '/tmp/nahfl959-3882795/tmp1tgtkrmu/multiqc_plots' to '/tmp/nahfl959-3882795/nxf.FrSQKQP1KV/multiqc_report_plots'
[2026-09-29 17:55:09,851] multiqc.core.write_results                         [INFO   ]  Plots       : multiqc_report_plots
