[2025-10-01 00:08:33,273] root                                               [DEBUG  ]  Logging to file: /scratch/15612049/tmp3kiy2ieo/multiqc.log
[2025-10-01 00:08:33,273] multiqc.core.update_config                         [DEBUG  ]  This is MultiQC v1.31
[2025-10-01 00:08:33,273] multiqc.core.update_config                         [DEBUG  ]  Running Python 3.13.7 | packaged by conda-forge | (main, Sep  3 2025, 14:30:35) [GCC 14.3.0]
[2025-10-01 00:08:33,466] multiqc.config                                     [INFO   ]  Loading config settings from: multiqc_config.yml
[2025-10-01 00:08:33,466] multiqc.config                                     [DEBUG  ]  New config: {'report_comment': 'This report has been generated by the <a href="https://github.com/nf-core/rnaseq/releases/tag/3.21.0" target="_blank">nf-core/rnaseq</a> analysis pipeline. For information about how to interpret these results, please see the <a href="https://nf-co.re/rnaseq/3.21.0/docs/output" target="_blank">documentation</a>.\n', 'report_section_order': {'sample-status': {'order': 5004}, 'fail_trimmed_samples-module': {'order': 5003}, 'fail_mapped_samples-module': {'order': 5002}, 'fail_strand_check-module': {'order': 5001}, 'fastqc_raw': {'order': 4004}, 'cutadapt': {'order': 4003}, 'fastp': {'order': 4003}, 'fastqc_trimmed': {'order': 4002}, 'star': {'order': 3000}, 'hisat2': {'order': 3000}, 'samtools': {'order': 3000}, 'dupradar-module': {'order': 3000}, 'featurecounts_biotype': {'order': 3000}, 'picard': {'order': 3000}, 'preseq': {'order': 3000}, 'qualimap': {'order': 3000}, 'rseqc': {'order': 3000}, 'umitools': {'order': 3000}, 'rsem': {'order': 2000}, 'salmon': {'order': 2000}, 'kallisto': {'order': 2000}, 'sample-relationships': {'order': 1006}, 'star_salmon_deseq2_pca': {'order': 1005}, 'star_salmon_deseq2_clustering': {'order': 1004}, 'salmon_deseq2_pca': {'order': 1003}, 'salmon_deseq2_clustering': {'order': 1002}, 'star_rsem_deseq2_pca': {'order': 1001}, 'star_rsem_deseq2_clustering': {'order': 1000}, 'nf-core-rnaseq-methods-description-module': {'order': -1000}, 'software_versions-module': {'order': -1001}, 'nf-core-rnaseq-summary-module': {'order': -1002}}, 'export_plots': True, 'disable_version_detection': True, 'sample_names_replace_exact': True, 'run_modules': ['custom_content', 'fastqc', 'cutadapt', 'fastp', 'sortmerna', 'star', 'hisat2', 'rsem', 'umitools', 'salmon', 'kallisto', 'samtools', 'picard', 'preseq', 'rseqc', 'qualimap', 'kraken'], 'module_order': [{'fastqc': {'anchor': 'fastqc_raw', 'name': 'FastQC (raw)', 'info': 'This section of the report shows FastQC results before adapter trimming.', 'path_filters': ['*_raw*fastqc.zip']}}, 'cutadapt', 'fastp', {'fastqc': {'anchor': 'fastqc_trimmed', 'name': 'FastQC (trimmed)', 'info': 'This section of the report shows FastQC results after adapter trimming.', 'path_filters': ['*_trimmed*fastqc.zip']}}], 'table_columns_visible': {'FastQC (raw)': {'percent_duplicates': False}, 'FastQC (trimmed)': {'percent_duplicates': False}}, 'fn_ignore_files': ['*umi_dedup.transcriptome.sorted.log'], 'custom_data': {'fail_trimmed_samples': {'section_name': 'WARNING: Fail Trimming Check', 'description': "List of samples that failed the minimum trimmed reads threshold specified via the '--min_trimmed_reads' parameter, and hence were ignored for the downstream processing steps.", 'plot_type': 'table', 'pconfig': {'id': 'fail_trimmed_samples_table', 'title': 'Samples failed trimming threshold', 'namespace': 'Samples failed trimming threshold'}}, 'fail_mapped_samples': {'section_name': 'WARNING: Fail Alignment Check', 'description': "List of samples that failed the STAR minimum mapped reads threshold specified via the '--min_mapped_reads' parameter, and hence were ignored for the downstream processing steps.", 'plot_type': 'table', 'pconfig': {'id': 'fail_mapped_samples_table', 'title': 'Samples failed mapping threshold', 'namespace': 'Samples failed mapping threshold'}}, 'fail_strand_check': {'section_name': 'Strandedness Checks', 'description': "<p>The strandedness used for analysis in this workflow can either be provided by the user or automatically inferred by <b>Salmon</b> using a sample of reads. In both cases, strandedness is verified at the end of the workflow using <b>RSeQC</b>'s <a href='http://rseqc.sourceforge.net/#infer-experiment-py'>infer_experiment.py</a> on genomic alignments. In this table, a pass indicates a match between the supplied strandedness (or that inferred by Salmon) and RSeQC results. A fail indicates a mismatch or 'undetermined' strandedness. 'Undetermined' strandedness can signal QC issues, including potential genomic DNA contamination.</p><p><b>Note:</b> Rows are duplicated for an 'auto' setting to allow comparison of statistics between inference methods.</p>", 'plot_type': 'table', 'pconfig': {'id': 'fail_strand_check_table', 'title': 'Samples strandedness check', 'namespace': 'Samples strandedness check'}, 'headers': {'Status': {'description': 'Pass if the strandedness inferred by RSeQC matches that provided by the user or predicted by Salmon. Fail otherwise.'}, 'Strand inference method': {'description': 'Tool used to detect strandedness'}, 'Provided strandedness': {'description': 'User-provided strandedness', 'cond_formatting_rules': {'blue': [{'s_eq': 'auto'}], 'black': [{'s_eq': 'forward'}], 'grey': [{'s_eq': 'reverse'}]}, 'cond_formatting_colours': [{'grey': '#AAB7B8'}, {'black': '#17202A'}]}, 'Inferred strandedness': {'description': 'Interred strandedness', 'cond_formatting_rules': {'blue': [{'s_eq': 'auto'}], 'black': [{'s_eq': 'forward'}], 'grey': [{'s_eq': 'reverse'}]}, 'cond_formatting_colours': [{'grey': '#AAB7B8'}, {'black': '#17202A'}]}, 'Sense (%)': {'max': 100}, 'Antisense (%)': {'max': 100}, 'Unstranded (%)': {'max': 100}}}}}
[2025-10-01 00:08:33,466] multiqc.config                                     [DEBUG  ]  Added to filename patterns: [{'cutadapt': {'fn': '*trimming_report.txt'}, 'fastp': {'fn': '*.fastp.json'}, 'sortmerna': {'fn': '*.sortmerna.log'}, 'hisat2': {'fn': '*.hisat2.summary.log'}, 'salmon/meta': {'fn': 'meta_info.json'}, 'preseq': {'fn': '*.lc_extrap.txt'}, 'samtools/stats': {'fn': '*.stats'}, 'samtools/flagstat': {'fn': '*.flagstat'}, 'samtools/idxstats': {'fn': '*.idxstats*'}, 'kraken': [{'fn': '*.kraken2.report.txt'}, {'fn': '*.kraken2.report_bracken.txt'}], 'rseqc/bam_stat': {'fn': '*.bam_stat.txt'}, 'rseqc/gene_body_coverage': {'skip': True}, 'rseqc/junction_annotation': {'fn': '*.junction_annotation.log'}, 'rseqc/read_gc': {'skip': True}, 'rseqc/read_distribution': {'fn': '*.read_distribution.txt'}, 'rseqc/infer_experiment': {'fn': '*.infer_experiment.txt'}, 'rseqc/tin': {'fn': '*.summary.txt'}, 'picard/markdups': {'fn': '*.MarkDuplicates.metrics.txt'}, 'picard/alignment_metrics': {'skip': True}, 'picard/basedistributionbycycle': {'skip': True}, 'picard/gcbias': {'skip': True}, 'picard/hsmetrics': {'skip': True}, 'picard/insertsize': {'skip': True}, 'picard/oxogmetrics': {'skip': True}, 'picard/pcr_metrics': {'skip': True}, 'picard/quality_by_cycle': {'skip': True}, 'picard/quality_score_distribution': {'skip': True}, 'picard/quality_yield_metrics': {'skip': True}, 'picard/rnaseqmetrics': {'skip': True}, 'picard/rrbs_metrics': {'skip': True}, 'picard/sam_file_validation': {'skip': True}, 'picard/variant_calling_metrics': {'skip': True}, 'picard/wgs_metrics': {'skip': True}}]
[2025-10-01 00:08:33,466] multiqc.config                                     [DEBUG  ]  Added to filename clean extensions: [['.umi_dedup', '_val', '.markdup', '_primary']]
[2025-10-01 00:08:33,467] multiqc.config                                     [DEBUG  ]  Loading sample replace config settings from: name_replacement.txt
[2025-10-01 00:08:33,777] multiqc.config                                     [DEBUG  ]  Found 96 sample replacing patterns
[2025-10-01 00:08:33,792] urllib3.connectionpool                             [DEBUG  ]  Starting new HTTPS connection (1): api.multiqc.info:443
[2025-10-01 00:08:33,935] urllib3.connectionpool                             [DEBUG  ]  https://api.multiqc.info:443 "GET /version?version_multiqc=1.31&version_python=3.13.7&operating_system=Linux&is_docker=False&is_singularity=True&is_conda=True&is_ci=False&is_notebook=False&ai_summary=False&ai_summary_full=False&ai_provider=seqera HTTP/1.1" 200 178
[2025-10-01 00:08:33,935] multiqc.core.version_check                         [DEBUG  ]  Latest MultiQC version is v1.31, released 2025-09-05
[2025-10-01 00:08:33,936] multiqc.multiqc                                    [DEBUG  ]  Working dir : /scratch/15612049/nxf.3xZ5GB01x2
[2025-10-01 00:08:33,936] multiqc.multiqc                                    [DEBUG  ]  Template    : default
[2025-10-01 00:08:33,936] multiqc.multiqc                                    [DEBUG  ]  Command used: /opt/conda/bin/multiqc --force --config multiqc_config.yml --filename multiqc_report.html --replace-names name_replacement.txt .
[2025-10-01 00:08:33,936] multiqc.core.file_search                           [INFO   ]  Search path: /scratch/15612049/nxf.3xZ5GB01x2
[2025-10-01 00:08:33,937] multiqc.core.file_search                           [INFO   ]  Only using modules: custom_content, hisat2, kallisto, kraken, picard, preseq, qualimap, rsem, rseqc, salmon, samtools, sortmerna, star, umitools, fastqc, cutadapt, fastp, fastqc
[2025-10-01 00:08:33,937] multiqc.core.file_search                           [DEBUG  ]  Analysing modules: custom_content, hisat2, kallisto, kraken, picard, preseq, qualimap, rsem, rseqc, salmon, samtools, sortmerna, star, umitools, fastqc, cutadapt, fastp, fastqc
[2025-10-01 00:08:33,937] multiqc.core.file_search                           [DEBUG  ]  Search keys: custom_content, cutadapt, fail_mapped_samples, fail_strand_check, fail_trimmed_samples, fastp, fastqc, fastqc, hisat2, kallisto, kraken, multiqc_data, picard, preseq, qualimap, rsem, rseqc, salmon, samtools, software_versions, sortmerna, star, umitools
[2025-10-01 00:08:33,939] multiqc.report                                     [DEBUG  ]  Ignored 301 search patterns that didn't match running modules
[2025-10-01 00:08:33,939] multiqc.report                                     [INFO   ]  Skipping 5 file search patterns
[2025-10-01 00:08:33,939] multiqc.report                                     [DEBUG  ]  Skipping search patterns: picard/basedistributionbycycle, picard/sam_file_validation, picard/variant_calling_metrics, rseqc/gene_body_coverage, rseqc/read_gc
[2025-10-01 00:09:33,348] multiqc.report                                     [DEBUG  ]  Summary of files that were skipped by the search: |skipped_module_specific_max_filesize: 48|, |skipped_no_match: 517|
[2025-10-01 00:09:33,350] multiqc.core.exec_modules                          [DEBUG  ]  Running module: custom_content
[2025-10-01 00:09:44,634] multiqc.plots.plot                                 [DEBUG  ]  merge_with_previous for featurecounts_biotype_plot: found old_data = False
[2025-10-01 00:09:44,634] multiqc.plots.plot                                 [DEBUG  ]  merge_with_previous for featurecounts_biotype_plot: no old data or empty, using new data only
[2025-10-01 00:09:44,892] multiqc.report                                     [DEBUG  ]  Wrote data file multiqc_featurecounts_biotype_plot.txt
[2025-10-01 00:09:44,893] multiqc.report                                     [DEBUG  ]  Wrote data file multiqc_featurecounts_biotype_plot.json
[2025-10-01 00:09:44,893] multiqc.core.special_case_modules.custom_content   [INFO   ]  biotype_counts: Found 1 samples (PlotType.BAR)
[2025-10-01 00:09:44,893] multiqc.core.special_case_modules.custom_content   [INFO   ]  biotype-gs: Found 16 General Statistics columns
[2025-10-01 00:09:44,926] multiqc.validation                                 [WARNING]  warnings while parsing lineplot.pconfig[id='dupradar'].x_lines {color: green, dash: longdash, label: {text: 0.5 RPKM}, value: 0.5, width: 1} (total messages: 2):
• 'dash': 'LongDash' is a deprecated dash style, use 'longdash'
• 'label': Line plot's x_lines or y_lines 'label' field is expected to be a string. Other fields other than 'text' are deprecated and will be ignored
[2025-10-01 00:09:44,927] multiqc.validation                                 [WARNING]  warnings while parsing lineplot.pconfig[id='dupradar'].x_lines {color: red, dash: longdash, label: {text: 1 read/bp}, value: 1000, width: 1} (total messages: 2):
• 'dash': 'LongDash' is a deprecated dash style, use 'longdash'
• 'label': Line plot's x_lines or y_lines 'label' field is expected to be a string. Other fields other than 'text' are deprecated and will be ignored
[2025-10-01 00:09:44,948] multiqc.plots.plot                                 [DEBUG  ]  merge_with_previous for dupradar-section-plot: found old_data = False
[2025-10-01 00:09:44,948] multiqc.plots.plot                                 [DEBUG  ]  merge_with_previous for dupradar-section-plot: no old data or empty, using new data only
[2025-10-01 00:09:45,100] multiqc.report                                     [DEBUG  ]  Wrote data file multiqc_dupradar.txt
[2025-10-01 00:09:45,150] multiqc.report                                     [DEBUG  ]  Wrote data file multiqc_dupradar.json
[2025-10-01 00:09:45,151] multiqc.core.special_case_modules.custom_content   [INFO   ]  dupradar: Found 1 samples (PlotType.LINE)
[2025-10-01 00:09:45,151] multiqc.core.special_case_modules.custom_content   [INFO   ]  DupInt: Found 16 General Statistics columns
[2025-10-01 00:09:45,153] multiqc.plots.plot                                 [DEBUG  ]  merge_with_previous for fail_strand_check_table: found old_data = False
[2025-10-01 00:09:45,153] multiqc.plots.plot                                 [DEBUG  ]  merge_with_previous for fail_strand_check_table: no old data or empty, using new data only
[2025-10-01 00:09:45,194] multiqc.report                                     [DEBUG  ]  Wrote data file multiqc_fail_strand_check_table.txt
[2025-10-01 00:09:45,194] multiqc.report                                     [DEBUG  ]  Wrote data file multiqc_fail_strand_check_table.json
[2025-10-01 00:09:45,195] multiqc.core.special_case_modules.custom_content   [INFO   ]  fail_strand_check: Found 32 samples (PlotType.TABLE)
[2025-10-01 00:09:45,195] multiqc.core.special_case_modules.custom_content   [INFO   ]  nf-core-rnaseq-methods-description: Found 1 sample (html)
[2025-10-01 00:09:45,196] multiqc.plots.plot                                 [DEBUG  ]  merge_with_previous for star_salmon_deseq2_clustering-plot: found old_data = False
[2025-10-01 00:09:45,196] multiqc.plots.plot                                 [DEBUG  ]  merge_with_previous for star_salmon_deseq2_clustering-plot: no old data or empty, using new data only
[2025-10-01 00:09:45,220] multiqc.report                                     [DEBUG  ]  Wrote data file multiqc_star_salmon_deseq2_clustering.txt
[2025-10-01 00:09:45,220] multiqc.report                                     [DEBUG  ]  Wrote data file multiqc_star_salmon_deseq2_clustering.json
[2025-10-01 00:09:45,221] multiqc.core.special_case_modules.custom_content   [INFO   ]  star_salmon_deseq2_clustering: Found 16 samples (PlotType.HEATMAP)
[2025-10-01 00:09:45,221] multiqc.plots.plot                                 [DEBUG  ]  merge_with_previous for star_salmon_deseq2_pca-plot: found old_data = False
[2025-10-01 00:09:45,221] multiqc.plots.plot                                 [DEBUG  ]  merge_with_previous for star_salmon_deseq2_pca-plot: no old data or empty, using new data only
[2025-10-01 00:09:45,239] multiqc.report                                     [DEBUG  ]  Wrote data file multiqc_star_salmon_deseq2_pca.txt
[2025-10-01 00:09:45,240] multiqc.report                                     [DEBUG  ]  Wrote data file multiqc_star_salmon_deseq2_pca.json
[2025-10-01 00:09:45,240] multiqc.core.special_case_modules.custom_content   [INFO   ]  star_salmon_deseq2_pca: Found 16 samples (PlotType.SCATTER)
[2025-10-01 00:09:45,241] multiqc.core.special_case_modules.custom_content   [INFO   ]  nf-core-rnaseq-summary: Found 1 sample (html)
[2025-10-01 00:09:45,242] multiqc.core.exec_modules                          [DEBUG  ]  Running module: picard
[2025-10-01 00:09:45,268] multiqc.modules.picard.picard                      [DEBUG  ]  Running picard tool AlignmentSummaryMetrics
[2025-10-01 00:09:45,268] multiqc.modules.picard.picard                      [DEBUG  ]  Running picard tool BaseDistributionByCycleMetrics
[2025-10-01 00:09:45,268] multiqc.modules.picard.picard                      [DEBUG  ]  Running picard tool IlluminaBasecallingMetrics
[2025-10-01 00:09:45,268] multiqc.modules.picard.picard                      [DEBUG  ]  Running picard tool IlluminaLaneMetrics
[2025-10-01 00:09:45,268] multiqc.modules.picard.picard                      [DEBUG  ]  Running picard tool CrosscheckFingerprints
[2025-10-01 00:09:45,268] multiqc.modules.picard.picard                      [DEBUG  ]  Running picard tool ExtractIlluminaBarcodes
[2025-10-01 00:09:45,268] multiqc.modules.picard.picard                      [DEBUG  ]  Running picard tool GcBiasMetrics
[2025-10-01 00:09:45,268] multiqc.modules.picard.picard                      [DEBUG  ]  Running picard tool HsMetrics
[2025-10-01 00:09:45,268] multiqc.modules.picard.picard                      [DEBUG  ]  Running picard tool InsertSizeMetrics
[2025-10-01 00:09:45,268] multiqc.modules.picard.picard                      [DEBUG  ]  Running picard tool MarkDuplicates
[2025-10-01 00:09:45,699] multiqc.report                                     [DEBUG  ]  Wrote data file multiqc_picard_dups.txt
[2025-10-01 00:09:45,699] multiqc.report                                     [DEBUG  ]  Wrote data file multiqc_picard_dups.json
[2025-10-01 00:09:45,700] multiqc.plots.plot                                 [DEBUG  ]  merge_with_previous for picard_deduplication: found old_data = False
[2025-10-01 00:09:45,700] multiqc.plots.plot                                 [DEBUG  ]  merge_with_previous for picard_deduplication: no old data or empty, using new data only
[2025-10-01 00:09:45,725] multiqc.modules.picard.picard                      [INFO   ]  Found 16 MarkDuplicates reports
[2025-10-01 00:09:45,725] multiqc.modules.picard.picard                      [DEBUG  ]  Running picard tool MarkIlluminaAdapters
[2025-10-01 00:09:45,725] multiqc.report                                     [DEBUG  ]  Wrote data file picard_MarkIlluminaAdapters_histogram.txt
[2025-10-01 00:09:45,725] multiqc.report                                     [DEBUG  ]  Wrote data file picard_MarkIlluminaAdapters_histogram.json
[2025-10-01 00:09:45,725] multiqc.modules.picard.picard                      [DEBUG  ]  Running picard tool OxoGMetrics
[2025-10-01 00:09:45,725] multiqc.modules.picard.picard                      [DEBUG  ]  Running picard tool QualityByCycleMetrics
[2025-10-01 00:09:45,726] multiqc.report                                     [DEBUG  ]  Wrote data file picard_MeanQualityByCycle_histogram.txt
[2025-10-01 00:09:45,726] multiqc.report                                     [DEBUG  ]  Wrote data file picard_MeanQualityByCycle_histogram.json
[2025-10-01 00:09:45,726] multiqc.report                                     [DEBUG  ]  Wrote data file picard_MeanQualityByCycle_histogram_1.txt
[2025-10-01 00:09:45,726] multiqc.report                                     [DEBUG  ]  Wrote data file picard_MeanQualityByCycle_histogram_1.json
[2025-10-01 00:09:45,726] multiqc.modules.picard.picard                      [DEBUG  ]  Running picard tool QualityScoreDistributionMetrics
[2025-10-01 00:09:45,726] multiqc.report                                     [DEBUG  ]  Wrote data file picard_QualityScoreDistribution_histogram.txt
[2025-10-01 00:09:45,727] multiqc.report                                     [DEBUG  ]  Wrote data file picard_QualityScoreDistribution_histogram.json
[2025-10-01 00:09:45,727] multiqc.modules.picard.picard                      [DEBUG  ]  Running picard tool QualityYieldMetrics
[2025-10-01 00:09:45,727] multiqc.modules.picard.picard                      [DEBUG  ]  Running picard tool RnaSeqMetrics
[2025-10-01 00:09:45,727] multiqc.modules.picard.picard                      [DEBUG  ]  Running picard tool RrbsSummaryMetrics
[2025-10-01 00:09:45,727] multiqc.modules.picard.picard                      [DEBUG  ]  Running picard tool TargetedPcrMetrics
[2025-10-01 00:09:45,727] multiqc.modules.picard.picard                      [DEBUG  ]  Running picard tool ValidateSamFile
[2025-10-01 00:09:45,727] multiqc.modules.picard.picard                      [DEBUG  ]  Running picard tool VariantCallingMetrics
[2025-10-01 00:09:45,727] multiqc.modules.picard.picard                      [DEBUG  ]  Running picard tool WgsMetrics
[2025-10-01 00:09:45,727] multiqc.base_module                                [DEBUG  ]  picard: deleting attribute self.general_stats_headers
[2025-10-01 00:09:45,727] multiqc.base_module                                [DEBUG  ]  picard: deleting attribute self.general_stats_data
[2025-10-01 00:09:45,727] multiqc.base_module                                [DEBUG  ]  picard: deleting attribute self.samples_parsed_by_tool
[2025-10-01 00:09:45,727] multiqc.core.exec_modules                          [DEBUG  ]  Running module: qualimap
[2025-10-01 00:09:51,187] multiqc.report                                     [DEBUG  ]  Wrote data file qualimap_rnaseq_genome_results.txt
[2025-10-01 00:09:51,188] multiqc.report                                     [DEBUG  ]  Wrote data file qualimap_rnaseq_genome_results.json
[2025-10-01 00:09:51,188] multiqc.plots.plot                                 [DEBUG  ]  merge_with_previous for qualimap_genomic_origin: found old_data = False
[2025-10-01 00:09:51,188] multiqc.plots.plot                                 [DEBUG  ]  merge_with_previous for qualimap_genomic_origin: no old data or empty, using new data only
[2025-10-01 00:09:51,213] multiqc.report                                     [DEBUG  ]  Wrote data file qualimap_rnaseq_cov_hist.txt
[2025-10-01 00:09:51,216] multiqc.report                                     [DEBUG  ]  Wrote data file qualimap_rnaseq_cov_hist.json
[2025-10-01 00:09:51,226] multiqc.plots.plot                                 [DEBUG  ]  merge_with_previous for qualimap_gene_coverage_profile: found old_data = False
[2025-10-01 00:09:51,226] multiqc.plots.plot                                 [DEBUG  ]  merge_with_previous for qualimap_gene_coverage_profile: no old data or empty, using new data only
[2025-10-01 00:09:51,253] multiqc.modules.qualimap.qualimap                  [INFO   ]  Found 16 RNASeq reports
[2025-10-01 00:09:51,253] multiqc.core.exec_modules                          [DEBUG  ]  Running module: rseqc
[2025-10-01 00:09:51,512] multiqc.report                                     [DEBUG  ]  Wrote data file multiqc_rseqc_read_distribution.txt
[2025-10-01 00:09:51,514] multiqc.report                                     [DEBUG  ]  Wrote data file multiqc_rseqc_read_distribution.json
[2025-10-01 00:09:51,516] multiqc.plots.plot                                 [DEBUG  ]  merge_with_previous for rseqc_read_distribution_plot: found old_data = False
[2025-10-01 00:09:51,516] multiqc.plots.plot                                 [DEBUG  ]  merge_with_previous for rseqc_read_distribution_plot: no old data or empty, using new data only
[2025-10-01 00:09:51,552] multiqc.modules.rseqc.rseqc                        [INFO   ]  Found 16 read_distribution reports
[2025-10-01 00:09:56,120] multiqc.report                                     [DEBUG  ]  Wrote data file rseqc_inner_distance.txt
[2025-10-01 00:09:56,128] multiqc.report                                     [DEBUG  ]  Wrote data file rseqc_inner_distance.json
[2025-10-01 00:09:56,146] multiqc.plots.plot                                 [DEBUG  ]  merge_with_previous for rseqc_inner_distance_plot: found old_data = False
[2025-10-01 00:09:56,146] multiqc.plots.plot                                 [DEBUG  ]  merge_with_previous for rseqc_inner_distance_plot: no old data or empty, using new data only
[2025-10-01 00:09:56,195] multiqc.modules.rseqc.rseqc                        [INFO   ]  Found 16 inner_distance reports
[2025-10-01 00:09:58,627] multiqc.report                                     [DEBUG  ]  Wrote data file rseqc_read_dups.txt
[2025-10-01 00:09:58,637] multiqc.report                                     [DEBUG  ]  Wrote data file rseqc_read_dups.json
[2025-10-01 00:09:58,643] multiqc.plots.plot                                 [DEBUG  ]  merge_with_previous for rseqc_read_dups_plot: found old_data = False
[2025-10-01 00:09:58,643] multiqc.plots.plot                                 [DEBUG  ]  merge_with_previous for rseqc_read_dups_plot: no old data or empty, using new data only
[2025-10-01 00:09:58,674] multiqc.modules.rseqc.rseqc                        [INFO   ]  Found 16 read_duplication reports
[2025-10-01 00:09:58,791] multiqc.report                                     [DEBUG  ]  Wrote data file multiqc_rseqc_junction_annotation.txt
[2025-10-01 00:09:58,792] multiqc.report                                     [DEBUG  ]  Wrote data file multiqc_rseqc_junction_annotation.json
[2025-10-01 00:09:58,793] multiqc.plots.plot                                 [DEBUG  ]  merge_with_previous for rseqc_junction_annotation_junctions_plot: found old_data = False
[2025-10-01 00:09:58,793] multiqc.plots.plot                                 [DEBUG  ]  merge_with_previous for rseqc_junction_annotation_junctions_plot: no old data or empty, using new data only
[2025-10-01 00:09:58,817] multiqc.modules.rseqc.rseqc                        [INFO   ]  Found 16 junction_annotation reports
[2025-10-01 00:10:01,942] multiqc.report                                     [DEBUG  ]  Wrote data file rseqc_junction_saturation_all.txt
[2025-10-01 00:10:01,943] multiqc.report                                     [DEBUG  ]  Wrote data file rseqc_junction_saturation_all.json
[2025-10-01 00:10:01,944] multiqc.report                                     [DEBUG  ]  Wrote data file junction_saturation_known.txt
[2025-10-01 00:10:01,946] multiqc.report                                     [DEBUG  ]  Wrote data file junction_saturation_known.json
[2025-10-01 00:10:01,947] multiqc.report                                     [DEBUG  ]  Wrote data file junction_saturation_novel.txt
[2025-10-01 00:10:01,948] multiqc.report                                     [DEBUG  ]  Wrote data file junction_saturation_novel.json
[2025-10-01 00:10:01,961] multiqc.plots.plot                                 [DEBUG  ]  merge_with_previous for rseqc_junction_saturation_plot: found old_data = False
[2025-10-01 00:10:01,961] multiqc.plots.plot                                 [DEBUG  ]  merge_with_previous for rseqc_junction_saturation_plot: no old data or empty, using new data only
[2025-10-01 00:10:01,996] multiqc.modules.rseqc.rseqc                        [INFO   ]  Found 16 junction_saturation reports
[2025-10-01 00:10:02,257] multiqc.report                                     [DEBUG  ]  Wrote data file multiqc_rseqc_infer_experiment.txt
[2025-10-01 00:10:02,258] multiqc.report                                     [DEBUG  ]  Wrote data file multiqc_rseqc_infer_experiment.json
[2025-10-01 00:10:02,258] multiqc.plots.plot                                 [DEBUG  ]  merge_with_previous for rseqc_infer_experiment_plot: found old_data = False
[2025-10-01 00:10:02,259] multiqc.plots.plot                                 [DEBUG  ]  merge_with_previous for rseqc_infer_experiment_plot: no old data or empty, using new data only
[2025-10-01 00:10:02,292] multiqc.modules.rseqc.rseqc                        [INFO   ]  Found 16 infer_experiment reports
[2025-10-01 00:10:02,355] multiqc.report                                     [DEBUG  ]  Wrote data file multiqc_rseqc_bam_stat.txt
[2025-10-01 00:10:02,356] multiqc.report                                     [DEBUG  ]  Wrote data file multiqc_rseqc_bam_stat.json
[2025-10-01 00:10:02,357] multiqc.plots.table_object                         [DEBUG  ]  Table key 'mapq_lt_mapq_cut_non' not found in data for 'rseqc_bam_stat'. Skipping. Check for possible typos between data keys and header keys
[2025-10-01 00:10:02,362] multiqc.plots.plot                                 [DEBUG  ]  merge_with_previous for rseqc_bam_stat: found old_data = False
[2025-10-01 00:10:02,362] multiqc.plots.plot                                 [DEBUG  ]  merge_with_previous for rseqc_bam_stat: no old data or empty, using new data only
[2025-10-01 00:10:02,424] multiqc.modules.rseqc.rseqc                        [INFO   ]  Found 16 bam_stat reports
[2025-10-01 00:10:02,425] multiqc.core.exec_modules                          [DEBUG  ]  Running module: samtools
[2025-10-01 00:10:02,491] multiqc.modules.samtools.stats                     [DEBUG  ]  Duplicate sample name found! Overwriting: Nac_Sal_1
[2025-10-01 00:10:02,714] multiqc.modules.samtools.stats                     [DEBUG  ]  Duplicate sample name found! Overwriting: Nac_Sal_2
[2025-10-01 00:10:02,721] multiqc.modules.samtools.stats                     [DEBUG  ]  Duplicate sample name found! Overwriting: Nac_Sal_3
[2025-10-01 00:10:02,844] multiqc.modules.samtools.stats                     [DEBUG  ]  Duplicate sample name found! Overwriting: Nac_Sal_4
[2025-10-01 00:10:03,144] multiqc.modules.samtools.stats                     [DEBUG  ]  Duplicate sample name found! Overwriting: Nac_Sal_5
[2025-10-01 00:10:03,373] multiqc.modules.samtools.stats                     [DEBUG  ]  Duplicate sample name found! Overwriting: Nac_Sal_6
[2025-10-01 00:10:03,486] multiqc.modules.samtools.stats                     [DEBUG  ]  Duplicate sample name found! Overwriting: Nac_Sal_7
[2025-10-01 00:10:03,972] multiqc.modules.samtools.stats                     [DEBUG  ]  Duplicate sample name found! Overwriting: Nac_Sal_8
[2025-10-01 00:10:04,336] multiqc.modules.samtools.stats                     [DEBUG  ]  Duplicate sample name found! Overwriting: Nac_oxy_1
[2025-10-01 00:10:04,512] multiqc.modules.samtools.stats                     [DEBUG  ]  Duplicate sample name found! Overwriting: Nac_oxy_2
[2025-10-01 00:10:04,646] multiqc.modules.samtools.stats                     [DEBUG  ]  Duplicate sample name found! Overwriting: Nac_oxy_3
[2025-10-01 00:10:04,716] multiqc.modules.samtools.stats                     [DEBUG  ]  Duplicate sample name found! Overwriting: Nac_oxy_4
[2025-10-01 00:10:04,824] multiqc.modules.samtools.stats                     [DEBUG  ]  Duplicate sample name found! Overwriting: Nac_oxy_5
[2025-10-01 00:10:04,931] multiqc.modules.samtools.stats                     [DEBUG  ]  Duplicate sample name found! Overwriting: Nac_oxy_6
[2025-10-01 00:10:05,116] multiqc.modules.samtools.stats                     [DEBUG  ]  Duplicate sample name found! Overwriting: Nac_oxy_7
[2025-10-01 00:10:05,552] multiqc.modules.samtools.stats                     [DEBUG  ]  Duplicate sample name found! Overwriting: Nac_oxy_8
[2025-10-01 00:10:05,556] multiqc.plots.plot                                 [DEBUG  ]  merge_with_previous for samtools_alignment_plot: found old_data = False
[2025-10-01 00:10:05,556] multiqc.plots.plot                                 [DEBUG  ]  merge_with_previous for samtools_alignment_plot: no old data or empty, using new data only
[2025-10-01 00:10:05,614] multiqc.plots.plot                                 [DEBUG  ]  merge_with_previous for samtools-stats-dp: found old_data = False
[2025-10-01 00:10:05,614] multiqc.plots.plot                                 [DEBUG  ]  merge_with_previous for samtools-stats-dp: no old data or empty, using new data only
[2025-10-01 00:10:05,666] multiqc.report                                     [DEBUG  ]  Wrote data file multiqc_samtools_stats.txt
[2025-10-01 00:10:05,667] multiqc.report                                     [DEBUG  ]  Wrote data file multiqc_samtools_stats.json
[2025-10-01 00:10:05,667] multiqc.modules.samtools.samtools                  [INFO   ]  Found 16 stats reports
[2025-10-01 00:10:05,691] multiqc.modules.samtools.flagstat                  [DEBUG  ]  Duplicate sample name found! Overwriting: Nac_Sal_1
[2025-10-01 00:10:05,694] multiqc.modules.samtools.flagstat                  [DEBUG  ]  Duplicate sample name found! Overwriting: Nac_Sal_2
[2025-10-01 00:10:05,699] multiqc.modules.samtools.flagstat                  [DEBUG  ]  Duplicate sample name found! Overwriting: Nac_Sal_3
[2025-10-01 00:10:05,763] multiqc.modules.samtools.flagstat                  [DEBUG  ]  Duplicate sample name found! Overwriting: Nac_Sal_4
[2025-10-01 00:10:05,806] multiqc.modules.samtools.flagstat                  [DEBUG  ]  Duplicate sample name found! Overwriting: Nac_Sal_5
[2025-10-01 00:10:05,811] multiqc.modules.samtools.flagstat                  [DEBUG  ]  Duplicate sample name found! Overwriting: Nac_Sal_6
[2025-10-01 00:10:05,816] multiqc.modules.samtools.flagstat                  [DEBUG  ]  Duplicate sample name found! Overwriting: Nac_Sal_7
[2025-10-01 00:10:05,820] multiqc.modules.samtools.flagstat                  [DEBUG  ]  Duplicate sample name found! Overwriting: Nac_Sal_8
[2025-10-01 00:10:05,824] multiqc.modules.samtools.flagstat                  [DEBUG  ]  Duplicate sample name found! Overwriting: Nac_oxy_1
[2025-10-01 00:10:05,851] multiqc.modules.samtools.flagstat                  [DEBUG  ]  Duplicate sample name found! Overwriting: Nac_oxy_2
[2025-10-01 00:10:05,858] multiqc.modules.samtools.flagstat                  [DEBUG  ]  Duplicate sample name found! Overwriting: Nac_oxy_3
[2025-10-01 00:10:05,939] multiqc.modules.samtools.flagstat                  [DEBUG  ]  Duplicate sample name found! Overwriting: Nac_oxy_4
[2025-10-01 00:10:06,001] multiqc.modules.samtools.flagstat                  [DEBUG  ]  Duplicate sample name found! Overwriting: Nac_oxy_5
[2025-10-01 00:10:06,052] multiqc.modules.samtools.flagstat                  [DEBUG  ]  Duplicate sample name found! Overwriting: Nac_oxy_6
[2025-10-01 00:10:06,122] multiqc.modules.samtools.flagstat                  [DEBUG  ]  Duplicate sample name found! Overwriting: Nac_oxy_7
[2025-10-01 00:10:06,125] multiqc.modules.samtools.flagstat                  [DEBUG  ]  Duplicate sample name found! Overwriting: Nac_oxy_8
[2025-10-01 00:10:06,129] multiqc.plots.plot                                 [DEBUG  ]  merge_with_previous for samtools-flagstat-table: found old_data = False
[2025-10-01 00:10:06,129] multiqc.plots.plot                                 [DEBUG  ]  merge_with_previous for samtools-flagstat-table: no old data or empty, using new data only
[2025-10-01 00:10:06,185] multiqc.plots.plot                                 [DEBUG  ]  merge_with_previous for samtools-flagstat-pct-table: found old_data = False
[2025-10-01 00:10:06,185] multiqc.plots.plot                                 [DEBUG  ]  merge_with_previous for samtools-flagstat-pct-table: no old data or empty, using new data only
[2025-10-01 00:10:06,230] multiqc.report                                     [DEBUG  ]  Wrote data file multiqc_samtools_flagstat.txt
[2025-10-01 00:10:06,231] multiqc.report                                     [DEBUG  ]  Wrote data file multiqc_samtools_flagstat.json
[2025-10-01 00:10:06,231] multiqc.modules.samtools.samtools                  [INFO   ]  Found 16 flagstat reports
[2025-10-01 00:10:06,688] multiqc.modules.samtools.idxstats                  [DEBUG  ]  Duplicate sample name found! Overwriting: Nac_Sal_1
[2025-10-01 00:10:06,825] multiqc.modules.samtools.idxstats                  [DEBUG  ]  Duplicate sample name found! Overwriting: Nac_Sal_2
[2025-10-01 00:10:07,064] multiqc.modules.samtools.idxstats                  [DEBUG  ]  Duplicate sample name found! Overwriting: Nac_Sal_3
[2025-10-01 00:10:07,274] multiqc.modules.samtools.idxstats                  [DEBUG  ]  Duplicate sample name found! Overwriting: Nac_Sal_4
[2025-10-01 00:10:07,479] multiqc.modules.samtools.idxstats                  [DEBUG  ]  Duplicate sample name found! Overwriting: Nac_Sal_5
[2025-10-01 00:10:07,615] multiqc.modules.samtools.idxstats                  [DEBUG  ]  Duplicate sample name found! Overwriting: Nac_Sal_6
[2025-10-01 00:10:07,994] multiqc.modules.samtools.idxstats                  [DEBUG  ]  Duplicate sample name found! Overwriting: Nac_Sal_7
[2025-10-01 00:10:08,217] multiqc.modules.samtools.idxstats                  [DEBUG  ]  Duplicate sample name found! Overwriting: Nac_Sal_8
[2025-10-01 00:10:08,548] multiqc.modules.samtools.idxstats                  [DEBUG  ]  Duplicate sample name found! Overwriting: Nac_oxy_1
[2025-10-01 00:10:08,672] multiqc.modules.samtools.idxstats                  [DEBUG  ]  Duplicate sample name found! Overwriting: Nac_oxy_2
[2025-10-01 00:10:08,754] multiqc.modules.samtools.idxstats                  [DEBUG  ]  Duplicate sample name found! Overwriting: Nac_oxy_3
[2025-10-01 00:10:09,024] multiqc.modules.samtools.idxstats                  [DEBUG  ]  Duplicate sample name found! Overwriting: Nac_oxy_4
[2025-10-01 00:10:09,267] multiqc.modules.samtools.idxstats                  [DEBUG  ]  Duplicate sample name found! Overwriting: Nac_oxy_5
[2025-10-01 00:10:09,437] multiqc.modules.samtools.idxstats                  [DEBUG  ]  Duplicate sample name found! Overwriting: Nac_oxy_6
[2025-10-01 00:10:10,063] multiqc.modules.samtools.idxstats                  [DEBUG  ]  Duplicate sample name found! Overwriting: Nac_oxy_7
[2025-10-01 00:10:10,165] multiqc.modules.samtools.idxstats                  [DEBUG  ]  Duplicate sample name found! Overwriting: Nac_oxy_8
[2025-10-01 00:10:10,167] multiqc.plots.plot                                 [DEBUG  ]  merge_with_previous for samtools-idxstats-xy-plot: found old_data = False
[2025-10-01 00:10:10,167] multiqc.plots.plot                                 [DEBUG  ]  merge_with_previous for samtools-idxstats-xy-plot: no old data or empty, using new data only
[2025-10-01 00:10:10,226] multiqc.plots.plot                                 [DEBUG  ]  merge_with_previous for samtools-idxstats-mapped-reads-plot: found old_data = False
[2025-10-01 00:10:10,226] multiqc.plots.plot                                 [DEBUG  ]  merge_with_previous for samtools-idxstats-mapped-reads-plot: no old data or empty, using new data only
[2025-10-01 00:10:10,260] multiqc.report                                     [DEBUG  ]  Wrote data file multiqc_samtools_idxstats.txt
[2025-10-01 00:10:10,263] multiqc.report                                     [DEBUG  ]  Wrote data file multiqc_samtools_idxstats.json
[2025-10-01 00:10:10,263] multiqc.modules.samtools.samtools                  [INFO   ]  Found 16 idxstats reports
[2025-10-01 00:10:10,263] multiqc.base_module                                [DEBUG  ]  samtools: deleting attribute self.samtools_idxstats
[2025-10-01 00:10:10,263] multiqc.core.exec_modules                          [DEBUG  ]  Running module: star
[2025-10-01 00:10:15,093] multiqc.modules.star.star                          [INFO   ]  Found 16 reports
[2025-10-01 00:10:15,094] multiqc.report                                     [DEBUG  ]  Wrote data file multiqc_star.txt
[2025-10-01 00:10:15,096] multiqc.report                                     [DEBUG  ]  Wrote data file multiqc_star.json
[2025-10-01 00:10:15,107] multiqc.plots.plot                                 [DEBUG  ]  merge_with_previous for star_summary_table: found old_data = False
[2025-10-01 00:10:15,108] multiqc.plots.plot                                 [DEBUG  ]  merge_with_previous for star_summary_table: no old data or empty, using new data only
[2025-10-01 00:10:15,198] multiqc.plots.plot                                 [DEBUG  ]  merge_with_previous for star_alignment_plot: found old_data = False
[2025-10-01 00:10:15,198] multiqc.plots.plot                                 [DEBUG  ]  merge_with_previous for star_alignment_plot: no old data or empty, using new data only
[2025-10-01 00:10:15,226] multiqc.core.exec_modules                          [DEBUG  ]  Running module: fastqc
[2025-10-01 00:10:15,234] multiqc.base_module                                [DEBUG  ]  fastqc/zip - Selecting '29/Nac_Sal_1_raw_1_fastqc.zip' as it matched the path_filters for 'FastQC (raw)'
[2025-10-01 00:10:15,499] multiqc.base_module                                [DEBUG  ]  fastqc/zip - Skipping '89/Nac_Sal_1_trimmed_1_val_1_fastqc.zip' as it didn't match the path_filters for 'FastQC (raw)'
[2025-10-01 00:10:15,500] multiqc.base_module                                [DEBUG  ]  fastqc/zip - Selecting '30/Nac_Sal_1_raw_2_fastqc.zip' as it matched the path_filters for 'FastQC (raw)'
[2025-10-01 00:10:15,826] multiqc.base_module                                [DEBUG  ]  fastqc/zip - Skipping '90/Nac_Sal_1_trimmed_2_val_2_fastqc.zip' as it didn't match the path_filters for 'FastQC (raw)'
[2025-10-01 00:10:15,826] multiqc.base_module                                [DEBUG  ]  fastqc/zip - Selecting '13/Nac_Sal_2_raw_1_fastqc.zip' as it matched the path_filters for 'FastQC (raw)'
[2025-10-01 00:10:16,133] multiqc.base_module                                [DEBUG  ]  fastqc/zip - Skipping '49/Nac_Sal_2_trimmed_1_val_1_fastqc.zip' as it didn't match the path_filters for 'FastQC (raw)'
[2025-10-01 00:10:16,133] multiqc.base_module                                [DEBUG  ]  fastqc/zip - Skipping '50/Nac_Sal_2_trimmed_2_val_2_fastqc.zip' as it didn't match the path_filters for 'FastQC (raw)'
[2025-10-01 00:10:16,133] multiqc.base_module                                [DEBUG  ]  fastqc/zip - Selecting '14/Nac_Sal_2_raw_2_fastqc.zip' as it matched the path_filters for 'FastQC (raw)'
[2025-10-01 00:10:16,522] multiqc.base_module                                [DEBUG  ]  fastqc/zip - Skipping '37/Nac_Sal_3_trimmed_1_val_1_fastqc.zip' as it didn't match the path_filters for 'FastQC (raw)'
[2025-10-01 00:10:16,522] multiqc.base_module                                [DEBUG  ]  fastqc/zip - Selecting '3/Nac_Sal_3_raw_1_fastqc.zip' as it matched the path_filters for 'FastQC (raw)'
[2025-10-01 00:10:16,617] multiqc.base_module                                [DEBUG  ]  fastqc/zip - Skipping '38/Nac_Sal_3_trimmed_2_val_2_fastqc.zip' as it didn't match the path_filters for 'FastQC (raw)'
[2025-10-01 00:10:16,617] multiqc.base_module                                [DEBUG  ]  fastqc/zip - Selecting '4/Nac_Sal_3_raw_2_fastqc.zip' as it matched the path_filters for 'FastQC (raw)'
[2025-10-01 00:10:17,090] multiqc.base_module                                [DEBUG  ]  fastqc/zip - Selecting '7/Nac_Sal_4_raw_1_fastqc.zip' as it matched the path_filters for 'FastQC (raw)'
[2025-10-01 00:10:18,016] multiqc.base_module                                [DEBUG  ]  fastqc/zip - Skipping '45/Nac_Sal_4_trimmed_1_val_1_fastqc.zip' as it didn't match the path_filters for 'FastQC (raw)'
[2025-10-01 00:10:18,016] multiqc.base_module                                [DEBUG  ]  fastqc/zip - Skipping '46/Nac_Sal_4_trimmed_2_val_2_fastqc.zip' as it didn't match the path_filters for 'FastQC (raw)'
[2025-10-01 00:10:18,016] multiqc.base_module                                [DEBUG  ]  fastqc/zip - Selecting '8/Nac_Sal_4_raw_2_fastqc.zip' as it matched the path_filters for 'FastQC (raw)'
[2025-10-01 00:10:18,881] multiqc.base_module                                [DEBUG  ]  fastqc/zip - Skipping '77/Nac_Sal_5_trimmed_1_val_1_fastqc.zip' as it didn't match the path_filters for 'FastQC (raw)'
[2025-10-01 00:10:18,881] multiqc.base_module                                [DEBUG  ]  fastqc/zip - Selecting '21/Nac_Sal_5_raw_1_fastqc.zip' as it matched the path_filters for 'FastQC (raw)'
[2025-10-01 00:10:19,087] multiqc.base_module                                [DEBUG  ]  fastqc/zip - Skipping '78/Nac_Sal_5_trimmed_2_val_2_fastqc.zip' as it didn't match the path_filters for 'FastQC (raw)'
[2025-10-01 00:10:19,087] multiqc.base_module                                [DEBUG  ]  fastqc/zip - Selecting '22/Nac_Sal_5_raw_2_fastqc.zip' as it matched the path_filters for 'FastQC (raw)'
[2025-10-01 00:10:19,648] multiqc.base_module                                [DEBUG  ]  fastqc/zip - Skipping '97/Nac_Sal_6_trimmed_1_val_1_fastqc.zip' as it didn't match the path_filters for 'FastQC (raw)'
[2025-10-01 00:10:19,648] multiqc.base_module                                [DEBUG  ]  fastqc/zip - Selecting '33/Nac_Sal_6_raw_1_fastqc.zip' as it matched the path_filters for 'FastQC (raw)'
[2025-10-01 00:10:20,018] multiqc.base_module                                [DEBUG  ]  fastqc/zip - Skipping '98/Nac_Sal_6_trimmed_2_val_2_fastqc.zip' as it didn't match the path_filters for 'FastQC (raw)'
[2025-10-01 00:10:20,018] multiqc.base_module                                [DEBUG  ]  fastqc/zip - Selecting '34/Nac_Sal_6_raw_2_fastqc.zip' as it matched the path_filters for 'FastQC (raw)'
[2025-10-01 00:10:20,425] multiqc.base_module                                [DEBUG  ]  fastqc/zip - Selecting '11/Nac_Sal_7_raw_1_fastqc.zip' as it matched the path_filters for 'FastQC (raw)'
[2025-10-01 00:10:20,921] multiqc.base_module                                [DEBUG  ]  fastqc/zip - Skipping '57/Nac_Sal_7_trimmed_1_val_1_fastqc.zip' as it didn't match the path_filters for 'FastQC (raw)'
[2025-10-01 00:10:20,921] multiqc.base_module                                [DEBUG  ]  fastqc/zip - Skipping '58/Nac_Sal_7_trimmed_2_val_2_fastqc.zip' as it didn't match the path_filters for 'FastQC (raw)'
[2025-10-01 00:10:20,921] multiqc.base_module                                [DEBUG  ]  fastqc/zip - Selecting '12/Nac_Sal_7_raw_2_fastqc.zip' as it matched the path_filters for 'FastQC (raw)'
[2025-10-01 00:10:21,139] multiqc.base_module                                [DEBUG  ]  fastqc/zip - Skipping '73/Nac_Sal_8_trimmed_1_val_1_fastqc.zip' as it didn't match the path_filters for 'FastQC (raw)'
[2025-10-01 00:10:21,139] multiqc.base_module                                [DEBUG  ]  fastqc/zip - Selecting '27/Nac_Sal_8_raw_1_fastqc.zip' as it matched the path_filters for 'FastQC (raw)'
[2025-10-01 00:10:21,289] multiqc.base_module                                [DEBUG  ]  fastqc/zip - Selecting '28/Nac_Sal_8_raw_2_fastqc.zip' as it matched the path_filters for 'FastQC (raw)'
[2025-10-01 00:10:21,775] multiqc.base_module                                [DEBUG  ]  fastqc/zip - Skipping '74/Nac_Sal_8_trimmed_2_val_2_fastqc.zip' as it didn't match the path_filters for 'FastQC (raw)'
[2025-10-01 00:10:21,775] multiqc.base_module                                [DEBUG  ]  fastqc/zip - Selecting '17/Nac_oxy_1_raw_1_fastqc.zip' as it matched the path_filters for 'FastQC (raw)'
[2025-10-01 00:10:21,889] multiqc.base_module                                [DEBUG  ]  fastqc/zip - Skipping '61/Nac_oxy_1_trimmed_1_val_1_fastqc.zip' as it didn't match the path_filters for 'FastQC (raw)'
[2025-10-01 00:10:21,889] multiqc.base_module                                [DEBUG  ]  fastqc/zip - Selecting '18/Nac_oxy_1_raw_2_fastqc.zip' as it matched the path_filters for 'FastQC (raw)'
[2025-10-01 00:10:21,979] multiqc.base_module                                [DEBUG  ]  fastqc/zip - Skipping '62/Nac_oxy_1_trimmed_2_val_2_fastqc.zip' as it didn't match the path_filters for 'FastQC (raw)'
[2025-10-01 00:10:21,979] multiqc.base_module                                [DEBUG  ]  fastqc/zip - Selecting '25/Nac_oxy_2_raw_1_fastqc.zip' as it matched the path_filters for 'FastQC (raw)'
[2025-10-01 00:10:22,333] multiqc.base_module                                [DEBUG  ]  fastqc/zip - Skipping '85/Nac_oxy_2_trimmed_1_val_1_fastqc.zip' as it didn't match the path_filters for 'FastQC (raw)'
[2025-10-01 00:10:22,333] multiqc.base_module                                [DEBUG  ]  fastqc/zip - Selecting '26/Nac_oxy_2_raw_2_fastqc.zip' as it matched the path_filters for 'FastQC (raw)'
[2025-10-01 00:10:22,534] multiqc.base_module                                [DEBUG  ]  fastqc/zip - Skipping '86/Nac_oxy_2_trimmed_2_val_2_fastqc.zip' as it didn't match the path_filters for 'FastQC (raw)'
[2025-10-01 00:10:22,534] multiqc.base_module                                [DEBUG  ]  fastqc/zip - Skipping '81/Nac_oxy_3_trimmed_1_val_1_fastqc.zip' as it didn't match the path_filters for 'FastQC (raw)'
[2025-10-01 00:10:22,534] multiqc.base_module                                [DEBUG  ]  fastqc/zip - Selecting '23/Nac_oxy_3_raw_1_fastqc.zip' as it matched the path_filters for 'FastQC (raw)'
[2025-10-01 00:10:22,749] multiqc.base_module                                [DEBUG  ]  fastqc/zip - Selecting '24/Nac_oxy_3_raw_2_fastqc.zip' as it matched the path_filters for 'FastQC (raw)'
[2025-10-01 00:10:23,033] multiqc.base_module                                [DEBUG  ]  fastqc/zip - Skipping '82/Nac_oxy_3_trimmed_2_val_2_fastqc.zip' as it didn't match the path_filters for 'FastQC (raw)'
[2025-10-01 00:10:23,033] multiqc.base_module                                [DEBUG  ]  fastqc/zip - Selecting '5/Nac_oxy_4_raw_1_fastqc.zip' as it matched the path_filters for 'FastQC (raw)'
[2025-10-01 00:10:23,617] multiqc.base_module                                [DEBUG  ]  fastqc/zip - Skipping '41/Nac_oxy_4_trimmed_1_val_1_fastqc.zip' as it didn't match the path_filters for 'FastQC (raw)'
[2025-10-01 00:10:23,618] multiqc.base_module                                [DEBUG  ]  fastqc/zip - Selecting '6/Nac_oxy_4_raw_2_fastqc.zip' as it matched the path_filters for 'FastQC (raw)'
[2025-10-01 00:10:23,954] multiqc.base_module                                [DEBUG  ]  fastqc/zip - Skipping '42/Nac_oxy_4_trimmed_2_val_2_fastqc.zip' as it didn't match the path_filters for 'FastQC (raw)'
[2025-10-01 00:10:23,954] multiqc.base_module                                [DEBUG  ]  fastqc/zip - Skipping '65/Nac_oxy_5_trimmed_1_val_1_fastqc.zip' as it didn't match the path_filters for 'FastQC (raw)'
[2025-10-01 00:10:23,954] multiqc.base_module                                [DEBUG  ]  fastqc/zip - Selecting '15/Nac_oxy_5_raw_1_fastqc.zip' as it matched the path_filters for 'FastQC (raw)'
[2025-10-01 00:10:24,261] multiqc.base_module                                [DEBUG  ]  fastqc/zip - Skipping '66/Nac_oxy_5_trimmed_2_val_2_fastqc.zip' as it didn't match the path_filters for 'FastQC (raw)'
[2025-10-01 00:10:24,261] multiqc.base_module                                [DEBUG  ]  fastqc/zip - Selecting '16/Nac_oxy_5_raw_2_fastqc.zip' as it matched the path_filters for 'FastQC (raw)'
[2025-10-01 00:10:24,409] multiqc.base_module                                [DEBUG  ]  fastqc/zip - Skipping '53/Nac_oxy_6_trimmed_1_val_1_fastqc.zip' as it didn't match the path_filters for 'FastQC (raw)'
[2025-10-01 00:10:24,409] multiqc.base_module                                [DEBUG  ]  fastqc/zip - Selecting '9/Nac_oxy_6_raw_1_fastqc.zip' as it matched the path_filters for 'FastQC (raw)'
[2025-10-01 00:10:24,562] multiqc.base_module                                [DEBUG  ]  fastqc/zip - Selecting '10/Nac_oxy_6_raw_2_fastqc.zip' as it matched the path_filters for 'FastQC (raw)'
[2025-10-01 00:10:24,741] multiqc.base_module                                [DEBUG  ]  fastqc/zip - Skipping '54/Nac_oxy_6_trimmed_2_val_2_fastqc.zip' as it didn't match the path_filters for 'FastQC (raw)'
[2025-10-01 00:10:24,741] multiqc.base_module                                [DEBUG  ]  fastqc/zip - Skipping '69/Nac_oxy_7_trimmed_1_val_1_fastqc.zip' as it didn't match the path_filters for 'FastQC (raw)'
[2025-10-01 00:10:24,741] multiqc.base_module                                [DEBUG  ]  fastqc/zip - Selecting '19/Nac_oxy_7_raw_1_fastqc.zip' as it matched the path_filters for 'FastQC (raw)'
[2025-10-01 00:10:24,917] multiqc.base_module                                [DEBUG  ]  fastqc/zip - Skipping '70/Nac_oxy_7_trimmed_2_val_2_fastqc.zip' as it didn't match the path_filters for 'FastQC (raw)'
[2025-10-01 00:10:24,917] multiqc.base_module                                [DEBUG  ]  fastqc/zip - Selecting '20/Nac_oxy_7_raw_2_fastqc.zip' as it matched the path_filters for 'FastQC (raw)'
[2025-10-01 00:10:25,026] multiqc.base_module                                [DEBUG  ]  fastqc/zip - Skipping '93/Nac_oxy_8_trimmed_1_val_1_fastqc.zip' as it didn't match the path_filters for 'FastQC (raw)'
[2025-10-01 00:10:25,026] multiqc.base_module                                [DEBUG  ]  fastqc/zip - Selecting '31/Nac_oxy_8_raw_1_fastqc.zip' as it matched the path_filters for 'FastQC (raw)'
[2025-10-01 00:10:25,193] multiqc.base_module                                [DEBUG  ]  fastqc/zip - Selecting '32/Nac_oxy_8_raw_2_fastqc.zip' as it matched the path_filters for 'FastQC (raw)'
[2025-10-01 00:10:26,364] multiqc.base_module                                [DEBUG  ]  fastqc/zip - Skipping '94/Nac_oxy_8_trimmed_2_val_2_fastqc.zip' as it didn't match the path_filters for 'FastQC (raw)'
[2025-10-01 00:10:26,364] multiqc.modules.fastqc.fastqc                      [INFO   ]  Found 32 reports
[2025-10-01 00:10:26,366] multiqc.plots.plot                                 [DEBUG  ]  merge_with_previous for fastqc_raw_sequence_counts_plot: found old_data = False
[2025-10-01 00:10:26,366] multiqc.plots.plot                                 [DEBUG  ]  merge_with_previous for fastqc_raw_sequence_counts_plot: no old data or empty, using new data only
[2025-10-01 00:10:26,436] multiqc.plots.plot                                 [DEBUG  ]  merge_with_previous for fastqc_raw_per_base_sequence_quality_plot: found old_data = False
[2025-10-01 00:10:26,437] multiqc.plots.plot                                 [DEBUG  ]  merge_with_previous for fastqc_raw_per_base_sequence_quality_plot: no old data or empty, using new data only
[2025-10-01 00:10:26,481] multiqc.plots.plot                                 [DEBUG  ]  merge_with_previous for fastqc_raw_per_sequence_quality_scores_plot: found old_data = False
[2025-10-01 00:10:26,482] multiqc.plots.plot                                 [DEBUG  ]  merge_with_previous for fastqc_raw_per_sequence_quality_scores_plot: no old data or empty, using new data only
[2025-10-01 00:10:26,539] multiqc.plots.plot                                 [DEBUG  ]  merge_with_previous for fastqc_raw_per_sequence_gc_content_plot: found old_data = False
[2025-10-01 00:10:26,539] multiqc.plots.plot                                 [DEBUG  ]  merge_with_previous for fastqc_raw_per_sequence_gc_content_plot: no old data or empty, using new data only
[2025-10-01 00:10:26,587] multiqc.plots.plot                                 [DEBUG  ]  merge_with_previous for fastqc_raw_per_base_n_content_plot: found old_data = False
[2025-10-01 00:10:26,587] multiqc.plots.plot                                 [DEBUG  ]  merge_with_previous for fastqc_raw_per_base_n_content_plot: no old data or empty, using new data only
[2025-10-01 00:10:26,619] multiqc.plots.plot                                 [DEBUG  ]  merge_with_previous for fastqc_raw_sequence_duplication_levels_plot: found old_data = False
[2025-10-01 00:10:26,620] multiqc.plots.plot                                 [DEBUG  ]  merge_with_previous for fastqc_raw_sequence_duplication_levels_plot: no old data or empty, using new data only
[2025-10-01 00:10:26,647] multiqc.plots.plot                                 [DEBUG  ]  merge_with_previous for fastqc_raw_overrepresented_sequences_plot: found old_data = False
[2025-10-01 00:10:26,647] multiqc.plots.plot                                 [DEBUG  ]  merge_with_previous for fastqc_raw_overrepresented_sequences_plot: no old data or empty, using new data only
[2025-10-01 00:10:26,676] multiqc.plots.plot                                 [DEBUG  ]  merge_with_previous for fastqc_raw_top_overrepresented_sequences_table: found old_data = False
[2025-10-01 00:10:26,676] multiqc.plots.plot                                 [DEBUG  ]  merge_with_previous for fastqc_raw_top_overrepresented_sequences_table: no old data or empty, using new data only
[2025-10-01 00:10:26,743] multiqc.plots.plot                                 [DEBUG  ]  merge_with_previous for fastqc_raw_adapter_content_plot: found old_data = False
[2025-10-01 00:10:26,743] multiqc.plots.plot                                 [DEBUG  ]  merge_with_previous for fastqc_raw_adapter_content_plot: no old data or empty, using new data only
[2025-10-01 00:10:26,788] multiqc.plots.plot                                 [DEBUG  ]  merge_with_previous for fastqc_raw-status-check-heatmap: found old_data = False
[2025-10-01 00:10:26,788] multiqc.plots.plot                                 [DEBUG  ]  merge_with_previous for fastqc_raw-status-check-heatmap: no old data or empty, using new data only
[2025-10-01 00:10:26,833] multiqc.report                                     [DEBUG  ]  Wrote data file multiqc_fastqc_fastqc_raw.txt
[2025-10-01 00:10:26,833] multiqc.report                                     [DEBUG  ]  Wrote data file multiqc_fastqc_fastqc_raw.json
[2025-10-01 00:10:26,835] multiqc.base_module                                [DEBUG  ]  fastqc_raw: deleting attribute self.order_of_duplication_levels
[2025-10-01 00:10:26,835] multiqc.base_module                                [DEBUG  ]  fastqc_raw: deleting attribute self.status_colours
[2025-10-01 00:10:26,835] multiqc.core.exec_modules                          [DEBUG  ]  Running module: cutadapt
[2025-10-01 00:10:28,005] multiqc.modules.cutadapt.cutadapt                  [INFO   ]  Found 32 reports
[2025-10-01 00:10:28,006] multiqc.report                                     [DEBUG  ]  Wrote data file multiqc_cutadapt.txt
[2025-10-01 00:10:28,006] multiqc.report                                     [DEBUG  ]  Wrote data file multiqc_cutadapt.json
[2025-10-01 00:10:28,007] multiqc.plots.plot                                 [DEBUG  ]  merge_with_previous for cutadapt_filtered_reads_plot: found old_data = False
[2025-10-01 00:10:28,007] multiqc.plots.plot                                 [DEBUG  ]  merge_with_previous for cutadapt_filtered_reads_plot: no old data or empty, using new data only
[2025-10-01 00:10:28,063] multiqc.plots.plot                                 [DEBUG  ]  merge_with_previous for cutadapt_trimmed_sequences_plot_3: found old_data = False
[2025-10-01 00:10:28,063] multiqc.plots.plot                                 [DEBUG  ]  merge_with_previous for cutadapt_trimmed_sequences_plot_3: no old data or empty, using new data only
[2025-10-01 00:10:28,118] multiqc.base_module                                [DEBUG  ]  cutadapt: deleting attribute self.cutadapt_data
[2025-10-01 00:10:28,118] multiqc.base_module                                [DEBUG  ]  cutadapt: deleting attribute self.cutadapt_length_counts
[2025-10-01 00:10:28,118] multiqc.base_module                                [DEBUG  ]  cutadapt: deleting attribute self.cutadapt_length_exp
[2025-10-01 00:10:28,118] multiqc.base_module                                [DEBUG  ]  cutadapt: deleting attribute self.cutadapt_length_obsexp
[2025-10-01 00:10:28,118] multiqc.core.exec_modules                          [DEBUG  ]  Running module: fastqc
[2025-10-01 00:10:28,122] multiqc.base_module                                [DEBUG  ]  fastqc/zip - Skipping '29/Nac_Sal_1_raw_1_fastqc.zip' as it didn't match the path_filters for 'FastQC (trimmed)'
[2025-10-01 00:10:28,122] multiqc.base_module                                [DEBUG  ]  fastqc/zip - Selecting '89/Nac_Sal_1_trimmed_1_val_1_fastqc.zip' as it matched the path_filters for 'FastQC (trimmed)'
[2025-10-01 00:10:28,539] multiqc.base_module                                [DEBUG  ]  fastqc/zip - Skipping '30/Nac_Sal_1_raw_2_fastqc.zip' as it didn't match the path_filters for 'FastQC (trimmed)'
[2025-10-01 00:10:28,539] multiqc.base_module                                [DEBUG  ]  fastqc/zip - Selecting '90/Nac_Sal_1_trimmed_2_val_2_fastqc.zip' as it matched the path_filters for 'FastQC (trimmed)'
[2025-10-01 00:10:28,838] multiqc.base_module                                [DEBUG  ]  fastqc/zip - Skipping '13/Nac_Sal_2_raw_1_fastqc.zip' as it didn't match the path_filters for 'FastQC (trimmed)'
[2025-10-01 00:10:28,838] multiqc.base_module                                [DEBUG  ]  fastqc/zip - Selecting '49/Nac_Sal_2_trimmed_1_val_1_fastqc.zip' as it matched the path_filters for 'FastQC (trimmed)'
[2025-10-01 00:10:29,136] multiqc.base_module                                [DEBUG  ]  fastqc/zip - Selecting '50/Nac_Sal_2_trimmed_2_val_2_fastqc.zip' as it matched the path_filters for 'FastQC (trimmed)'
[2025-10-01 00:10:29,573] multiqc.base_module                                [DEBUG  ]  fastqc/zip - Skipping '14/Nac_Sal_2_raw_2_fastqc.zip' as it didn't match the path_filters for 'FastQC (trimmed)'
[2025-10-01 00:10:29,573] multiqc.base_module                                [DEBUG  ]  fastqc/zip - Selecting '37/Nac_Sal_3_trimmed_1_val_1_fastqc.zip' as it matched the path_filters for 'FastQC (trimmed)'
[2025-10-01 00:10:30,169] multiqc.base_module                                [DEBUG  ]  fastqc/zip - Skipping '3/Nac_Sal_3_raw_1_fastqc.zip' as it didn't match the path_filters for 'FastQC (trimmed)'
[2025-10-01 00:10:30,169] multiqc.base_module                                [DEBUG  ]  fastqc/zip - Selecting '38/Nac_Sal_3_trimmed_2_val_2_fastqc.zip' as it matched the path_filters for 'FastQC (trimmed)'
[2025-10-01 00:10:30,219] multiqc.base_module                                [DEBUG  ]  fastqc/zip - Skipping '4/Nac_Sal_3_raw_2_fastqc.zip' as it didn't match the path_filters for 'FastQC (trimmed)'
[2025-10-01 00:10:30,219] multiqc.base_module                                [DEBUG  ]  fastqc/zip - Skipping '7/Nac_Sal_4_raw_1_fastqc.zip' as it didn't match the path_filters for 'FastQC (trimmed)'
[2025-10-01 00:10:30,219] multiqc.base_module                                [DEBUG  ]  fastqc/zip - Selecting '45/Nac_Sal_4_trimmed_1_val_1_fastqc.zip' as it matched the path_filters for 'FastQC (trimmed)'
[2025-10-01 00:10:30,407] multiqc.base_module                                [DEBUG  ]  fastqc/zip - Selecting '46/Nac_Sal_4_trimmed_2_val_2_fastqc.zip' as it matched the path_filters for 'FastQC (trimmed)'
[2025-10-01 00:10:30,480] multiqc.base_module                                [DEBUG  ]  fastqc/zip - Skipping '8/Nac_Sal_4_raw_2_fastqc.zip' as it didn't match the path_filters for 'FastQC (trimmed)'
[2025-10-01 00:10:30,480] multiqc.base_module                                [DEBUG  ]  fastqc/zip - Selecting '77/Nac_Sal_5_trimmed_1_val_1_fastqc.zip' as it matched the path_filters for 'FastQC (trimmed)'
[2025-10-01 00:10:30,723] multiqc.base_module                                [DEBUG  ]  fastqc/zip - Skipping '21/Nac_Sal_5_raw_1_fastqc.zip' as it didn't match the path_filters for 'FastQC (trimmed)'
[2025-10-01 00:10:30,723] multiqc.base_module                                [DEBUG  ]  fastqc/zip - Selecting '78/Nac_Sal_5_trimmed_2_val_2_fastqc.zip' as it matched the path_filters for 'FastQC (trimmed)'
[2025-10-01 00:10:30,975] multiqc.base_module                                [DEBUG  ]  fastqc/zip - Skipping '22/Nac_Sal_5_raw_2_fastqc.zip' as it didn't match the path_filters for 'FastQC (trimmed)'
[2025-10-01 00:10:30,975] multiqc.base_module                                [DEBUG  ]  fastqc/zip - Selecting '97/Nac_Sal_6_trimmed_1_val_1_fastqc.zip' as it matched the path_filters for 'FastQC (trimmed)'
[2025-10-01 00:10:31,130] multiqc.base_module                                [DEBUG  ]  fastqc/zip - Skipping '33/Nac_Sal_6_raw_1_fastqc.zip' as it didn't match the path_filters for 'FastQC (trimmed)'
[2025-10-01 00:10:31,130] multiqc.base_module                                [DEBUG  ]  fastqc/zip - Selecting '98/Nac_Sal_6_trimmed_2_val_2_fastqc.zip' as it matched the path_filters for 'FastQC (trimmed)'
[2025-10-01 00:10:31,385] multiqc.base_module                                [DEBUG  ]  fastqc/zip - Skipping '34/Nac_Sal_6_raw_2_fastqc.zip' as it didn't match the path_filters for 'FastQC (trimmed)'
[2025-10-01 00:10:31,385] multiqc.base_module                                [DEBUG  ]  fastqc/zip - Skipping '11/Nac_Sal_7_raw_1_fastqc.zip' as it didn't match the path_filters for 'FastQC (trimmed)'
[2025-10-01 00:10:31,385] multiqc.base_module                                [DEBUG  ]  fastqc/zip - Selecting '57/Nac_Sal_7_trimmed_1_val_1_fastqc.zip' as it matched the path_filters for 'FastQC (trimmed)'
[2025-10-01 00:10:31,642] multiqc.base_module                                [DEBUG  ]  fastqc/zip - Selecting '58/Nac_Sal_7_trimmed_2_val_2_fastqc.zip' as it matched the path_filters for 'FastQC (trimmed)'
[2025-10-01 00:10:31,980] multiqc.base_module                                [DEBUG  ]  fastqc/zip - Skipping '12/Nac_Sal_7_raw_2_fastqc.zip' as it didn't match the path_filters for 'FastQC (trimmed)'
[2025-10-01 00:10:31,980] multiqc.base_module                                [DEBUG  ]  fastqc/zip - Selecting '73/Nac_Sal_8_trimmed_1_val_1_fastqc.zip' as it matched the path_filters for 'FastQC (trimmed)'
[2025-10-01 00:10:32,265] multiqc.base_module                                [DEBUG  ]  fastqc/zip - Skipping '27/Nac_Sal_8_raw_1_fastqc.zip' as it didn't match the path_filters for 'FastQC (trimmed)'
[2025-10-01 00:10:32,266] multiqc.base_module                                [DEBUG  ]  fastqc/zip - Skipping '28/Nac_Sal_8_raw_2_fastqc.zip' as it didn't match the path_filters for 'FastQC (trimmed)'
[2025-10-01 00:10:32,266] multiqc.base_module                                [DEBUG  ]  fastqc/zip - Selecting '74/Nac_Sal_8_trimmed_2_val_2_fastqc.zip' as it matched the path_filters for 'FastQC (trimmed)'
[2025-10-01 00:10:32,571] multiqc.base_module                                [DEBUG  ]  fastqc/zip - Skipping '17/Nac_oxy_1_raw_1_fastqc.zip' as it didn't match the path_filters for 'FastQC (trimmed)'
[2025-10-01 00:10:32,571] multiqc.base_module                                [DEBUG  ]  fastqc/zip - Selecting '61/Nac_oxy_1_trimmed_1_val_1_fastqc.zip' as it matched the path_filters for 'FastQC (trimmed)'
[2025-10-01 00:10:32,904] multiqc.base_module                                [DEBUG  ]  fastqc/zip - Skipping '18/Nac_oxy_1_raw_2_fastqc.zip' as it didn't match the path_filters for 'FastQC (trimmed)'
[2025-10-01 00:10:32,904] multiqc.base_module                                [DEBUG  ]  fastqc/zip - Selecting '62/Nac_oxy_1_trimmed_2_val_2_fastqc.zip' as it matched the path_filters for 'FastQC (trimmed)'
[2025-10-01 00:10:33,543] multiqc.base_module                                [DEBUG  ]  fastqc/zip - Skipping '25/Nac_oxy_2_raw_1_fastqc.zip' as it didn't match the path_filters for 'FastQC (trimmed)'
[2025-10-01 00:10:33,543] multiqc.base_module                                [DEBUG  ]  fastqc/zip - Selecting '85/Nac_oxy_2_trimmed_1_val_1_fastqc.zip' as it matched the path_filters for 'FastQC (trimmed)'
[2025-10-01 00:10:34,296] multiqc.base_module                                [DEBUG  ]  fastqc/zip - Skipping '26/Nac_oxy_2_raw_2_fastqc.zip' as it didn't match the path_filters for 'FastQC (trimmed)'
[2025-10-01 00:10:34,297] multiqc.base_module                                [DEBUG  ]  fastqc/zip - Selecting '86/Nac_oxy_2_trimmed_2_val_2_fastqc.zip' as it matched the path_filters for 'FastQC (trimmed)'
[2025-10-01 00:10:34,840] multiqc.base_module                                [DEBUG  ]  fastqc/zip - Selecting '81/Nac_oxy_3_trimmed_1_val_1_fastqc.zip' as it matched the path_filters for 'FastQC (trimmed)'
[2025-10-01 00:10:35,322] multiqc.base_module                                [DEBUG  ]  fastqc/zip - Skipping '23/Nac_oxy_3_raw_1_fastqc.zip' as it didn't match the path_filters for 'FastQC (trimmed)'
[2025-10-01 00:10:35,322] multiqc.base_module                                [DEBUG  ]  fastqc/zip - Skipping '24/Nac_oxy_3_raw_2_fastqc.zip' as it didn't match the path_filters for 'FastQC (trimmed)'
[2025-10-01 00:10:35,322] multiqc.base_module                                [DEBUG  ]  fastqc/zip - Selecting '82/Nac_oxy_3_trimmed_2_val_2_fastqc.zip' as it matched the path_filters for 'FastQC (trimmed)'
[2025-10-01 00:10:35,625] multiqc.base_module                                [DEBUG  ]  fastqc/zip - Skipping '5/Nac_oxy_4_raw_1_fastqc.zip' as it didn't match the path_filters for 'FastQC (trimmed)'
[2025-10-01 00:10:35,625] multiqc.base_module                                [DEBUG  ]  fastqc/zip - Selecting '41/Nac_oxy_4_trimmed_1_val_1_fastqc.zip' as it matched the path_filters for 'FastQC (trimmed)'
[2025-10-01 00:10:35,845] multiqc.base_module                                [DEBUG  ]  fastqc/zip - Skipping '6/Nac_oxy_4_raw_2_fastqc.zip' as it didn't match the path_filters for 'FastQC (trimmed)'
[2025-10-01 00:10:35,845] multiqc.base_module                                [DEBUG  ]  fastqc/zip - Selecting '42/Nac_oxy_4_trimmed_2_val_2_fastqc.zip' as it matched the path_filters for 'FastQC (trimmed)'
[2025-10-01 00:10:35,911] multiqc.base_module                                [DEBUG  ]  fastqc/zip - Selecting '65/Nac_oxy_5_trimmed_1_val_1_fastqc.zip' as it matched the path_filters for 'FastQC (trimmed)'
[2025-10-01 00:10:36,103] multiqc.base_module                                [DEBUG  ]  fastqc/zip - Skipping '15/Nac_oxy_5_raw_1_fastqc.zip' as it didn't match the path_filters for 'FastQC (trimmed)'
[2025-10-01 00:10:36,103] multiqc.base_module                                [DEBUG  ]  fastqc/zip - Selecting '66/Nac_oxy_5_trimmed_2_val_2_fastqc.zip' as it matched the path_filters for 'FastQC (trimmed)'
[2025-10-01 00:10:36,406] multiqc.base_module                                [DEBUG  ]  fastqc/zip - Skipping '16/Nac_oxy_5_raw_2_fastqc.zip' as it didn't match the path_filters for 'FastQC (trimmed)'
[2025-10-01 00:10:36,406] multiqc.base_module                                [DEBUG  ]  fastqc/zip - Selecting '53/Nac_oxy_6_trimmed_1_val_1_fastqc.zip' as it matched the path_filters for 'FastQC (trimmed)'
[2025-10-01 00:10:36,660] multiqc.base_module                                [DEBUG  ]  fastqc/zip - Skipping '9/Nac_oxy_6_raw_1_fastqc.zip' as it didn't match the path_filters for 'FastQC (trimmed)'
[2025-10-01 00:10:36,660] multiqc.base_module                                [DEBUG  ]  fastqc/zip - Skipping '10/Nac_oxy_6_raw_2_fastqc.zip' as it didn't match the path_filters for 'FastQC (trimmed)'
[2025-10-01 00:10:36,660] multiqc.base_module                                [DEBUG  ]  fastqc/zip - Selecting '54/Nac_oxy_6_trimmed_2_val_2_fastqc.zip' as it matched the path_filters for 'FastQC (trimmed)'
[2025-10-01 00:10:37,006] multiqc.base_module                                [DEBUG  ]  fastqc/zip - Selecting '69/Nac_oxy_7_trimmed_1_val_1_fastqc.zip' as it matched the path_filters for 'FastQC (trimmed)'
[2025-10-01 00:10:37,776] multiqc.base_module                                [DEBUG  ]  fastqc/zip - Skipping '19/Nac_oxy_7_raw_1_fastqc.zip' as it didn't match the path_filters for 'FastQC (trimmed)'
[2025-10-01 00:10:37,776] multiqc.base_module                                [DEBUG  ]  fastqc/zip - Selecting '70/Nac_oxy_7_trimmed_2_val_2_fastqc.zip' as it matched the path_filters for 'FastQC (trimmed)'
[2025-10-01 00:10:38,127] multiqc.base_module                                [DEBUG  ]  fastqc/zip - Skipping '20/Nac_oxy_7_raw_2_fastqc.zip' as it didn't match the path_filters for 'FastQC (trimmed)'
[2025-10-01 00:10:38,127] multiqc.base_module                                [DEBUG  ]  fastqc/zip - Selecting '93/Nac_oxy_8_trimmed_1_val_1_fastqc.zip' as it matched the path_filters for 'FastQC (trimmed)'
[2025-10-01 00:10:38,428] multiqc.base_module                                [DEBUG  ]  fastqc/zip - Skipping '31/Nac_oxy_8_raw_1_fastqc.zip' as it didn't match the path_filters for 'FastQC (trimmed)'
[2025-10-01 00:10:38,428] multiqc.base_module                                [DEBUG  ]  fastqc/zip - Skipping '32/Nac_oxy_8_raw_2_fastqc.zip' as it didn't match the path_filters for 'FastQC (trimmed)'
[2025-10-01 00:10:38,429] multiqc.base_module                                [DEBUG  ]  fastqc/zip - Selecting '94/Nac_oxy_8_trimmed_2_val_2_fastqc.zip' as it matched the path_filters for 'FastQC (trimmed)'
[2025-10-01 00:10:38,876] multiqc.modules.fastqc.fastqc                      [INFO   ]  Found 32 reports
[2025-10-01 00:10:38,877] multiqc.plots.plot                                 [DEBUG  ]  merge_with_previous for fastqc_trimmed_sequence_counts_plot: found old_data = False
[2025-10-01 00:10:38,877] multiqc.plots.plot                                 [DEBUG  ]  merge_with_previous for fastqc_trimmed_sequence_counts_plot: no old data or empty, using new data only
[2025-10-01 00:10:38,932] multiqc.plots.plot                                 [DEBUG  ]  merge_with_previous for fastqc_trimmed_per_base_sequence_quality_plot: found old_data = False
[2025-10-01 00:10:38,932] multiqc.plots.plot                                 [DEBUG  ]  merge_with_previous for fastqc_trimmed_per_base_sequence_quality_plot: no old data or empty, using new data only
[2025-10-01 00:10:38,993] multiqc.plots.plot                                 [DEBUG  ]  merge_with_previous for fastqc_trimmed_per_sequence_quality_scores_plot: found old_data = False
[2025-10-01 00:10:38,993] multiqc.plots.plot                                 [DEBUG  ]  merge_with_previous for fastqc_trimmed_per_sequence_quality_scores_plot: no old data or empty, using new data only
[2025-10-01 00:10:39,066] multiqc.plots.plot                                 [DEBUG  ]  merge_with_previous for fastqc_trimmed_per_sequence_gc_content_plot: found old_data = False
[2025-10-01 00:10:39,066] multiqc.plots.plot                                 [DEBUG  ]  merge_with_previous for fastqc_trimmed_per_sequence_gc_content_plot: no old data or empty, using new data only
[2025-10-01 00:10:39,116] multiqc.plots.plot                                 [DEBUG  ]  merge_with_previous for fastqc_trimmed_per_base_n_content_plot: found old_data = False
[2025-10-01 00:10:39,116] multiqc.plots.plot                                 [DEBUG  ]  merge_with_previous for fastqc_trimmed_per_base_n_content_plot: no old data or empty, using new data only
[2025-10-01 00:10:39,173] multiqc.plots.plot                                 [DEBUG  ]  merge_with_previous for fastqc_sequence_length_distribution_plot: found old_data = False
[2025-10-01 00:10:39,174] multiqc.plots.plot                                 [DEBUG  ]  merge_with_previous for fastqc_sequence_length_distribution_plot: no old data or empty, using new data only
[2025-10-01 00:10:39,222] multiqc.plots.plot                                 [DEBUG  ]  merge_with_previous for fastqc_trimmed_sequence_duplication_levels_plot: found old_data = False
[2025-10-01 00:10:39,222] multiqc.plots.plot                                 [DEBUG  ]  merge_with_previous for fastqc_trimmed_sequence_duplication_levels_plot: no old data or empty, using new data only
[2025-10-01 00:10:39,264] multiqc.plots.plot                                 [DEBUG  ]  merge_with_previous for fastqc_trimmed_overrepresented_sequences_plot: found old_data = False
[2025-10-01 00:10:39,264] multiqc.plots.plot                                 [DEBUG  ]  merge_with_previous for fastqc_trimmed_overrepresented_sequences_plot: no old data or empty, using new data only
[2025-10-01 00:10:39,307] multiqc.plots.plot                                 [DEBUG  ]  merge_with_previous for fastqc_trimmed_top_overrepresented_sequences_table: found old_data = False
[2025-10-01 00:10:39,307] multiqc.plots.plot                                 [DEBUG  ]  merge_with_previous for fastqc_trimmed_top_overrepresented_sequences_table: no old data or empty, using new data only
[2025-10-01 00:10:39,394] multiqc.plots.plot                                 [DEBUG  ]  merge_with_previous for fastqc_trimmed_adapter_content_plot: found old_data = False
[2025-10-01 00:10:39,394] multiqc.plots.plot                                 [DEBUG  ]  merge_with_previous for fastqc_trimmed_adapter_content_plot: no old data or empty, using new data only
[2025-10-01 00:10:39,440] multiqc.plots.plot                                 [DEBUG  ]  merge_with_previous for fastqc_trimmed-status-check-heatmap: found old_data = False
[2025-10-01 00:10:39,440] multiqc.plots.plot                                 [DEBUG  ]  merge_with_previous for fastqc_trimmed-status-check-heatmap: no old data or empty, using new data only
[2025-10-01 00:10:39,488] multiqc.report                                     [DEBUG  ]  Wrote data file multiqc_fastqc_fastqc_trimmed.txt
[2025-10-01 00:10:39,489] multiqc.report                                     [DEBUG  ]  Wrote data file multiqc_fastqc_fastqc_trimmed.json
[2025-10-01 00:10:39,491] multiqc.base_module                                [DEBUG  ]  fastqc_trimmed: deleting attribute self.order_of_duplication_levels
[2025-10-01 00:10:39,491] multiqc.base_module                                [DEBUG  ]  fastqc_trimmed: deleting attribute self.status_colours
[2025-10-01 00:10:39,491] multiqc.core.software_versions                     [DEBUG  ]  Reading software versions from config.software_versions
[2025-10-01 00:10:39,493] multiqc.core.software_versions                     [DEBUG  ]  Reading software versions settings from: 342/nf_core_rnaseq_software_mqc_versions.yml
[2025-10-01 00:10:39,522] multiqc.core.file_search                           [INFO   ]  Only using modules: picard, qualimap, rseqc, samtools, star, fastqc, cutadapt, fastqc, biotype_counts, dupradar, sample-status, nf-core-rnaseq-methods-description, sample-relationships, nf-core-rnaseq-summary
[2025-10-01 00:10:39,523] multiqc.report                                     [DEBUG  ]  Wrote data file multiqc_software_versions.txt
[2025-10-01 00:10:39,523] multiqc.core.order_modules_and_sections            [DEBUG  ]  config.report_section_order: module 'fail_trimmed_samples-module' not found.
[2025-10-01 00:10:39,523] multiqc.core.order_modules_and_sections            [DEBUG  ]  config.report_section_order: module 'fail_mapped_samples-module' not found.
[2025-10-01 00:10:39,523] multiqc.core.order_modules_and_sections            [DEBUG  ]  config.report_section_order: module 'fail_strand_check-module' not found.
[2025-10-01 00:10:39,523] multiqc.core.order_modules_and_sections            [DEBUG  ]  config.report_section_order: module 'fastp' not found.
[2025-10-01 00:10:39,523] multiqc.core.order_modules_and_sections            [DEBUG  ]  config.report_section_order: module 'hisat2' not found.
[2025-10-01 00:10:39,523] multiqc.core.order_modules_and_sections            [DEBUG  ]  config.report_section_order: module 'featurecounts_biotype' not found.
[2025-10-01 00:10:39,523] multiqc.core.order_modules_and_sections            [DEBUG  ]  config.report_section_order: module 'preseq' not found.
[2025-10-01 00:10:39,523] multiqc.core.order_modules_and_sections            [DEBUG  ]  config.report_section_order: module 'umitools' not found.
[2025-10-01 00:10:39,523] multiqc.core.order_modules_and_sections            [DEBUG  ]  config.report_section_order: module 'rsem' not found.
[2025-10-01 00:10:39,523] multiqc.core.order_modules_and_sections            [DEBUG  ]  config.report_section_order: module 'salmon' not found.
[2025-10-01 00:10:39,523] multiqc.core.order_modules_and_sections            [DEBUG  ]  config.report_section_order: module 'kallisto' not found.
[2025-10-01 00:10:39,523] multiqc.core.order_modules_and_sections            [DEBUG  ]  config.report_section_order: module 'star_salmon_deseq2_pca' not found.
[2025-10-01 00:10:39,523] multiqc.core.order_modules_and_sections            [DEBUG  ]  config.report_section_order: module 'star_salmon_deseq2_clustering' not found.
[2025-10-01 00:10:39,523] multiqc.core.order_modules_and_sections            [DEBUG  ]  config.report_section_order: module 'salmon_deseq2_pca' not found.
[2025-10-01 00:10:39,523] multiqc.core.order_modules_and_sections            [DEBUG  ]  config.report_section_order: module 'salmon_deseq2_clustering' not found.
[2025-10-01 00:10:39,523] multiqc.core.order_modules_and_sections            [DEBUG  ]  config.report_section_order: module 'star_rsem_deseq2_pca' not found.
[2025-10-01 00:10:39,523] multiqc.core.order_modules_and_sections            [DEBUG  ]  config.report_section_order: module 'star_rsem_deseq2_clustering' not found.
[2025-10-01 00:10:39,523] multiqc.core.order_modules_and_sections            [DEBUG  ]  config.report_section_order: module 'software_versions-module' not found.
[2025-10-01 00:10:39,524] multiqc.core.write_results                         [INFO   ]  Rendering plots. Export plots to formats png, svg, pdf is requested, so it might take a while. To disable plot export, set `export_plots: false` in config, or remove the `--export-plots` command line flag
[2025-10-01 00:11:08,735] multiqc.plots.plot                                 [DEBUG  ]  merge_with_previous for general_stats_table: found old_data = False
[2025-10-01 00:11:08,735] multiqc.plots.plot                                 [DEBUG  ]  merge_with_previous for general_stats_table: no old data or empty, using new data only
[2025-10-01 00:11:08,888] multiqc.report                                     [DEBUG  ]  Wrote data file multiqc_general_stats.txt
[2025-10-01 00:11:08,889] multiqc.report                                     [DEBUG  ]  Wrote data file multiqc_general_stats.json
[2025-10-01 00:11:08,896] multiqc.utils.mqc_colour                           [WARNING]  Error converting color '55,126,184' to RGB: input #55,126,184 is not in #RRGGBB format
[2025-10-01 00:11:08,898] multiqc.utils.mqc_colour                           [WARNING]  Error converting color '77,175,74' to RGB: input #77,175,74 is not in #RRGGBB format
[2025-10-01 00:11:08,899] multiqc.utils.mqc_colour                           [WARNING]  Error converting color '152,78,163' to RGB: input #152,78,163 is not in #RRGGBB format
[2025-10-01 00:11:08,900] multiqc.utils.mqc_colour                           [WARNING]  Error converting color '255,127,0' to RGB: input #255,127,0 is not in #RRGGBB format
[2025-10-01 00:11:08,901] multiqc.utils.mqc_colour                           [WARNING]  Error converting color '255,127,0' to RGB: input #255,127,0 is not in #RRGGBB format
[2025-10-01 00:11:08,902] multiqc.utils.mqc_colour                           [WARNING]  Error converting color '228,26,28' to RGB: input #228,26,28 is not in #RRGGBB format
[2025-10-01 00:11:08,904] multiqc.utils.mqc_colour                           [WARNING]  Error converting color '179,179,50' to RGB: input #179,179,50 is not in #RRGGBB format
[2025-10-01 00:11:08,905] multiqc.utils.mqc_colour                           [WARNING]  Error converting color '179,179,50' to RGB: input #179,179,50 is not in #RRGGBB format
[2025-10-01 00:11:08,906] multiqc.utils.mqc_colour                           [WARNING]  Error converting color '179,179,50' to RGB: input #179,179,50 is not in #RRGGBB format
[2025-10-01 00:11:08,907] multiqc.utils.mqc_colour                           [WARNING]  Error converting color '179,179,50' to RGB: input #179,179,50 is not in #RRGGBB format
[2025-10-01 00:11:08,908] multiqc.utils.mqc_colour                           [WARNING]  Error converting color '179,179,50' to RGB: input #179,179,50 is not in #RRGGBB format
[2025-10-01 00:11:08,910] multiqc.utils.mqc_colour                           [WARNING]  Error converting color '179,179,50' to RGB: input #179,179,50 is not in #RRGGBB format
[2025-10-01 00:11:08,911] multiqc.utils.mqc_colour                           [WARNING]  Error converting color '166,86,40' to RGB: input #166,86,40 is not in #RRGGBB format
[2025-10-01 00:11:08,912] multiqc.utils.mqc_colour                           [WARNING]  Error converting color '247,129,191' to RGB: input #247,129,191 is not in #RRGGBB format
[2025-10-01 00:11:08,914] multiqc.utils.mqc_colour                           [WARNING]  Error converting color '247,129,191' to RGB: input #247,129,191 is not in #RRGGBB format
[2025-10-01 00:11:08,915] multiqc.utils.mqc_colour                           [WARNING]  Error converting color '153,153,153' to RGB: input #153,153,153 is not in #RRGGBB format
[2025-10-01 00:11:08,916] multiqc.utils.mqc_colour                           [WARNING]  Error converting color '153,153,153' to RGB: input #153,153,153 is not in #RRGGBB format
[2025-10-01 00:11:08,918] multiqc.utils.mqc_colour                           [WARNING]  Error converting color '55,126,184' to RGB: input #55,126,184 is not in #RRGGBB format
[2025-10-01 00:11:08,919] multiqc.utils.mqc_colour                           [WARNING]  Error converting color '77,175,74' to RGB: input #77,175,74 is not in #RRGGBB format
[2025-10-01 00:11:08,920] multiqc.utils.mqc_colour                           [WARNING]  Error converting color '77,175,74' to RGB: input #77,175,74 is not in #RRGGBB format
[2025-10-01 00:11:08,921] multiqc.utils.mqc_colour                           [WARNING]  Error converting color '77,175,74' to RGB: input #77,175,74 is not in #RRGGBB format
[2025-10-01 00:11:08,929] multiqc.utils.mqc_colour                           [WARNING]  Error converting color '55,126,184' to RGB: input #55,126,184 is not in #RRGGBB format
[2025-10-01 00:11:08,929] multiqc.utils.mqc_colour                           [WARNING]  Error converting color '55,126,184' to RGB: input #55,126,184 is not in #RRGGBB format
[2025-10-01 00:11:08,935] multiqc.utils.mqc_colour                           [WARNING]  Error converting color '77,175,74' to RGB: input #77,175,74 is not in #RRGGBB format
[2025-10-01 00:11:08,935] multiqc.utils.mqc_colour                           [WARNING]  Error converting color '77,175,74' to RGB: input #77,175,74 is not in #RRGGBB format
[2025-10-01 00:11:08,941] multiqc.utils.mqc_colour                           [WARNING]  Error converting color '152,78,163' to RGB: input #152,78,163 is not in #RRGGBB format
[2025-10-01 00:11:08,941] multiqc.utils.mqc_colour                           [WARNING]  Error converting color '152,78,163' to RGB: input #152,78,163 is not in #RRGGBB format
[2025-10-01 00:11:08,947] multiqc.utils.mqc_colour                           [WARNING]  Error converting color '255,127,0' to RGB: input #255,127,0 is not in #RRGGBB format
[2025-10-01 00:11:08,947] multiqc.utils.mqc_colour                           [WARNING]  Error converting color '255,127,0' to RGB: input #255,127,0 is not in #RRGGBB format
[2025-10-01 00:11:08,953] multiqc.utils.mqc_colour                           [WARNING]  Error converting color '255,127,0' to RGB: input #255,127,0 is not in #RRGGBB format
[2025-10-01 00:11:08,953] multiqc.utils.mqc_colour                           [WARNING]  Error converting color '255,127,0' to RGB: input #255,127,0 is not in #RRGGBB format
[2025-10-01 00:11:08,959] multiqc.utils.mqc_colour                           [WARNING]  Error converting color '228,26,28' to RGB: input #228,26,28 is not in #RRGGBB format
[2025-10-01 00:11:08,959] multiqc.utils.mqc_colour                           [WARNING]  Error converting color '228,26,28' to RGB: input #228,26,28 is not in #RRGGBB format
[2025-10-01 00:11:08,965] multiqc.utils.mqc_colour                           [WARNING]  Error converting color '179,179,50' to RGB: input #179,179,50 is not in #RRGGBB format
[2025-10-01 00:11:08,965] multiqc.utils.mqc_colour                           [WARNING]  Error converting color '179,179,50' to RGB: input #179,179,50 is not in #RRGGBB format
[2025-10-01 00:11:08,971] multiqc.utils.mqc_colour                           [WARNING]  Error converting color '179,179,50' to RGB: input #179,179,50 is not in #RRGGBB format
[2025-10-01 00:11:08,971] multiqc.utils.mqc_colour                           [WARNING]  Error converting color '179,179,50' to RGB: input #179,179,50 is not in #RRGGBB format
[2025-10-01 00:11:08,977] multiqc.utils.mqc_colour                           [WARNING]  Error converting color '179,179,50' to RGB: input #179,179,50 is not in #RRGGBB format
[2025-10-01 00:11:08,977] multiqc.utils.mqc_colour                           [WARNING]  Error converting color '179,179,50' to RGB: input #179,179,50 is not in #RRGGBB format
[2025-10-01 00:11:08,983] multiqc.utils.mqc_colour                           [WARNING]  Error converting color '179,179,50' to RGB: input #179,179,50 is not in #RRGGBB format
[2025-10-01 00:11:08,983] multiqc.utils.mqc_colour                           [WARNING]  Error converting color '179,179,50' to RGB: input #179,179,50 is not in #RRGGBB format
[2025-10-01 00:11:08,989] multiqc.utils.mqc_colour                           [WARNING]  Error converting color '179,179,50' to RGB: input #179,179,50 is not in #RRGGBB format
[2025-10-01 00:11:08,989] multiqc.utils.mqc_colour                           [WARNING]  Error converting color '179,179,50' to RGB: input #179,179,50 is not in #RRGGBB format
[2025-10-01 00:11:08,997] multiqc.utils.mqc_colour                           [WARNING]  Error converting color '179,179,50' to RGB: input #179,179,50 is not in #RRGGBB format
[2025-10-01 00:11:08,997] multiqc.utils.mqc_colour                           [WARNING]  Error converting color '179,179,50' to RGB: input #179,179,50 is not in #RRGGBB format
[2025-10-01 00:11:09,002] multiqc.utils.mqc_colour                           [WARNING]  Error converting color '166,86,40' to RGB: input #166,86,40 is not in #RRGGBB format
[2025-10-01 00:11:09,003] multiqc.utils.mqc_colour                           [WARNING]  Error converting color '166,86,40' to RGB: input #166,86,40 is not in #RRGGBB format
[2025-10-01 00:11:09,008] multiqc.utils.mqc_colour                           [WARNING]  Error converting color '247,129,191' to RGB: input #247,129,191 is not in #RRGGBB format
[2025-10-01 00:11:09,008] multiqc.utils.mqc_colour                           [WARNING]  Error converting color '247,129,191' to RGB: input #247,129,191 is not in #RRGGBB format
[2025-10-01 00:11:09,014] multiqc.utils.mqc_colour                           [WARNING]  Error converting color '247,129,191' to RGB: input #247,129,191 is not in #RRGGBB format
[2025-10-01 00:11:09,014] multiqc.utils.mqc_colour                           [WARNING]  Error converting color '247,129,191' to RGB: input #247,129,191 is not in #RRGGBB format
[2025-10-01 00:11:09,020] multiqc.utils.mqc_colour                           [WARNING]  Error converting color '153,153,153' to RGB: input #153,153,153 is not in #RRGGBB format
[2025-10-01 00:11:09,020] multiqc.utils.mqc_colour                           [WARNING]  Error converting color '153,153,153' to RGB: input #153,153,153 is not in #RRGGBB format
[2025-10-01 00:11:09,032] multiqc.utils.mqc_colour                           [WARNING]  Error converting color '153,153,153' to RGB: input #153,153,153 is not in #RRGGBB format
[2025-10-01 00:11:09,032] multiqc.utils.mqc_colour                           [WARNING]  Error converting color '153,153,153' to RGB: input #153,153,153 is not in #RRGGBB format
[2025-10-01 00:11:09,043] multiqc.utils.mqc_colour                           [WARNING]  Error converting color '55,126,184' to RGB: input #55,126,184 is not in #RRGGBB format
[2025-10-01 00:11:09,043] multiqc.utils.mqc_colour                           [WARNING]  Error converting color '55,126,184' to RGB: input #55,126,184 is not in #RRGGBB format
[2025-10-01 00:11:09,055] multiqc.utils.mqc_colour                           [WARNING]  Error converting color '77,175,74' to RGB: input #77,175,74 is not in #RRGGBB format
[2025-10-01 00:11:09,055] multiqc.utils.mqc_colour                           [WARNING]  Error converting color '77,175,74' to RGB: input #77,175,74 is not in #RRGGBB format
[2025-10-01 00:11:09,066] multiqc.utils.mqc_colour                           [WARNING]  Error converting color '77,175,74' to RGB: input #77,175,74 is not in #RRGGBB format
[2025-10-01 00:11:09,066] multiqc.utils.mqc_colour                           [WARNING]  Error converting color '77,175,74' to RGB: input #77,175,74 is not in #RRGGBB format
[2025-10-01 00:11:09,078] multiqc.utils.mqc_colour                           [WARNING]  Error converting color '77,175,74' to RGB: input #77,175,74 is not in #RRGGBB format
[2025-10-01 00:11:09,078] multiqc.utils.mqc_colour                           [WARNING]  Error converting color '77,175,74' to RGB: input #77,175,74 is not in #RRGGBB format
[2025-10-01 00:11:09,137] multiqc.core.ai                                    [DEBUG  ]  Saved AI prompt to multiqc_data/llms-full.txt
[2025-10-01 00:11:09,140] multiqc.core.write_results                         [DEBUG  ]  Exporting plot data to files
[2025-10-01 00:11:09,140] multiqc.report                                     [DEBUG  ]  Wrote data file fastqc_raw_sequence_counts_plot.txt
[2025-10-01 00:11:09,142] multiqc.report                                     [DEBUG  ]  Wrote data file fastqc_raw_per_base_sequence_quality_plot.txt
[2025-10-01 00:11:09,143] multiqc.report                                     [DEBUG  ]  Wrote data file fastqc_raw_per_sequence_quality_scores_plot.txt
[2025-10-01 00:11:09,148] multiqc.report                                     [DEBUG  ]  Wrote data file fastqc_raw_per_sequence_gc_content_plot_Percentages.txt
[2025-10-01 00:11:09,151] multiqc.report                                     [DEBUG  ]  Wrote data file fastqc_raw_per_sequence_gc_content_plot_Counts.txt
[2025-10-01 00:11:09,153] multiqc.report                                     [DEBUG  ]  Wrote data file fastqc_raw_per_base_n_content_plot.txt
[2025-10-01 00:11:09,154] multiqc.report                                     [DEBUG  ]  Wrote data file fastqc_raw_sequence_duplication_levels_plot.txt
[2025-10-01 00:11:09,154] multiqc.report                                     [DEBUG  ]  Wrote data file fastqc_raw_overrepresented_sequences_plot.txt
[2025-10-01 00:11:09,155] multiqc.report                                     [DEBUG  ]  Wrote data file fastqc_raw_top_overrepresented_sequences_table.txt
[2025-10-01 00:11:09,161] multiqc.report                                     [DEBUG  ]  Wrote data file fastqc_raw_adapter_content_plot.txt
[2025-10-01 00:11:09,161] multiqc.report                                     [DEBUG  ]  Wrote data file fastqc_raw-status-check-heatmap.txt
[2025-10-01 00:11:09,162] multiqc.report                                     [DEBUG  ]  Wrote data file cutadapt_filtered_reads_plot.txt
[2025-10-01 00:11:09,166] multiqc.report                                     [DEBUG  ]  Wrote data file cutadapt_trimmed_sequences_plot_3_Counts.txt
[2025-10-01 00:11:09,172] multiqc.report                                     [DEBUG  ]  Wrote data file cutadapt_trimmed_sequences_plot_3_Obs_Exp.txt
[2025-10-01 00:11:09,172] multiqc.report                                     [DEBUG  ]  Wrote data file fastqc_trimmed_sequence_counts_plot.txt
[2025-10-01 00:11:09,174] multiqc.report                                     [DEBUG  ]  Wrote data file fastqc_trimmed_per_base_sequence_quality_plot.txt
[2025-10-01 00:11:09,175] multiqc.report                                     [DEBUG  ]  Wrote data file fastqc_trimmed_per_sequence_quality_scores_plot.txt
[2025-10-01 00:11:09,180] multiqc.report                                     [DEBUG  ]  Wrote data file fastqc_trimmed_per_sequence_gc_content_plot_Percentages.txt
[2025-10-01 00:11:09,184] multiqc.report                                     [DEBUG  ]  Wrote data file fastqc_trimmed_per_sequence_gc_content_plot_Counts.txt
[2025-10-01 00:11:09,186] multiqc.report                                     [DEBUG  ]  Wrote data file fastqc_trimmed_per_base_n_content_plot.txt
[2025-10-01 00:11:09,188] multiqc.report                                     [DEBUG  ]  Wrote data file fastqc_sequence_length_distribution_plot.txt
[2025-10-01 00:11:09,189] multiqc.report                                     [DEBUG  ]  Wrote data file fastqc_trimmed_sequence_duplication_levels_plot.txt
[2025-10-01 00:11:09,189] multiqc.report                                     [DEBUG  ]  Wrote data file fastqc_trimmed_overrepresented_sequences_plot.txt
[2025-10-01 00:11:09,189] multiqc.report                                     [DEBUG  ]  Wrote data file fastqc_trimmed_top_overrepresented_sequences_table.txt
[2025-10-01 00:11:09,192] multiqc.report                                     [DEBUG  ]  Wrote data file fastqc_trimmed_adapter_content_plot.txt
[2025-10-01 00:11:09,193] multiqc.report                                     [DEBUG  ]  Wrote data file fastqc_trimmed-status-check-heatmap.txt
[2025-10-01 00:11:09,193] multiqc.report                                     [DEBUG  ]  Wrote data file picard_deduplication.txt
[2025-10-01 00:11:09,193] multiqc.report                                     [DEBUG  ]  Wrote data file qualimap_genomic_origin.txt
[2025-10-01 00:11:09,196] multiqc.report                                     [DEBUG  ]  Wrote data file qualimap_gene_coverage_profile_Counts.txt
[2025-10-01 00:11:09,198] multiqc.report                                     [DEBUG  ]  Wrote data file qualimap_gene_coverage_profile_Normalised.txt
[2025-10-01 00:11:09,198] multiqc.report                                     [DEBUG  ]  Wrote data file rseqc_read_distribution_plot.txt
[2025-10-01 00:11:09,199] multiqc.report                                     [DEBUG  ]  Wrote data file rseqc_inner_distance_plot_Counts.txt
[2025-10-01 00:11:09,201] multiqc.report                                     [DEBUG  ]  Wrote data file rseqc_inner_distance_plot_Percentages.txt
[2025-10-01 00:11:09,203] multiqc.report                                     [DEBUG  ]  Wrote data file rseqc_read_dups_plot.txt
[2025-10-01 00:11:09,204] multiqc.report                                     [DEBUG  ]  Wrote data file rseqc_junction_annotation_junctions_plot_Junctions.txt
[2025-10-01 00:11:09,204] multiqc.report                                     [DEBUG  ]  Wrote data file rseqc_junction_annotation_junctions_plot_Events.txt
[2025-10-01 00:11:09,204] multiqc.report                                     [DEBUG  ]  Wrote data file rseqc_junction_saturation_plot_All_Junctions.txt
[2025-10-01 00:11:09,205] multiqc.report                                     [DEBUG  ]  Wrote data file rseqc_junction_saturation_plot_Known_Junctions.txt
[2025-10-01 00:11:09,205] multiqc.report                                     [DEBUG  ]  Wrote data file rseqc_junction_saturation_plot_Novel_Junctions.txt
[2025-10-01 00:11:09,205] multiqc.report                                     [DEBUG  ]  Wrote data file rseqc_infer_experiment_plot.txt
[2025-10-01 00:11:09,206] multiqc.report                                     [DEBUG  ]  Wrote data file rseqc_bam_stat.txt
[2025-10-01 00:11:09,206] multiqc.report                                     [DEBUG  ]  Wrote data file samtools_alignment_plot.txt
[2025-10-01 00:11:09,206] multiqc.report                                     [DEBUG  ]  Wrote data file samtools-stats-dp.txt
[2025-10-01 00:11:09,206] multiqc.report                                     [DEBUG  ]  Wrote data file samtools-flagstat-table.txt
[2025-10-01 00:11:09,206] multiqc.report                                     [DEBUG  ]  Wrote data file samtools-flagstat-pct-table.txt
[2025-10-01 00:11:09,206] multiqc.report                                     [DEBUG  ]  Wrote data file samtools-idxstats-xy-plot.txt
[2025-10-01 00:11:09,207] multiqc.report                                     [DEBUG  ]  Wrote data file samtools-idxstats-mapped-reads-plot_Normalised_Counts.txt
[2025-10-01 00:11:09,207] multiqc.report                                     [DEBUG  ]  Wrote data file samtools-idxstats-mapped-reads-plot_Observed_over_Expected_Counts.txt
[2025-10-01 00:11:09,208] multiqc.report                                     [DEBUG  ]  Wrote data file samtools-idxstats-mapped-reads-plot_Raw_Counts.txt
[2025-10-01 00:11:09,208] multiqc.report                                     [DEBUG  ]  Wrote data file star_summary_table.txt
[2025-10-01 00:11:09,208] multiqc.report                                     [DEBUG  ]  Wrote data file star_alignment_plot.txt
[2025-10-01 00:11:09,208] multiqc.core.write_results                         [DEBUG  ]  Moving data file from '/scratch/15612049/tmp3kiy2ieo/multiqc_data' to '/scratch/15612049/nxf.3xZ5GB01x2/multiqc_report_data'
[2025-10-01 00:11:09,722] multiqc.core.write_results                         [INFO   ]  Data        : multiqc_report_data
[2025-10-01 00:11:09,789] multiqc.core.write_results                         [DEBUG  ]  Compressing plot data
[2025-10-01 00:11:10,177] multiqc.core.write_results                         [INFO   ]  Report      : multiqc_report.html
[2025-10-01 00:11:10,177] multiqc.core.write_results                         [DEBUG  ]  Moving plots directory from '/scratch/15612049/tmp3kiy2ieo/multiqc_plots' to '/scratch/15612049/nxf.3xZ5GB01x2/multiqc_report_plots'
[2025-10-01 00:11:10,197] multiqc.core.write_results                         [INFO   ]  Plots       : multiqc_report_plots
[2025-10-01 00:11:10,197] multiqc.core.write_results                         [DEBUG  ]  Report HTML written to /scratch/15612049/nxf.3xZ5GB01x2/multiqc_report.html
