gene_id	baseMean	log2FoldChange	lfcSE	pvalue	padj	chromosome	start	end	width	source	type	score	phase	gene_version	transcript_id	transcript_version	gene_name	gene_source	gene_biotype	havana_gene	havana_gene_version	transcript_name	transcript_source	transcript_biotype	havana_transcript	havana_transcript_version	tag	transcript_support_level	ccds_id
ENSMUSG00000023978	309.503	0.068	0.433	0.028	0.829	17	46910459	46924933	14475	ensembl_havana	transcript	NA	NA	5	ENSMUST00000024773	5	Prph2	ensembl_havana	protein_coding	OTTMUSG00000034269	1	Prph2-001	ensembl_havana	protein_coding	OTTMUST00000087082	1	basic	1	CCDS28844
ENSMUSG00000030324	1881.779	0.098	0.538	0.018	0.669	6	115931927	115938829	6903	ensembl	transcript	NA	NA	6	ENSMUST00000032471	6	Rho	ensembl	protein_coding	NA	NA	Rho-201	ensembl	protein_coding	NA	NA	basic	1	CCDS20446
ENSMUSG00000031450	195.247	1.244	1.942	0.001	0.114	8	13405081	13421945	16865	ensembl	transcript	NA	NA	7	ENSMUST00000033827	7	Grk1	ensembl	protein_coding	NA	NA	Grk1-201	ensembl	protein_coding	NA	NA	basic	1	CCDS22112
ENSMUSG00000056055	582.61	0.037	0.301	0.055	1	1	87803680	87817863	14184	havana	transcript	NA	NA	11	ENSMUST00000156381	5	Sag	ensembl_havana	protein_coding	OTTMUSG00000021826	1	Sag-006	havana	retained_intron	OTTMUST00000051798	1	NA	2 (assigned to previous version 4)	NA
ENSMUSG00000025900	116.018	0.086	0.499	0.022	0.71	1	4290846	4409241	118396	havana	transcript	NA	NA	8	ENSMUST00000194992	3	Rp1	ensembl_havana	protein_coding	OTTMUSG00000049985	2	Rp1-002	havana	protein_coding	OTTMUST00000127194	1	basic	1 (assigned to previous version 2)	NA
ENSMUSG00000026834	26.714	-0.005	0.088	0.441	1	2	58267453	58357895	90443	ensembl_havana	transcript	NA	NA	11	ENSMUST00000028178	11	Acvr1c	ensembl_havana	protein_coding	OTTMUSG00000012673	2	Acvr1c-001	ensembl_havana	protein_coding	OTTMUST00000030193	1	basic	1 (assigned to previous version 10)	CCDS50586
ENSMUSG00000025386	129.963	2.852	2.089	0	0.024	11	120447605	120453434	5830	havana	transcript	NA	NA	2	ENSMUST00000141795	1	Pde6g	ensembl_havana	protein_coding	OTTMUSG00000004174	1	Pde6g-003	havana	processed_transcript	OTTMUST00000009477	1	NA	2	NA
ENSMUSG00000059991	29.214	0.002	0.077	0.777	1	5	144545902	144557478	11577	ensembl_havana	transcript	NA	NA	7	ENSMUST00000071782	7	Nptx2	ensembl_havana	protein_coding	OTTMUSG00000054975	1	Nptx2-001	ensembl_havana	protein_coding	OTTMUST00000136233	1	basic	1	CCDS19849
ENSMUSG00000056043	87.152	0.004	0.094	0.543	1	7	35578993	35585582	6590	ensembl_havana	transcript	NA	NA	5	ENSMUST00000069912	5	Rgs9bp	ensembl_havana	protein_coding	OTTMUSG00000049777	2	Rgs9bp-001	ensembl_havana	protein_coding	OTTMUST00000126788	2	basic	NA	CCDS21153
ENSMUSG00000029491	211.64	0.021	0.199	0.091	1	5	108388391	108431743	43353	ensembl_havana	transcript	NA	NA	7	ENSMUST00000031456	7	Pde6b	ensembl_havana	protein_coding	OTTMUSG00000026326	2	Pde6b-001	ensembl_havana	protein_coding	OTTMUST00000065111	2	basic	1	CCDS19510
ENSMUSG00000035456	9.096	-0.006	0.106	0.413	1	5	98180978	98188991	8014	ensembl_havana	transcript	NA	NA	8	ENSMUST00000112959	3	Prdm8	ensembl_havana	protein_coding	OTTMUSG00000053329	2	Prdm8-001	ensembl_havana	protein_coding	OTTMUST00000133182	2	basic	1 (assigned to previous version 2)	CCDS39178
ENSMUSG00000062082	15.972	-0.007	0.126	0.371	1	16	44811733	44839134	27402	havana	transcript	NA	NA	14	ENSMUST00000176819	5	Cd200r4	ensembl_havana	protein_coding	OTTMUSG00000014979	5	Cd200r4-001	havana	protein_coding	OTTMUST00000035559	2	basic	5 (assigned to previous version 4)	CCDS37346
ENSMUSG00000020713	440.359	-0.004	0.097	0.534	1	11	106300271	106301865	1595	ensembl_havana	transcript	NA	NA	6	ENSMUST00000103071	3	Gh	ensembl_havana	protein_coding	OTTMUSG00000003423	1	Gh-001	ensembl_havana	protein_coding	OTTMUST00000007211	1	basic	1	CCDS25554
ENSMUSG00000053963	228.182	0	0.068	0.985	1	1	180432387	180483467	51081	ensembl_havana	transcript	NA	NA	6	ENSMUST00000136521	1	6330403A02Rik	ensembl_havana	protein_coding	OTTMUSG00000033911	1	6330403A02Rik-001	ensembl_havana	protein_coding	OTTMUST00000085545	1	basic	1	CCDS48467
ENSMUSG00000062372	37.013	0.016	0.155	0.102	1	5	30367062	30461902	94841	ensembl_havana	transcript	NA	NA	11	ENSMUST00000114747	6	Otof	ensembl_havana	protein_coding	OTTMUSG00000025902	6	Otof-002	ensembl_havana	protein_coding	OTTMUST00000065515	5	basic	1 (assigned to previous version 5)	CCDS51452
ENSMUSG00000068037	21.957	-0.009	0.115	0.246	1	17	12841079	12868143	27065	havana	transcript	NA	NA	8	ENSMUST00000089015	7	Mas1	ensembl_havana	protein_coding	OTTMUSG00000034919	1	Mas1-001	havana	protein_coding	OTTMUST00000088777	1	basic	1 (assigned to previous version 6)	CCDS28394
ENSMUSG00000020907	52.443	0.197	0.758	0.007	0.432	11	67695326	67703333	8008	ensembl_havana	transcript	NA	NA	1	ENSMUST00000021290	1	Rcvrn	ensembl_havana	protein_coding	OTTMUSG00000005933	1	Rcvrn-001	ensembl_havana	protein_coding	OTTMUST00000013215	1	basic	1	CCDS24859
ENSMUSG00000037446	90.172	0.072	0.411	0.019	0.669	17	28351515	28355066	3552	havana	transcript	NA	NA	11	ENSMUST00000130877	1	Tulp1	ensembl_havana	protein_coding	OTTMUSG00000024252	1	Tulp1-005	havana	retained_intron	OTTMUST00000059363	1	NA	1	NA
ENSMUSG00000031789	109.325	0.019	0.179	0.091	1	8	95239045	95306585	67541	havana	transcript	NA	NA	14	ENSMUST00000119870	6	Cngb1	ensembl_havana	protein_coding	OTTMUSG00000031171	4	Cngb1-001	havana	protein_coding	OTTMUST00000077236	2	basic	1 (assigned to previous version 5)	CCDS72151
ENSMUSG00000078816	160.68	-0.001	0.071	0.832	1	7	3303532	3331094	27563	ensembl	transcript	NA	NA	7	ENSMUST00000100301	8	Prkcg	ensembl	protein_coding	NA	NA	Prkcg-201	ensembl	protein_coding	NA	NA	basic	1 (assigned to previous version 7)	CCDS57470
ENSMUSG00000057715	42.745	-0.002	0.077	0.68	1	1	11414105	11975901	561797	ensembl_havana	transcript	NA	NA	11	ENSMUST00000048613	11	A830018L16Rik	ensembl_havana	protein_coding	OTTMUSG00000033915	2	A830018L16Rik-001	ensembl_havana	protein_coding	OTTMUST00000085549	1	basic	1 (assigned to previous version 10)	CCDS35513
ENSMUSG00000025582	253.431	0	0.067	0.949	1	11	119538719	119547753	9035	ensembl_havana	transcript	NA	NA	4	ENSMUST00000026670	4	Nptx1	ensembl_havana	protein_coding	OTTMUSG00000003985	1	Nptx1-001	ensembl_havana	protein_coding	OTTMUST00000008850	1	basic	1	CCDS25719
ENSMUSG00000026841	13.929	-0.005	0.092	0.407	1	2	31813290	31846005	32716	ensembl_havana	transcript	NA	NA	7	ENSMUST00000028188	7	Fibcd1	ensembl_havana	protein_coding	OTTMUSG00000012076	1	Fibcd1-001	ensembl_havana	protein_coding	OTTMUST00000028739	1	basic	1	CCDS50564
ENSMUSG00000038255	38.963	0	0.076	0.954	1	11	98325415	98329648	4234	ensembl_havana	transcript	NA	NA	6	ENSMUST00000041685	6	Neurod2	ensembl_havana	protein_coding	OTTMUSG00000002638	1	Neurod2-001	ensembl_havana	protein_coding	OTTMUST00000005157	1	basic	1	CCDS25343
ENSMUSG00000029335	40.524	-0.004	0.074	0.512	1	5	98854415	98873760	19346	havana	transcript	NA	NA	5	ENSMUST00000197143	1	Bmp3	ensembl_havana	protein_coding	OTTMUSG00000053551	1	Bmp3-003	havana	protein_coding	OTTMUST00000133518	1	basic	1	NA
ENSMUSG00000029151	57.958	-0.001	0.079	0.805	1	5	31086106	31093615	7510	ensembl_havana	transcript	NA	NA	12	ENSMUST00000031037	11	Slc30a3	ensembl_havana	protein_coding	OTTMUSG00000015164	3	Slc30a3-001	ensembl_havana	protein_coding	OTTMUST00000035963	1	basic	1 (assigned to previous version 10)	CCDS51455
ENSMUSG00000048087	36.23	-0.148	0.61	0.008	0.438	16	46152997	46155077	2081	ensembl	transcript	NA	NA	5	ENSMUST00000059524	5	Gm4737	ensembl	protein_coding	NA	NA	Gm4737-201	ensembl	protein_coding	NA	NA	basic	NA	NA
ENSMUSG00000029819	25.17	-0.001	0.073	0.902	1	6	49822710	49829507	6798	ensembl_havana	transcript	NA	NA	6	ENSMUST00000031843	6	Npy	ensembl_havana	protein_coding	OTTMUSG00000034262	1	Npy-001	ensembl_havana	protein_coding	OTTMUST00000087064	1	basic	1	CCDS39488
ENSMUSG00000090675	14.013	0	0.099	0.951	1	17	37529957	37530997	1041	ensembl_havana	transcript	NA	NA	1	ENSMUST00000097325	3	Olfr111	ensembl_havana	protein_coding	OTTMUSG00000037460	1	Olfr111-001	ensembl_havana	protein_coding	OTTMUST00000096612	1	basic	NA	CCDS28755
ENSMUSG00000032174	128.665	0	0.073	0.972	1	9	21032038	21039036	6999	ensembl	transcript	NA	NA	4	ENSMUST00000019616	4	Icam5	ensembl	protein_coding	NA	NA	Icam5-201	ensembl	protein_coding	NA	NA	basic	1	CCDS22891
ENSMUSG00000050600	31.19	0.001	0.07	0.923	1	2	174643534	174710832	67299	ensembl_havana	transcript	NA	NA	5	ENSMUST00000059452	5	Zfp831	ensembl_havana	protein_coding	OTTMUSG00000017459	1	Zfp831-001	ensembl_havana	protein_coding	OTTMUST00000042397	1	basic	5	CCDS38361
ENSMUSG00000074575	25.95	-0.001	0.073	0.812	1	2	168260117	168281132	21016	havana	transcript	NA	NA	4	ENSMUST00000109191	1	Kcng1	ensembl_havana	protein_coding	OTTMUSG00000016048	1	Kcng1-001	havana	protein_coding	OTTMUST00000038299	1	basic	5	CCDS38344
ENSMUSG00000046999	10.519	-0.002	0.086	0.758	1	3	68869586	68872163	2578	ensembl_havana	transcript	NA	NA	2	ENSMUST00000054551	2	1110032F04Rik	ensembl_havana	protein_coding	OTTMUSG00000044906	1	1110032F04Rik-001	ensembl_havana	protein_coding	OTTMUST00000118030	1	basic	NA	CCDS50931
ENSMUSG00000048483	9.367	-0.002	0.088	0.701	1	12	86983381	86988676	5296	ensembl	transcript	NA	NA	5	ENSMUST00000095521	2	Zdhhc22	ensembl	protein_coding	NA	NA	Zdhhc22-201	ensembl	protein_coding	NA	NA	basic	1	CCDS36500
ENSMUSG00000027270	34.447	0.001	0.073	0.814	1	2	136052239	136059531	7293	havana	transcript	NA	NA	12	ENSMUST00000144403	5	Lamp5	ensembl_havana	protein_coding	OTTMUSG00000015982	1	Lamp5-005	havana	protein_coding	OTTMUST00000038051	1	mRNA_end_NF	3 (assigned to previous version 4)	NA
ENSMUSG00000070570	749.403	0.021	0.185	0.075	1	7	45163921	45176138	12218	ensembl	transcript	NA	NA	4	ENSMUST00000085374	5	Slc17a7	ensembl	protein_coding	NA	NA	Slc17a7-201	ensembl	protein_coding	NA	NA	basic	1	CCDS52244
ENSMUSG00000024575	224.919	0.391	1.043	0.003	0.258	18	61220482	61289924	69443	ensembl_havana	transcript	NA	NA	13	ENSMUST00000025468	11	Pde6a	ensembl_havana	protein_coding	OTTMUSG00000028119	1	Pde6a-001	ensembl_havana	protein_coding	OTTMUST00000069637	1	basic	1 (assigned to previous version 10)	CCDS29283
ENSMUSG00000059003	348.283	-0.003	0.073	0.547	1	16	9567898	9994923	427026	havana	transcript	NA	NA	10	ENSMUST00000199708	2	Grin2a	ensembl_havana	protein_coding	OTTMUSG00000016264	3	Grin2a-001	havana	protein_coding	OTTMUST00000038999	3	basic	5 (assigned to previous version 1)	CCDS27943
ENSMUSG00000029054	26.784	0	0.075	0.995	1	4	155384980	155398047	13068	havana	transcript	NA	NA	6	ENSMUST00000150423	5	Gabrd	ensembl_havana	protein_coding	OTTMUSG00000010612	1	Gabrd-002	havana	processed_transcript	OTTMUST00000024804	1	NA	2 (assigned to previous version 4)	NA
ENSMUSG00000027849	57.74	0.006	0.085	0.35	1	3	103575231	103630946	55716	havana	transcript	NA	NA	16	ENSMUST00000121834	5	Syt6	ensembl_havana	protein_coding	OTTMUSG00000028617	8	Syt6-001	havana	protein_coding	OTTMUST00000070915	4	basic	1 (assigned to previous version 4)	CCDS38575
ENSMUSG00000034796	46.862	-0.002	0.07	0.701	1	8	123117374	123135180	17807	havana	transcript	NA	NA	12	ENSMUST00000134235	5	Cpne7	ensembl_havana	protein_coding	OTTMUSG00000027555	3	Cpne7-003	havana	retained_intron	OTTMUST00000068237	1	NA	1 (assigned to previous version 4)	NA
ENSMUSG00000028222	63.749	-0.006	0.083	0.32	1	4	15881264	15908064	26801	ensembl_havana	transcript	NA	NA	2	ENSMUST00000029876	1	Calb1	ensembl_havana	protein_coding	OTTMUSG00000004637	2	Calb1-001	ensembl_havana	protein_coding	OTTMUST00000010465	1	basic	1	CCDS17984
ENSMUSG00000053025	450.699	0.002	0.068	0.728	1	7	75114897	75309262	194366	ensembl	transcript	NA	NA	11	ENSMUST00000165175	5	Sv2b	ensembl	protein_coding	NA	NA	Sv2b-202	ensembl	protein_coding	NA	NA	basic	1 (assigned to previous version 4)	CCDS21368
ENSMUSG00000047935	32.903	0.005	0.089	0.401	1	8	12385771	12436750	50980	havana	transcript	NA	NA	14	ENSMUST00000186174	4	Gm5607	ensembl_havana	sense_overlapping	OTTMUSG00000046190	1	Gm5607-001	havana	sense_overlapping	OTTMUST00000120477	1	NA	5 (assigned to previous version 3)	NA
ENSMUSG00000035033	64.465	0.002	0.073	0.754	1	2	61802930	61804558	1629	havana	transcript	NA	NA	13	ENSMUST00000136867	1	Tbr1	ensembl_havana	protein_coding	OTTMUSG00000013075	2	Tbr1-004	havana	processed_transcript	OTTMUST00000031580	1	NA	1	NA
ENSMUSG00000026163	172.886	-0.006	0.087	0.339	1	1	83254139	83408200	154062	ensembl_havana	transcript	NA	NA	15	ENSMUST00000160953	5	Sphkap	ensembl_havana	protein_coding	OTTMUSG00000030288	4	Sphkap-001	ensembl_havana	protein_coding	OTTMUST00000074976	3	basic	1 (assigned to previous version 4)	CCDS48298
ENSMUSG00000030209	895.167	-0.008	0.094	0.242	1	6	135713232	136173125	459894	havana	transcript	NA	NA	12	ENSMUST00000053880	10	Grin2b	ensembl_havana	protein_coding	OTTMUSG00000016356	5	Grin2b-001	havana	protein_coding	OTTMUST00000039337	5	basic	5 (assigned to previous version 9)	CCDS20648
ENSMUSG00000053310	225.053	0.001	0.066	0.828	1	9	37544492	37552904	8413	ensembl_havana	transcript	NA	NA	9	ENSMUST00000065668	9	Nrgn	ensembl_havana	protein_coding	OTTMUSG00000043307	2	Nrgn-001	ensembl_havana	protein_coding	OTTMUST00000113604	2	basic	1 (assigned to previous version 8)	CCDS40585
ENSMUSG00000060371	241.08	-0.018	0.173	0.092	1	5	130369455	130840174	470720	ensembl_havana	transcript	NA	NA	10	ENSMUST00000086029	7	Caln1	ensembl_havana	protein_coding	OTTMUSG00000023954	2	Caln1-002	ensembl_havana	protein_coding	OTTMUST00000058548	2	basic	1 (assigned to previous version 6)	CCDS51656
ENSMUSG00000036480	25.308	-0.009	0.111	0.219	1	1	87183313	87188405	5093	ensembl_havana	transcript	NA	NA	9	ENSMUST00000044533	8	Prss56	ensembl_havana	protein_coding	OTTMUSG00000033560	2	Prss56-001	ensembl_havana	protein_coding	OTTMUST00000084503	2	basic	1	CCDS59538
ENSMUSG00000027978	24.179	0.001	0.071	0.896	1	3	123446913	123506597	59685	ensembl_havana	transcript	NA	NA	9	ENSMUST00000029603	9	Prss12	ensembl_havana	protein_coding	OTTMUSG00000052551	2	Prss12-001	ensembl_havana	protein_coding	OTTMUST00000131751	2	basic	1	CCDS17817
ENSMUSG00000099016	12.361	-0.018	0.204	0.139	1	9	80263306	80265450	2145	havana	transcript	NA	NA	1	ENSMUST00000183413	1	Gm27227	havana	antisense	OTTMUSG00000044878	1	Gm27227-001	havana	antisense	OTTMUST00000117920	1	basic	3	NA
ENSMUSG00000026514	55.291	0	0.069	0.961	1	1	181352628	181459909	107282	ensembl_havana	transcript	NA	NA	11	ENSMUST00000161880	5	Cnih3	ensembl_havana	protein_coding	OTTMUSG00000034937	2	Cnih3-001	ensembl_havana	protein_coding	OTTMUST00000088832	1	basic	1 (assigned to previous version 4)	CCDS35810
ENSMUSG00000059213	832.046	0	0.071	0.933	1	15	98803782	98807925	4144	ensembl	transcript	NA	NA	6	ENSMUST00000075444	6	Ddn	ensembl	protein_coding	NA	NA	Ddn-201	ensembl	protein_coding	NA	NA	basic	1	CCDS49723
ENSMUSG00000030905	52.037	-0.003	0.074	0.633	1	7	120186380	120202111	15732	ensembl_havana	transcript	NA	NA	5	ENSMUST00000033198	5	Crym	ensembl_havana	protein_coding	OTTMUSG00000027354	1	Crym-001	ensembl_havana	protein_coding	OTTMUST00000067644	1	basic	1	CCDS21794
ENSMUSG00000021255	74.859	0.002	0.09	0.771	1	12	86361117	86521628	160512	ensembl_havana	transcript	NA	NA	15	ENSMUST00000116402	7	Esrrb	ensembl_havana	protein_coding	OTTMUSG00000023036	6	Esrrb-001	ensembl_havana	protein_coding	OTTMUST00000055511	2	basic	1 (assigned to previous version 6)	CCDS49117
ENSMUSG00000026090	223.369	0	0.069	0.988	1	1	37611677	37625242	13566	havana	transcript	NA	NA	14	ENSMUST00000160023	3	2010300C02Rik	ensembl_havana	protein_coding	OTTMUSG00000030326	1	2010300C02Rik-003	havana	protein_coding	OTTMUST00000075118	1	mRNA_start_NF	1 (assigned to previous version 2)	NA
ENSMUSG00000010803	132.327	-0.001	0.071	0.837	1	11	42130939	42182930	51992	ensembl_havana	transcript	NA	NA	10	ENSMUST00000020707	9	Gabra1	ensembl_havana	protein_coding	OTTMUSG00000005445	2	Gabra1-001	ensembl_havana	protein_coding	OTTMUST00000012129	1	basic	1 (assigned to previous version 8)	CCDS24553
ENSMUSG00000061762	43.284	0.023	0.193	0.063	1	6	7554879	7562977	8099	ensembl_havana	transcript	NA	NA	10	ENSMUST00000185187	5	Tac1	ensembl_havana	protein_coding	OTTMUSG00000042604	2	Tac1-001	ensembl_havana	protein_coding	OTTMUST00000112259	2	basic	1 (assigned to previous version 4)	CCDS19906
ENSMUSG00000057132	165.557	0.06	0.349	0.019	0.669	14	52110704	52161307	50604	ensembl_havana	transcript	NA	NA	13	ENSMUST00000111603	7	Rpgrip1	ensembl_havana	protein_coding	OTTMUSG00000042894	3	Rpgrip1-001	ensembl_havana	protein_coding	OTTMUST00000112682	1	basic	1 (assigned to previous version 6)	CCDS36918
ENSMUSG00000027296	54.055	-0.002	0.073	0.736	1	2	119742337	119751263	8927	ensembl_havana	transcript	NA	NA	7	ENSMUST00000028758	7	Itpka	ensembl_havana	protein_coding	OTTMUSG00000016426	1	Itpka-001	ensembl_havana	protein_coding	OTTMUST00000039556	1	basic	1	CCDS16607
ENSMUSG00000030376	228.535	-0.002	0.069	0.692	1	7	16130300	16160509	30210	ensembl	transcript	NA	NA	7	ENSMUST00000168693	1	Slc8a2	ensembl	protein_coding	NA	NA	Slc8a2-201	ensembl	protein_coding	NA	NA	basic	1	CCDS20845
ENSMUSG00000034452	159.351	0.029	0.246	0.058	1	9	64922861	64951607	28747	ensembl	transcript	NA	NA	7	ENSMUST00000037798	7	Slc24a1	ensembl	protein_coding	NA	NA	Slc24a1-201	ensembl	protein_coding	NA	NA	basic	1	CCDS23283
ENSMUSG00000098051	9.494	-0.003	0.092	0.626	1	2	180894105	180895220	1116	havana	transcript	NA	NA	1	ENSMUST00000183124	1	Gm27032	havana	lincRNA	OTTMUSG00000043553	1	Gm27032-001	havana	lincRNA	OTTMUST00000114313	1	basic	NA	NA
ENSMUSG00000033316	28.354	-0.002	0.07	0.767	1	5	110544355	110621375	77021	ensembl_havana	transcript	NA	NA	12	ENSMUST00000040001	11	Galnt9	ensembl_havana	protein_coding	OTTMUSG00000054216	1	Galnt9-001	ensembl_havana	protein_coding	OTTMUST00000134596	1	basic	1 (assigned to previous version 10)	CCDS51610
ENSMUSG00000039058	144.751	-0.002	0.068	0.713	1	3	152462815	152668360	205546	ensembl_havana	transcript	NA	NA	9	ENSMUST00000045262	8	Ak5	ensembl_havana	protein_coding	OTTMUSG00000053834	1	Ak5-001	ensembl_havana	protein_coding	OTTMUST00000133982	1	basic	1 (assigned to previous version 7)	CCDS38675
ENSMUSG00000024008	59.596	-0.006	0.094	0.381	1	17	29156550	29237797	81248	ensembl_havana	transcript	NA	NA	13	ENSMUST00000024805	11	Cpne5	ensembl_havana	protein_coding	OTTMUSG00000028956	2	Cpne5-001	ensembl_havana	protein_coding	OTTMUST00000071750	2	basic	1 (assigned to previous version 10)	CCDS28592
ENSMUSG00000051726	108.82	0.003	0.071	0.64	1	12	17172100	17176888	4789	ensembl_havana	transcript	NA	NA	6	ENSMUST00000170580	2	Kcnf1	ensembl_havana	protein_coding	OTTMUSG00000037668	1	Kcnf1-001	ensembl_havana	protein_coding	OTTMUST00000097263	1	basic	NA	CCDS25825
ENSMUSG00000024617	1741.351	0	0.067	0.943	1	18	60925618	60988152	62535	ensembl_havana	transcript	NA	NA	14	ENSMUST00000102888	7	Camk2a	ensembl_havana	protein_coding	OTTMUSG00000016302	3	Camk2a-001	ensembl_havana	protein_coding	OTTMUST00000039175	1	basic	1 (assigned to previous version 6)	CCDS29276
ENSMUSG00000029436	178.192	-0.004	0.072	0.505	1	5	129584169	129611099	26931	ensembl_havana	transcript	NA	NA	9	ENSMUST00000031390	9	Mmp17	ensembl_havana	protein_coding	OTTMUSG00000042407	2	Mmp17-001	ensembl_havana	protein_coding	OTTMUST00000111796	2	basic	1	CCDS19695
ENSMUSG00000041014	52.844	-0.001	0.071	0.784	1	14	38368952	39473088	1104137	ensembl_havana	transcript	NA	NA	15	ENSMUST00000166968	6	Nrg3	ensembl_havana	protein_coding	OTTMUSG00000037129	3	Nrg3-001	ensembl_havana	protein_coding	OTTMUST00000095596	3	basic	1 (assigned to previous version 5)	CCDS26954
ENSMUSG00000027350	263.146	-0.006	0.078	0.329	1	2	132781278	132795079	13802	ensembl_havana	transcript	NA	NA	8	ENSMUST00000028826	3	Chgb	ensembl_havana	protein_coding	OTTMUSG00000015662	1	Chgb-001	ensembl_havana	protein_coding	OTTMUST00000037212	1	basic	1	CCDS16777
ENSMUSG00000029712	35.505	0.002	0.072	0.706	1	5	137553517	137563204	9688	havana	transcript	NA	NA	12	ENSMUST00000136088	5	Actl6b	ensembl_havana	protein_coding	OTTMUSG00000021924	5	Actl6b-002	havana	protein_coding	OTTMUST00000052050	2	mRNA_end_NF	3 (assigned to previous version 4)	NA
ENSMUSG00000044216	102.776	0.001	0.076	0.924	1	15	79483718	79505241	21524	ensembl	transcript	NA	NA	6	ENSMUST00000057801	6	Kcnj4	ensembl	protein_coding	NA	NA	Kcnj4-201	ensembl	protein_coding	NA	NA	basic	1	CCDS27641
ENSMUSG00000032936	224.208	-0.005	0.077	0.445	1	9	107935674	107949691	14018	ensembl_havana	transcript	NA	NA	11	ENSMUST00000035700	11	Camkv	ensembl_havana	protein_coding	OTTMUSG00000050791	5	Camkv-001	ensembl_havana	protein_coding	OTTMUST00000128724	4	basic	1 (assigned to previous version 10)	CCDS40763
ENSMUSG00000022218	63.297	0.005	0.098	0.463	1	14	55700009	55713492	13484	ensembl	transcript	NA	NA	13	ENSMUST00000168729	5	Tgm1	ensembl	protein_coding	NA	NA	Tgm1-202	ensembl	protein_coding	NA	NA	basic	5 (assigned to previous version 4)	CCDS36932
ENSMUSG00000026358	53.859	0	0.084	0.999	1	1	144242296	144249242	6947	ensembl_havana	transcript	NA	NA	11	ENSMUST00000189061	4	Rgs1	ensembl_havana	protein_coding	OTTMUSG00000035154	2	Rgs1-001	ensembl_havana	protein_coding	OTTMUST00000089512	2	basic	1 (assigned to previous version 3)	CCDS15349
ENSMUSG00000103129	5.401	-0.015	0.205	0.217	1	1	46877203	46881072	3870	havana	transcript	NA	NA	1	ENSMUST00000195118	1	Gm37393	havana	TEC	OTTMUSG00000046939	1	Gm37393-001	havana	TEC	OTTMUST00000121664	1	basic	NA	NA
ENSMUSG00000056158	58.477	-0.003	0.072	0.546	1	11	93098028	93099866	1839	havana	transcript	NA	NA	12	ENSMUST00000149611	1	Car10	ensembl_havana	protein_coding	OTTMUSG00000001341	2	Car10-005	havana	processed_transcript	OTTMUST00000002760	1	NA	2	NA
ENSMUSG00000021313	298.948	-0.001	0.066	0.815	1	13	11553103	12106945	553843	ensembl	transcript	NA	NA	13	ENSMUST00000021750	11	Ryr2	ensembl	protein_coding	NA	NA	Ryr2-201	ensembl	protein_coding	NA	NA	basic	1 (assigned to previous version 10)	CCDS49206
ENSMUSG00000052301	17.458	-0.001	0.075	0.798	1	7	126847416	126849525	2110	havana	transcript	NA	NA	12	ENSMUST00000141805	5	Doc2a	ensembl_havana	protein_coding	OTTMUSG00000023358	2	Doc2a-002	havana	protein_coding	OTTMUST00000056652	1	mRNA_end_NF	5 (assigned to previous version 4)	NA
ENSMUSG00000044288	181.004	-0.001	0.066	0.802	1	4	33924593	33935316	10724	havana	transcript	NA	NA	6	ENSMUST00000133462	1	Cnr1	ensembl_havana	protein_coding	OTTMUSG00000008304	1	Cnr1-002	havana	processed_transcript	OTTMUST00000018901	1	NA	3	NA
ENSMUSG00000096351	38.351	0.012	0.138	0.175	1	4	156246973	156255338	8366	ensembl	transcript	NA	NA	1	ENSMUST00000179919	1	Samd11	ensembl	protein_coding	NA	NA	Samd11-201	ensembl	protein_coding	NA	NA	basic	1	CCDS57323
ENSMUSG00000039106	21.072	-0.003	0.077	0.615	1	5	27842149	27855088	12940	ensembl_havana	transcript	NA	NA	6	ENSMUST00000036227	6	Htr5a	ensembl_havana	protein_coding	OTTMUSG00000054148	1	Htr5a-001	ensembl_havana	protein_coding	OTTMUST00000134509	1	basic	1	CCDS19141
ENSMUSG00000055078	23.724	-0.005	0.085	0.414	1	7	57407690	57510009	102320	ensembl	transcript	NA	NA	6	ENSMUST00000068456	6	Gabra5	ensembl	protein_coding	NA	NA	Gabra5-201	ensembl	protein_coding	NA	NA	basic	1	CCDS21322
ENSMUSG00000055540	80.466	0.002	0.07	0.694	1	16	59653483	60605248	951766	ensembl_havana	transcript	NA	NA	13	ENSMUST00000068860	10	Epha6	ensembl_havana	protein_coding	OTTMUSG00000026143	3	Epha6-001	ensembl_havana	protein_coding	OTTMUST00000064565	3	basic	1 (assigned to previous version 9)	CCDS28260
ENSMUSG00000020436	87.269	-0.007	0.092	0.299	1	11	41910203	42000857	90655	ensembl_havana	transcript	NA	NA	15	ENSMUST00000070725	8	Gabrg2	ensembl_havana	protein_coding	OTTMUSG00000006345	2	Gabrg2-001	ensembl_havana	protein_coding	OTTMUST00000014426	1	basic	1 (assigned to previous version 7)	CCDS24552
ENSMUSG00000047495	71.201	0	0.067	0.937	1	8	14095865	14847108	751244	ensembl_havana	transcript	NA	NA	13	ENSMUST00000152652	5	Dlgap2	ensembl_havana	protein_coding	OTTMUSG00000034008	2	Dlgap2-002	ensembl_havana	protein_coding	OTTMUST00000085853	2	basic	1 (assigned to previous version 4)	CCDS52491
ENSMUSG00000041911	33.564	-0.009	0.106	0.202	1	2	71528113	71533980	5868	ensembl_havana	transcript	NA	NA	3	ENSMUST00000037119	3	Dlx1	ensembl_havana	protein_coding	OTTMUSG00000013200	2	Dlx1-001	ensembl_havana	protein_coding	OTTMUST00000031898	2	basic	1	CCDS16116
ENSMUSG00000025876	126.098	0.001	0.068	0.883	1	13	54949411	55006018	56608	ensembl_havana	transcript	NA	NA	13	ENSMUST00000026994	11	Unc5a	ensembl_havana	protein_coding	OTTMUSG00000032671	1	Unc5a-001	ensembl_havana	protein_coding	OTTMUST00000081262	1	basic	1 (assigned to previous version 10)	CCDS26537
ENSMUSG00000104210	7.947	0.002	0.086	0.796	1	1	180473355	180477087	3733	havana	transcript	NA	NA	1	ENSMUST00000191641	1	Gm37984	havana	TEC	OTTMUSG00000050447	1	Gm37984-001	havana	TEC	OTTMUST00000128001	1	basic	NA	NA
ENSMUSG00000058248	98.954	0.002	0.071	0.769	1	1	192190774	192510159	319386	ensembl_havana	transcript	NA	NA	10	ENSMUST00000078470	9	Kcnh1	ensembl_havana	protein_coding	OTTMUSG00000024518	4	Kcnh1-001	ensembl_havana	protein_coding	OTTMUST00000060175	3	basic	1 (assigned to previous version 8)	CCDS15627
ENSMUSG00000022421	1300.998	0	0.064	0.984	1	15	79786352	79804709	18358	ensembl	transcript	NA	NA	16	ENSMUST00000175858	6	Nptxr	ensembl_havana	protein_coding	OTTMUSG00000034820	1	Nptxr-201	ensembl	protein_coding	NA	NA	basic	1 (assigned to previous version 5)	CCDS27653
ENSMUSG00000070695	79.712	-0.001	0.07	0.839	1	1	115684756	116587323	902568	ensembl_havana	transcript	NA	NA	4	ENSMUST00000043725	8	Cntnap5a	ensembl_havana	protein_coding	OTTMUSG00000022099	3	Cntnap5a-001	ensembl_havana	protein_coding	OTTMUST00000052468	3	basic	2	CCDS35689
ENSMUSG00000026344	102.561	-0.004	0.07	0.483	1	1	125867622	125912214	44593	ensembl_havana	transcript	NA	NA	7	ENSMUST00000159417	1	Lypd1	ensembl_havana	protein_coding	OTTMUSG00000030265	7	Lypd1-001	ensembl_havana	protein_coding	OTTMUST00000074922	2	basic	1	CCDS15243
ENSMUSG00000035864	859.646	0.001	0.067	0.898	1	10	108497650	109010975	513326	ensembl_havana	transcript	NA	NA	12	ENSMUST00000105276	5	Syt1	ensembl_havana	protein_coding	OTTMUSG00000016266	4	Syt1-001	ensembl_havana	protein_coding	OTTMUST00000039005	2	basic	1 (assigned to previous version 4)	CCDS24163
ENSMUSG00000004110	495.523	-0.005	0.077	0.393	1	1	154390731	154726356	335626	havana	transcript	NA	NA	12	ENSMUST00000187541	4	Cacna1e	ensembl_havana	protein_coding	OTTMUSG00000049818	1	Cacna1e-001	havana	protein_coding	OTTMUST00000126873	1	basic	1 (assigned to previous version 3)	NA
ENSMUSG00000045733	137.863	0.001	0.067	0.846	1	7	140150628	140154877	4250	ensembl_havana	transcript	NA	NA	7	ENSMUST00000059241	7	Sprn	ensembl_havana	protein_coding	OTTMUSG00000029041	1	Sprn-001	ensembl_havana	protein_coding	OTTMUST00000072058	1	basic	1	CCDS21966
ENSMUSG00000028838	63.735	0.001	0.068	0.926	1	4	134356372	134372558	16187	ensembl_havana	transcript	NA	NA	9	ENSMUST00000030643	2	Extl1	ensembl_havana	protein_coding	OTTMUSG00000010832	3	Extl1-001	ensembl_havana	protein_coding	OTTMUST00000025332	2	basic	1	CCDS18770
ENSMUSG00000022015	66.478	0.003	0.093	0.649	1	14	78277445	78308043	30599	ensembl	transcript	NA	NA	8	ENSMUST00000022592	7	Tnfsf11	ensembl	protein_coding	NA	NA	Tnfsf11-201	ensembl	protein_coding	NA	NA	basic	1	CCDS27294
ENSMUSG00000067889	602.37	0.001	0.069	0.822	1	19	4711208	4752353	41146	ensembl	transcript	NA	NA	4	ENSMUST00000008991	6	Sptbn2	ensembl	protein_coding	NA	NA	Sptbn2-201	ensembl	protein_coding	NA	NA	basic	1	CCDS29434
ENSMUSG00000027971	168.061	0.001	0.071	0.833	1	3	125404076	125728899	324824	ensembl_havana	transcript	NA	NA	14	ENSMUST00000173932	5	Ndst4	ensembl_havana	protein_coding	OTTMUSG00000025050	8	Ndst4-001	ensembl_havana	protein_coding	OTTMUST00000061638	6	basic	5 (assigned to previous version 4)	CCDS17820
ENSMUSG00000025020	94.649	-0.016	0.129	0.09	1	19	41600257	41743492	143236	havana	transcript	NA	NA	9	ENSMUST00000169141	5	Slit1	ensembl_havana	protein_coding	OTTMUSG00000036377	2	Slit1-002	havana	protein_coding	OTTMUST00000093268	2	basic	5 (assigned to previous version 4)	NA
ENSMUSG00000054459	236.682	-0.004	0.07	0.47	1	12	11325247	11436649	111403	ensembl	transcript	NA	NA	6	ENSMUST00000072299	5	Vsnl1	ensembl	protein_coding	NA	NA	Vsnl1-201	ensembl	protein_coding	NA	NA	basic	1	CCDS25816
ENSMUSG00000038020	193.805	0	0.067	0.983	1	11	98836785	98853697	16913	ensembl_havana	transcript	NA	NA	5	ENSMUST00000107479	2	Rapgefl1	ensembl_havana	protein_coding	OTTMUSG00000006452	5	Rapgefl1-001	ensembl_havana	protein_coding	OTTMUST00000014743	3	basic	5	CCDS36303
ENSMUSG00000037579	79.062	-0.001	0.076	0.855	1	15	99224976	99242817	17842	ensembl	transcript	NA	NA	6	ENSMUST00000041415	3	Kcnh3	ensembl	protein_coding	NA	NA	Kcnh3-201	ensembl	protein_coding	NA	NA	basic	1	CCDS27817
ENSMUSG00000045174	23.117	0.002	0.077	0.725	1	1	34579657	34590944	11288	ensembl_havana	transcript	NA	NA	10	ENSMUST00000052670	10	Amer3	ensembl_havana	protein_coding	OTTMUSG00000049476	2	Amer3-001	ensembl_havana	protein_coding	OTTMUST00000126126	2	basic	1	CCDS14871
ENSMUSG00000007944	63.565	0.003	0.072	0.622	1	7	27653915	27656208	2294	ensembl_havana	transcript	NA	NA	7	ENSMUST00000008088	7	Ttc9b	ensembl_havana	protein_coding	OTTMUSG00000023957	1	Ttc9b-001	ensembl_havana	protein_coding	OTTMUST00000058553	1	basic	1	CCDS21028
ENSMUSG00000046182	44.241	0	0.07	0.986	1	7	125878419	126082411	203993	ensembl	transcript	NA	NA	7	ENSMUST00000073935	5	Gsg1l	ensembl	protein_coding	NA	NA	Gsg1l-201	ensembl	protein_coding	NA	NA	basic	1	CCDS52395
ENSMUSG00000041708	124.122	0.003	0.067	0.628	1	15	83779467	83792131	12665	havana	transcript	NA	NA	10	ENSMUST00000109469	1	Mpped1	ensembl_havana	protein_coding	OTTMUSG00000026120	6	Mpped1-004	havana	protein_coding	OTTMUST00000064537	1	mRNA_end_NF	3	NA
ENSMUSG00000027834	139.838	0.001	0.068	0.823	1	3	75557547	75616709	59163	havana	transcript	NA	NA	13	ENSMUST00000161776	5	Serpini1	ensembl_havana	protein_coding	OTTMUSG00000021878	2	Serpini1-002	havana	protein_coding	OTTMUST00000051937	1	mRNA_end_NF	3 (assigned to previous version 4)	NA
ENSMUSG00000022212	118.898	-0.002	0.068	0.774	1	14	55510445	55517431	6987	ensembl_havana	transcript	NA	NA	13	ENSMUST00000165262	5	Cpne6	ensembl_havana	protein_coding	OTTMUSG00000035549	3	Cpne6-003	ensembl_havana	protein_coding	OTTMUST00000091051	2	basic	1 (assigned to previous version 4)	CCDS49493
ENSMUSG00000050164	15.039	0.004	0.087	0.521	1	15	81235499	81238963	3465	ensembl	transcript	NA	NA	10	ENSMUST00000166855	1	Mchr1	ensembl	protein_coding	NA	NA	Mchr1-201	ensembl	protein_coding	NA	NA	basic	1	CCDS49675
ENSMUSG00000045903	28.479	-0.012	0.128	0.159	1	19	4984355	4989971	5617	ensembl	transcript	NA	NA	8	ENSMUST00000056129	7	Npas4	ensembl	protein_coding	NA	NA	Npas4-201	ensembl	protein_coding	NA	NA	basic	1	CCDS29445
ENSMUSG00000040794	68.34	0.004	0.076	0.506	1	2	90885860	90890525	4666	ensembl_havana	transcript	NA	NA	5	ENSMUST00000111466	2	C1qtnf4	ensembl_havana	protein_coding	OTTMUSG00000014316	1	C1qtnf4-001	ensembl_havana	protein_coding	OTTMUST00000033775	1	basic	1	CCDS16417
ENSMUSG00000009216	107.09	-0.003	0.085	0.602	1	2	27110380	27142491	32112	ensembl_havana	transcript	NA	NA	7	ENSMUST00000151224	2	Fam163b	ensembl_havana	protein_coding	OTTMUSG00000011847	2	Fam163b-001	ensembl_havana	protein_coding	OTTMUST00000027844	2	basic	1	CCDS38087
ENSMUSG00000029420	155.847	-0.006	0.076	0.361	1	5	128757791	128820069	62279	havana	transcript	NA	NA	10	ENSMUST00000199537	2	Rimbp2	ensembl_havana	protein_coding	OTTMUSG00000055220	2	Rimbp2-003	havana	protein_coding	OTTMUST00000136839	1	basic	1 (assigned to previous version 1)	NA
ENSMUSG00000062593	108.656	0.001	0.078	0.913	1	10	51480640	51496597	15958	havana	transcript	NA	NA	13	ENSMUST00000105481	5	Lilrb4	ensembl_havana	protein_coding	OTTMUSG00000016501	1	Lilrb4-001	havana	protein_coding	OTTMUST00000039857	1	basic	1 (assigned to previous version 4)	NA
ENSMUSG00000025576	154.2	-0.003	0.071	0.645	1	11	118489762	118909550	419789	havana	transcript	NA	NA	15	ENSMUST00000117731	5	Rbfox3	ensembl_havana	protein_coding	OTTMUSG00000003975	5	Rbfox3-007	havana	protein_coding	OTTMUST00000077680	1	basic	1 (assigned to previous version 4)	CCDS70360
ENSMUSG00000035653	62.044	-0.004	0.071	0.525	1	12	61523150	61605008	81859	havana	transcript	NA	NA	14	ENSMUST00000130887	1	Lrfn5	ensembl_havana	protein_coding	OTTMUSG00000027631	2	Lrfn5-002	havana	processed_transcript	OTTMUST00000068376	1	NA	1	NA
ENSMUSG00000024064	25.265	-0.003	0.075	0.598	1	17	73493228	73710451	217224	ensembl_havana	transcript	NA	NA	11	ENSMUST00000024858	9	Galnt14	ensembl_havana	protein_coding	OTTMUSG00000026110	2	Galnt14-001	ensembl_havana	protein_coding	OTTMUST00000064464	2	basic	1 (assigned to previous version 8)	CCDS28965
ENSMUSG00000046093	631.361	-0.002	0.065	0.768	1	4	123183227	123194701	11475	ensembl_havana	transcript	NA	NA	7	ENSMUST00000059667	6	Hpcal4	ensembl_havana	protein_coding	OTTMUSG00000008935	2	Hpcal4-001	ensembl_havana	protein_coding	OTTMUST00000020294	2	basic	1 (assigned to previous version 5)	CCDS18611
ENSMUSG00000022454	514.675	-0.001	0.065	0.919	1	15	95219451	95528706	309256	ensembl	transcript	NA	NA	14	ENSMUST00000166170	5	Nell2	ensembl	protein_coding	NA	NA	Nell2-202	ensembl	protein_coding	NA	NA	basic	5 (assigned to previous version 4)	CCDS27775
ENSMUSG00000031376	80.65	-0.001	0.067	0.865	1	X	73503086	73558214	55129	havana	transcript	NA	NA	13	ENSMUST00000033744	9	Atp2b3	ensembl_havana	protein_coding	OTTMUSG00000017670	2	Atp2b3-003	havana	protein_coding	OTTMUST00000043441	1	basic	1 (assigned to previous version 8)	NA
ENSMUSG00000044933	29.755	0.002	0.07	0.731	1	15	78537015	78544345	7331	ensembl	transcript	NA	NA	2	ENSMUST00000053239	2	Sstr3	ensembl	protein_coding	NA	NA	Sstr3-201	ensembl	protein_coding	NA	NA	basic	1	CCDS27617
ENSMUSG00000006711	37.765	-0.003	0.073	0.544	1	13	24845135	24901263	56129	havana	transcript	NA	NA	13	ENSMUST00000141572	5	D130043K22Rik	ensembl_havana	protein_coding	OTTMUSG00000000610	3	D130043K22Rik-002	havana	nonsense_mediated_decay	OTTMUST00000062593	1	NA	1 (assigned to previous version 4)	NA
ENSMUSG00000028785	157.257	-0.006	0.092	0.327	1	4	129111570	129118967	7398	havana	transcript	NA	NA	10	ENSMUST00000095807	7	Hpca	ensembl_havana	protein_coding	OTTMUSG00000009624	10	Hpca-002	havana	protein_coding	OTTMUST00000022148	1	basic	1 (assigned to previous version 6)	CCDS18682
ENSMUSG00000024041	6.1	0.002	0.107	0.828	1	17	31677933	31681722	3790	ensembl	transcript	NA	NA	8	ENSMUST00000019192	5	Cryaa	ensembl	protein_coding	NA	NA	Cryaa-201	ensembl	protein_coding	NA	NA	basic	1	CCDS37551
ENSMUSG00000039809	241.851	-0.009	0.089	0.192	1	4	46662318	46991873	329556	ensembl_havana	transcript	NA	NA	9	ENSMUST00000107749	2	Gabbr2	ensembl_havana	protein_coding	OTTMUSG00000006774	1	Gabbr2-001	ensembl_havana	protein_coding	OTTMUST00000015583	1	basic	2	CCDS38758
ENSMUSG00000086719	10.327	-0.004	0.101	0.54	1	17	23771841	23777763	5923	havana	transcript	NA	NA	1	ENSMUST00000147774	1	Gm16275	havana	antisense	OTTMUSG00000033042	1	Gm16275-001	havana	antisense	OTTMUST00000082481	1	basic	3	NA
ENSMUSG00000034997	26.909	-0.001	0.07	0.909	1	14	74640840	74706859	66020	ensembl	transcript	NA	NA	4	ENSMUST00000036653	3	Htr2a	ensembl	protein_coding	NA	NA	Htr2a-201	ensembl	protein_coding	NA	NA	basic	1	CCDS27275
ENSMUSG00000025189	85.612	-0.001	0.068	0.891	1	19	43440436	43497212	56777	ensembl	transcript	NA	NA	8	ENSMUST00000165311	1	Cnnm1	ensembl	protein_coding	NA	NA	Cnnm1-201	ensembl	protein_coding	NA	NA	basic	1	CCDS50442
ENSMUSG00000040125	286.014	-0.003	0.079	0.593	1	7	131966460	131994405	27946	ensembl_havana	transcript	NA	NA	4	ENSMUST00000045840	4	Gpr26	ensembl_havana	protein_coding	OTTMUSG00000023040	2	Gpr26-001	ensembl_havana	protein_coding	OTTMUST00000055518	2	basic	1	CCDS21920
ENSMUSG00000032452	93.187	-0.005	0.074	0.43	1	9	97444395	98033181	588787	ensembl_havana	transcript	NA	NA	10	ENSMUST00000035027	10	Clstn2	ensembl_havana	protein_coding	OTTMUSG00000032788	1	Clstn2-001	ensembl_havana	protein_coding	OTTMUST00000081641	1	basic	1 (assigned to previous version 9)	CCDS40733
ENSMUSG00000021680	14.848	-0.019	0.19	0.095	1	13	95431371	95444831	13461	ensembl	transcript	NA	NA	7	ENSMUST00000045583	7	Crhbp	ensembl	protein_coding	NA	NA	Crhbp-201	ensembl	protein_coding	NA	NA	basic	1	CCDS26698
ENSMUSG00000028289	115.197	-0.002	0.068	0.702	1	4	28813131	28947047	133917	ensembl_havana	transcript	NA	NA	10	ENSMUST00000080934	8	Epha7	ensembl_havana	protein_coding	OTTMUSG00000004869	2	Epha7-002	ensembl_havana	protein_coding	OTTMUST00000010868	2	basic	1 (assigned to previous version 7)	CCDS51132
ENSMUSG00000037428	121.672	-0.003	0.07	0.64	1	5	137026392	137033351	6960	havana	transcript	NA	NA	12	ENSMUST00000190827	4	Vgf	ensembl_havana	protein_coding	OTTMUSG00000049328	1	Vgf-001	havana	protein_coding	OTTMUST00000125761	1	basic	1 (assigned to previous version 3)	CCDS19760
ENSMUSG00000028033	71.629	-0.003	0.072	0.553	1	1	21398403	21961581	563179	ensembl_havana	transcript	NA	NA	14	ENSMUST00000029667	10	Kcnq5	ensembl_havana	protein_coding	OTTMUSG00000019675	4	Kcnq5-002	ensembl_havana	protein_coding	OTTMUST00000047089	1	basic	1 (assigned to previous version 9)	CCDS35525
ENSMUSG00000042078	103.661	-0.002	0.067	0.734	1	5	114026910	114091570	64661	ensembl_havana	transcript	NA	NA	12	ENSMUST00000058472	10	Svop	ensembl_havana	protein_coding	OTTMUSG00000030561	3	Svop-001	ensembl_havana	protein_coding	OTTMUST00000075684	1	basic	1 (assigned to previous version 9)	CCDS39220
ENSMUSG00000030134	204.607	0	0.065	0.988	1	6	118066385	118091546	25162	ensembl	transcript	NA	NA	9	ENSMUST00000164960	1	Rasgef1a	ensembl	protein_coding	NA	NA	Rasgef1a-201	ensembl	protein_coding	NA	NA	basic	1	CCDS51883
ENSMUSG00000024672	81.823	-0.002	0.077	0.768	1	19	11321039	11334695	13657	havana	transcript	NA	NA	9	ENSMUST00000025574	8	Ms4a7	ensembl_havana	protein_coding	OTTMUSG00000028835	1	Ms4a7-004	havana	protein_coding	OTTMUST00000071411	1	basic	1 (assigned to previous version 7)	CCDS70935
ENSMUSG00000022357	16.241	0.004	0.1	0.576	1	15	58314573	58324169	9597	ensembl_havana	transcript	NA	NA	2	ENSMUST00000022985	1	Klhl38	ensembl_havana	protein_coding	OTTMUSG00000028041	1	Klhl38-001	ensembl_havana	protein_coding	OTTMUST00000069445	1	basic	1	CCDS27492
ENSMUSG00000032355	48.665	0.005	0.082	0.381	1	9	77102081	77138702	36622	havana	transcript	NA	NA	14	ENSMUST00000183636	1	Mlip	ensembl_havana	protein_coding	OTTMUSG00000044846	5	Mlip-011	havana	retained_intron	OTTMUST00000117864	2	NA	2	NA
ENSMUSG00000036264	23.602	-0.003	0.083	0.615	1	11	52764634	53188538	423905	ensembl_havana	transcript	NA	NA	9	ENSMUST00000036796	7	Fstl4	ensembl_havana	protein_coding	OTTMUSG00000000041	1	Fstl4-001	ensembl_havana	protein_coding	OTTMUST00000000116	1	basic	1	CCDS24673
ENSMUSG00000039059	79.337	-0.004	0.075	0.499	1	2	180099465	180104488	5024	ensembl_havana	transcript	NA	NA	9	ENSMUST00000056480	7	Hrh3	ensembl_havana	protein_coding	OTTMUSG00000016256	2	Hrh3-001	ensembl_havana	protein_coding	OTTMUST00000038980	2	basic	1 (assigned to previous version 6)	CCDS17169
ENSMUSG00000000632	290.972	-0.006	0.077	0.363	1	11	77930800	77979048	48249	ensembl_havana	transcript	NA	NA	11	ENSMUST00000093995	7	Sez6	ensembl_havana	protein_coding	OTTMUSG00000000068	3	Sez6-001	ensembl_havana	protein_coding	OTTMUST00000000193	1	basic	1 (assigned to previous version 6)	CCDS25087
ENSMUSG00000000861	81.378	-0.002	0.071	0.77	1	11	24078056	24173194	95139	ensembl_havana	transcript	NA	NA	13	ENSMUST00000000881	10	Bcl11a	ensembl_havana	protein_coding	OTTMUSG00000005291	2	Bcl11a-003	ensembl_havana	protein_coding	OTTMUST00000011803	1	basic	1 (assigned to previous version 9)	CCDS24483
ENSMUSG00000000560	49.961	-0.001	0.068	0.833	1	5	70957597	71095849	138253	ensembl_havana	transcript	NA	NA	7	ENSMUST00000197284	2	Gabra2	ensembl_havana	protein_coding	OTTMUSG00000054189	3	Gabra2-001	ensembl_havana	protein_coding	OTTMUST00000134556	1	basic	1 (assigned to previous version 1)	CCDS19327
ENSMUSG00000017740	426.456	0	0.065	0.988	1	2	164960802	164962752	1951	havana	transcript	NA	NA	14	ENSMUST00000125867	1	Slc12a5	ensembl_havana	protein_coding	OTTMUSG00000019699	4	Slc12a5-005	havana	nonsense_mediated_decay	OTTMUST00000002183	3	NA	3	NA
ENSMUSG00000027489	35.788	0	0.071	0.945	1	2	154544399	154558851	14453	havana	transcript	NA	NA	13	ENSMUST00000109716	6	Necab3	ensembl_havana	protein_coding	OTTMUSG00000015792	1	Necab3-002	havana	protein_coding	OTTMUST00000037553	1	basic	1 (assigned to previous version 5)	NA
ENSMUSG00000026959	309.388	-0.002	0.067	0.714	1	2	25291181	25319095	27915	havana	transcript	NA	NA	11	ENSMUST00000114318	7	Grin1	ensembl_havana	protein_coding	OTTMUSG00000011933	1	Grin1-006	havana	protein_coding	OTTMUST00000028188	1	basic	5 (assigned to previous version 6)	NA
ENSMUSG00000068696	66.68	0.002	0.075	0.731	1	3	116249654	116253503	3850	ensembl_havana	transcript	NA	NA	6	ENSMUST00000090473	6	Gpr88	ensembl_havana	protein_coding	OTTMUSG00000054451	1	Gpr88-001	ensembl_havana	protein_coding	OTTMUST00000135035	1	basic	1	CCDS38610
ENSMUSG00000064193	256.965	0.005	0.106	0.477	1	2	80837141	80838442	1302	havana	transcript	NA	NA	8	ENSMUST00000138679	1	Gm4735	havana	processed_pseudogene	OTTMUSG00000013399	1	Gm4735-001	havana	processed_pseudogene	OTTMUST00000032367	1	basic	NA	NA
ENSMUSG00000065922	30.09	0.227	0.804	0.006	0.424	18	73533403	73533550	148	ensembl	transcript	NA	NA	1	ENSMUST00000083988	1	n-R5-8s1	ensembl	rRNA	NA	NA	n-R5-8s1-201	ensembl	rRNA	NA	NA	basic	NA	NA
ENSMUSG00000004961	87.412	0	0.068	0.983	1	7	4539768	4546567	6800	ensembl	transcript	NA	NA	6	ENSMUST00000065957	5	Syt5	ensembl	protein_coding	NA	NA	Syt5-201	ensembl	protein_coding	NA	NA	basic	1	CCDS20738
ENSMUSG00000029878	62.857	-0.007	0.091	0.304	1	12	74297474	74300468	2995	ensembl	transcript	NA	NA	5	ENSMUST00000072100	3	Dbpht2	ensembl	protein_coding	NA	NA	Dbpht2-201	ensembl	protein_coding	NA	NA	basic	NA	CCDS25979
ENSMUSG00000042388	287.331	0.002	0.068	0.671	1	4	127169204	127237022	67819	ensembl_havana	transcript	NA	NA	12	ENSMUST00000046659	11	Dlgap3	ensembl_havana	protein_coding	OTTMUSG00000009331	2	Dlgap3-001	ensembl_havana	protein_coding	OTTMUST00000021211	2	basic	1 (assigned to previous version 10)	CCDS18665
ENSMUSG00000064065	108.496	-0.005	0.074	0.388	1	10	6885796	6980376	94581	ensembl_havana	transcript	NA	NA	13	ENSMUST00000105617	5	Ipcef1	ensembl_havana	protein_coding	OTTMUSG00000022995	1	Ipcef1-002	ensembl_havana	protein_coding	OTTMUST00000055375	1	basic	5 (assigned to previous version 4)	CCDS56688
ENSMUSG00000007653	129.481	0	0.066	0.966	1	11	42419757	42629028	209272	ensembl_havana	transcript	NA	NA	10	ENSMUST00000007797	7	Gabrb2	ensembl_havana	protein_coding	OTTMUSG00000006331	2	Gabrb2-001	ensembl_havana	protein_coding	OTTMUST00000014382	1	basic	1 (assigned to previous version 6)	CCDS24555
ENSMUSG00000054013	72.594	-0.003	0.071	0.63	1	12	112500184	112511160	10977	ensembl	transcript	NA	NA	5	ENSMUST00000066791	5	Tmem179	ensembl	protein_coding	NA	NA	Tmem179-201	ensembl	protein_coding	NA	NA	basic	1	CCDS36570
ENSMUSG00000056972	19.827	-0.02	0.199	0.103	1	7	62376979	62381640	4662	ensembl	transcript	NA	NA	5	ENSMUST00000080403	5	Magel2	ensembl	protein_coding	NA	NA	Magel2-201	ensembl	protein_coding	NA	NA	basic	NA	CCDS52264
ENSMUSG00000040907	1820.656	0.001	0.065	0.928	1	7	24978167	25005895	27729	ensembl_havana	transcript	NA	NA	13	ENSMUST00000102858	7	Atp1a3	ensembl_havana	protein_coding	OTTMUSG00000016491	3	Atp1a3-002	ensembl_havana	protein_coding	OTTMUST00000039800	1	basic	2 (assigned to previous version 6)	CCDS20969
ENSMUSG00000096146	8.4	0.003	0.091	0.673	1	7	46098725	46099897	1173	ensembl	transcript	NA	NA	1	ENSMUST00000180081	1	Kcnj11	ensembl	protein_coding	NA	NA	Kcnj11-201	ensembl	protein_coding	NA	NA	basic	NA	CCDS21274
ENSMUSG00000023033	414.42	-0.001	0.066	0.823	1	15	100869858	100936327	66470	havana	transcript	NA	NA	12	ENSMUST00000202527	1	Scn8a	ensembl_havana	protein_coding	OTTMUSG00000055611	4	Scn8a-003	havana	protein_coding	OTTMUST00000137636	1	mRNA_end_NF	NA	NA
ENSMUSG00000052087	56.365	0.004	0.074	0.52	1	13	55369732	55384687	14956	ensembl_havana	transcript	NA	NA	11	ENSMUST00000063771	11	Rgs14	ensembl_havana	protein_coding	OTTMUSG00000033508	2	Rgs14-001	ensembl_havana	protein_coding	OTTMUST00000084287	1	basic	1 (assigned to previous version 10)	CCDS36674
ENSMUSG00000030137	12.028	-0.002	0.081	0.673	1	6	121210734	121226854	16121	ensembl_havana	transcript	NA	NA	7	ENSMUST00000032233	7	Tuba8	ensembl_havana	protein_coding	OTTMUSG00000022202	1	Tuba8-001	ensembl_havana	protein_coding	OTTMUST00000052759	1	basic	1	CCDS39615
ENSMUSG00000028176	179.956	-0.001	0.068	0.844	1	3	158082891	158353433	270543	havana	transcript	NA	NA	9	ENSMUST00000200196	2	Lrrc7	ensembl_havana	protein_coding	OTTMUSG00000052788	2	Lrrc7-004	havana	protein_coding	OTTMUST00000132134	1	mRNA_start_NF	5 (assigned to previous version 1)	NA
ENSMUSG00000022577	103.395	-0.009	0.089	0.213	1	15	75551268	75566648	15381	ensembl	transcript	NA	NA	14	ENSMUST00000163116	5	Ly6h	ensembl_havana	protein_coding	OTTMUSG00000033674	4	Ly6h-202	ensembl	protein_coding	NA	NA	basic	2 (assigned to previous version 4)	CCDS49640
ENSMUSG00000018865	201.739	0.001	0.065	0.92	1	15	84076097	84105754	29658	ensembl	transcript	NA	NA	8	ENSMUST00000082365	5	Sult4a1	ensembl	protein_coding	NA	NA	Sult4a1-201	ensembl	protein_coding	NA	NA	basic	1	CCDS27708
ENSMUSG00000059040	299.804	0.003	0.094	0.666	1	18	48045335	48048378	3044	ensembl	transcript	NA	NA	4	ENSMUST00000076155	4	Eno1b	ensembl	protein_coding	NA	NA	Eno1b-201	ensembl	protein_coding	NA	NA	basic	1	CCDS50285
ENSMUSG00000061751	454.786	0	0.066	0.943	1	16	33974258	34095987	121730	havana	transcript	NA	NA	13	ENSMUST00000114973	5	Kalrn	ensembl_havana	protein_coding	OTTMUSG00000017795	2	Kalrn-015	havana	protein_coding	OTTMUST00000043076	1	basic	5 (assigned to previous version 4)	NA
ENSMUSG00000069227	145.06	0.001	0.067	0.899	1	13	54736671	54749874	13204	ensembl_havana	transcript	NA	NA	4	ENSMUST00000135343	1	Gprin1	ensembl_havana	protein_coding	OTTMUSG00000032670	1	Gprin1-001	ensembl_havana	protein_coding	OTTMUST00000081260	1	basic	1	CCDS26534
ENSMUSG00000034145	34.141	-0.001	0.069	0.817	1	12	87021340	87090043	68704	havana	transcript	NA	NA	12	ENSMUST00000154801	5	Tmem63c	ensembl_havana	protein_coding	OTTMUSG00000025864	3	Tmem63c-003	havana	nonsense_mediated_decay	OTTMUST00000063774	2	NA	1 (assigned to previous version 4)	NA
ENSMUSG00000062296	497.763	-0.007	0.087	0.281	1	9	111311739	111395775	84037	ensembl_havana	transcript	NA	NA	6	ENSMUST00000078626	5	Trank1	ensembl_havana	protein_coding	OTTMUSG00000052507	4	Trank1-003	ensembl_havana	protein_coding	OTTMUST00000131680	2	basic	5 (assigned to previous version 4)	CCDS52942
ENSMUSG00000058624	319.967	0.003	0.069	0.581	1	19	21391307	21472672	81366	ensembl_havana	transcript	NA	NA	10	ENSMUST00000087600	7	Gda	ensembl_havana	protein_coding	OTTMUSG00000028318	1	Gda-001	ensembl_havana	protein_coding	OTTMUST00000070187	1	basic	1 (assigned to previous version 6)	CCDS29698
ENSMUSG00000031932	21.854	0	0.073	0.982	1	9	14860210	14870789	10580	ensembl_havana	transcript	NA	NA	12	ENSMUST00000034408	9	Gpr83	ensembl_havana	protein_coding	OTTMUSG00000027389	1	Gpr83-001	ensembl_havana	protein_coding	OTTMUST00000067740	1	basic	1 (assigned to previous version 8)	CCDS22829
ENSMUSG00000058360	3.207	-0.001	0.122	0.871	1	3	68733137	68738077	4941	ensembl	transcript	NA	NA	5	ENSMUST00000080726	5	Gm10040	ensembl	pseudogene	NA	NA	Gm10040-201	ensembl	pseudogene	NA	NA	basic	NA	NA
ENSMUSG00000039037	121.495	0.001	0.065	0.822	1	3	152817081	152982246	165166	ensembl_havana	transcript	NA	NA	5	ENSMUST00000044278	5	St6galnac5	ensembl_havana	protein_coding	OTTMUSG00000030537	2	St6galnac5-001	ensembl_havana	protein_coding	OTTMUST00000075588	2	basic	1	CCDS38676
ENSMUSG00000046699	71.669	-0.009	0.095	0.193	1	X	64264885	64276996	12112	ensembl_havana	transcript	NA	NA	12	ENSMUST00000069926	11	Slitrk4	ensembl_havana	protein_coding	OTTMUSG00000017598	1	Slitrk4-001	ensembl_havana	protein_coding	OTTMUST00000042778	1	basic	1 (assigned to previous version 10)	CCDS30167
ENSMUSG00000084890	41.515	-0.005	0.095	0.399	1	11	99416956	99417752	797	havana	transcript	NA	NA	1	ENSMUST00000126470	1	A830036E02Rik	havana	antisense	OTTMUSG00000004987	2	A830036E02Rik-003	havana	antisense	OTTMUST00000011070	1	NA	3	NA
ENSMUSG00000055958	3.744	0	0.105	0.996	1	10	58812574	58813142	569	ensembl	transcript	NA	NA	3	ENSMUST00000069768	3	Gm9987	ensembl	pseudogene	NA	NA	Gm9987-201	ensembl	pseudogene	NA	NA	basic	NA	NA
ENSMUSG00000016150	107.063	-0.005	0.074	0.387	1	X	42527866	43167838	639973	havana	transcript	NA	NA	13	ENSMUST00000115059	5	Tenm1	ensembl_havana	protein_coding	OTTMUSG00000017325	5	Tenm1-001	havana	protein_coding	OTTMUST00000042144	3	basic	1 (assigned to previous version 4)	CCDS40953
ENSMUSG00000045349	65.542	-0.002	0.069	0.706	1	4	138250403	138261332	10930	ensembl_havana	transcript	NA	NA	13	ENSMUST00000105824	5	Sh2d5	ensembl_havana	protein_coding	OTTMUSG00000009973	2	Sh2d5-002	ensembl_havana	protein_coding	OTTMUST00000023179	1	basic	1 (assigned to previous version 4)	CCDS51335
ENSMUSG00000078591	25.121	-0.003	0.078	0.588	1	7	123982869	124398989	416121	ensembl_havana	transcript	NA	NA	1	ENSMUST00000106437	1	Hs3st4	ensembl_havana	protein_coding	OTTMUSG00000020328	1	Hs3st4-001	ensembl_havana	protein_coding	OTTMUST00000048229	1	basic	3	CCDS57584
ENSMUSG00000094626	61.039	-0.002	0.067	0.7	1	6	120488939	120493807	4869	ensembl	transcript	NA	NA	1	ENSMUST00000178687	1	Cecr6	ensembl	protein_coding	NA	NA	Cecr6-201	ensembl	protein_coding	NA	NA	basic	NA	CCDS57446
ENSMUSG00000090061	37.982	0.004	0.082	0.463	1	5	63649102	63793387	144286	havana	transcript	NA	NA	7	ENSMUST00000160066	5	Nwd2	ensembl_havana	protein_coding	OTTMUSG00000030847	5	Nwd2-003	havana	retained_intron	OTTMUST00000076329	2	NA	1 (assigned to previous version 4)	NA
ENSMUSG00000089672	44.234	0	0.077	0.936	1	10	51480632	51486316	5685	ensembl_havana	transcript	NA	NA	4	ENSMUST00000102894	3	Gp49a	ensembl_havana	protein_coding	OTTMUSG00000016502	2	Gp49a-001	ensembl_havana	protein_coding	OTTMUST00000039859	1	basic	1	CCDS23831
ENSMUSG00000078307	90.888	-0.002	0.071	0.778	1	9	52673044	52679429	6386	ensembl	transcript	NA	NA	2	ENSMUST00000098768	2	AI593442	ensembl	protein_coding	NA	NA	AI593442-201	ensembl	protein_coding	NA	NA	basic	1	CCDS52795
ENSMUSG00000032532	143.372	0	0.065	0.969	1	9	121489825	121495689	5865	ensembl	transcript	NA	NA	6	ENSMUST00000035120	4	Cck	ensembl	protein_coding	NA	NA	Cck-201	ensembl	protein_coding	NA	NA	basic	1	CCDS23631
ENSMUSG00000022416	120.313	0.004	0.074	0.529	1	15	80287238	80398279	111042	ensembl_havana	transcript	NA	NA	13	ENSMUST00000160424	5	Cacna1i	ensembl_havana	protein_coding	OTTMUSG00000034511	1	Cacna1i-001	ensembl_havana	protein_coding	OTTMUST00000087565	1	basic	1 (assigned to previous version 4)	CCDS49670
ENSMUSG00000071567	52.166	0.003	0.071	0.65	1	14	23292291	23293643	1353	havana	transcript	NA	NA	6	ENSMUST00000145596	1	A830039N20Rik	havana	lincRNA	OTTMUSG00000033641	1	A830039N20Rik-001	havana	lincRNA	OTTMUST00000084761	1	basic	NA	NA
ENSMUSG00000008658	190.729	-0.001	0.066	0.911	1	16	6809222	7409813	600592	ensembl	transcript	NA	NA	13	ENSMUST00000115841	7	Rbfox1	ensembl	protein_coding	NA	NA	Rbfox1-202	ensembl	protein_coding	NA	NA	basic	5 (assigned to previous version 6)	CCDS37245
ENSMUSG00000060257	15.952	0.004	0.086	0.528	1	2	152081529	152095802	14274	ensembl_havana	transcript	NA	NA	2	ENSMUST00000064061	3	Scrt2	ensembl_havana	protein_coding	OTTMUSG00000015826	1	Scrt2-001	ensembl_havana	protein_coding	OTTMUST00000037629	1	basic	5	CCDS50750
ENSMUSG00000090071	245.16	0.009	0.095	0.202	1	1	74854934	74857732	2799	ensembl_havana	transcript	NA	NA	4	ENSMUST00000160379	3	Cdk5r2	ensembl_havana	protein_coding	OTTMUSG00000034759	2	Cdk5r2-001	ensembl_havana	protein_coding	OTTMUST00000088334	2	basic	NA	CCDS48290
ENSMUSG00000060212	125.559	-0.001	0.065	0.869	1	8	125751508	125898317	146810	ensembl_havana	transcript	NA	NA	11	ENSMUST00000047239	10	Pcnxl2	ensembl_havana	protein_coding	OTTMUSG00000030588	8	Pcnxl2-002	ensembl_havana	protein_coding	OTTMUST00000075751	5	basic	5 (assigned to previous version 9)	CCDS52708
ENSMUSG00000016346	345.695	-0.003	0.069	0.592	1	2	181075579	181135214	59636	ensembl_havana	transcript	NA	NA	15	ENSMUST00000149964	6	Kcnq2	ensembl_havana	protein_coding	OTTMUSG00000016558	6	Kcnq2-013	ensembl_havana	protein_coding	OTTMUST00000040028	3	basic	1 (assigned to previous version 5)	CCDS17198
ENSMUSG00000027220	189.493	-0.004	0.07	0.468	1	2	92915098	92956058	40961	ensembl_havana	transcript	NA	NA	2	ENSMUST00000028648	2	Syt13	ensembl_havana	protein_coding	OTTMUSG00000014492	1	Syt13-001	ensembl_havana	protein_coding	OTTMUST00000034415	1	basic	1	CCDS16451
ENSMUSG00000041380	35.728	0	0.071	0.946	1	X	146962513	146989328	26816	havana	transcript	NA	NA	11	ENSMUST00000149260	5	Htr2c	ensembl_havana	protein_coding	OTTMUSG00000018943	3	Htr2c-005	havana	retained_intron	OTTMUST00000045551	1	NA	1 (assigned to previous version 4)	NA
ENSMUSG00000040424	41.614	-0.001	0.067	0.819	1	7	27523267	27531175	7909	ensembl_havana	transcript	NA	NA	13	ENSMUST00000108353	6	Hipk4	ensembl_havana	protein_coding	OTTMUSG00000022752	2	Hipk4-001	ensembl_havana	protein_coding	OTTMUST00000054609	1	basic	1 (assigned to previous version 5)	CCDS21024
ENSMUSG00000057897	767.951	-0.001	0.065	0.92	1	11	5969644	6065748	96105	ensembl_havana	transcript	NA	NA	12	ENSMUST00000109813	6	Camk2b	ensembl_havana	protein_coding	OTTMUSG00000005105	2	Camk2b-003	ensembl_havana	protein_coding	OTTMUST00000011419	1	basic	1 (assigned to previous version 5)	CCDS24411
ENSMUSG00000035226	57.035	-0.001	0.067	0.922	1	2	163859751	163918683	58933	ensembl_havana	transcript	NA	NA	5	ENSMUST00000044734	2	Rims4	ensembl_havana	protein_coding	OTTMUSG00000001075	2	Rims4-001	ensembl_havana	protein_coding	OTTMUST00000002128	2	basic	1	CCDS17018
ENSMUSG00000063193	28.915	0	0.079	0.992	1	11	114922781	114934386	11606	havana	transcript	NA	NA	6	ENSMUST00000106581	3	Cd300lb	havana	protein_coding	OTTMUSG00000003518	2	Cd300lb-001	havana	protein_coding	OTTMUST00000007531	2	basic	1	NA
ENSMUSG00000024873	144.106	0.001	0.066	0.819	1	19	5092871	5098418	5548	ensembl	transcript	NA	NA	6	ENSMUST00000025805	6	Cnih2	ensembl	protein_coding	NA	NA	Cnih2-201	ensembl	protein_coding	NA	NA	basic	1	CCDS29451
ENSMUSG00000053395	84.877	0.004	0.071	0.496	1	7	3390683	3415648	24966	havana	transcript	NA	NA	13	ENSMUST00000182222	5	Cacng8	ensembl_havana	protein_coding	OTTMUSG00000044343	1	Cacng8-001	havana	protein_coding	OTTMUST00000116707	1	basic	5 (assigned to previous version 4)	CCDS57471
ENSMUSG00000044071	93.643	-0.005	0.074	0.433	1	10	123264076	123741204	477129	ensembl	transcript	NA	NA	7	ENSMUST00000050756	7	Fam19a2	ensembl	protein_coding	NA	NA	Fam19a2-201	ensembl	protein_coding	NA	NA	basic	1	CCDS48709
ENSMUSG00000027895	68.672	0.003	0.07	0.592	1	3	107438303	107459552	21250	ensembl_havana	transcript	NA	NA	9	ENSMUST00000009617	9	Kcnc4	ensembl_havana	protein_coding	OTTMUSG00000052959	1	Kcnc4-001	ensembl_havana	protein_coding	OTTMUST00000132513	1	basic	1	CCDS17738
ENSMUSG00000019146	29.104	-0.001	0.071	0.834	1	15	77991748	78120028	128281	ensembl_havana	transcript	NA	NA	2	ENSMUST00000019290	2	Cacng2	ensembl_havana	protein_coding	OTTMUSG00000016425	1	Cacng2-001	ensembl_havana	protein_coding	OTTMUST00000039555	1	basic	1	CCDS27608
ENSMUSG00000028965	42.742	0.005	0.1	0.469	1	4	150914562	150934411	19850	havana	transcript	NA	NA	11	ENSMUST00000135169	5	Tnfrsf9	ensembl_havana	protein_coding	OTTMUSG00000010241	5	Tnfrsf9-006	havana	protein_coding	OTTMUST00000023805	5	mRNA_end_NF	3 (assigned to previous version 4)	NA
ENSMUSG00000049583	262.346	-0.001	0.064	0.919	1	7	87602544	88130869	528326	ensembl	transcript	NA	NA	12	ENSMUST00000167164	5	Grm5	ensembl_havana	protein_coding	OTTMUSG00000016489	2	Grm5-202	ensembl	protein_coding	NA	NA	basic	1 (assigned to previous version 4)	CCDS52305
ENSMUSG00000026141	18.976	0.005	0.088	0.437	1	1	24261890	24452745	190856	havana	transcript	NA	NA	11	ENSMUST00000144297	1	Col19a1	ensembl_havana	protein_coding	OTTMUSG00000021418	1	Col19a1-002	havana	processed_transcript	OTTMUST00000050757	1	NA	1	NA
ENSMUSG00000104597	163.885	-0.005	0.075	0.431	1	3	158067186	158076112	8927	havana	transcript	NA	NA	1	ENSMUST00000200255	1	RP24-68G17.4	havana	antisense	OTTMUSG00000052765	2	RP24-68G17.4-001	havana	antisense	OTTMUST00000132103	2	basic	NA	NA
ENSMUSG00000041710	23.979	-0.024	0.196	0.062	1	X	144381671	144688180	306510	ensembl_havana	transcript	NA	NA	4	ENSMUST00000040184	3	Trpc5	ensembl_havana	protein_coding	OTTMUSG00000018934	1	Trpc5-001	ensembl_havana	protein_coding	OTTMUST00000045505	1	basic	1	CCDS30457
ENSMUSG00000052373	47.741	0.001	0.068	0.892	1	11	101999652	102026094	26443	havana	transcript	NA	NA	12	ENSMUST00000100400	6	Mpp3	ensembl_havana	protein_coding	OTTMUSG00000002318	2	Mpp3-005	havana	protein_coding	OTTMUST00000004630	1	basic	1 (assigned to previous version 5)	CCDS36338
ENSMUSG00000027419	260.502	0.001	0.065	0.901	1	2	143546156	143816285	270130	ensembl_havana	transcript	NA	NA	9	ENSMUST00000028905	9	Pcsk2	ensembl_havana	protein_coding	OTTMUSG00000003089	3	Pcsk2-002	ensembl_havana	protein_coding	OTTMUST00000006367	3	basic	1	CCDS16810
ENSMUSG00000052981	158.833	0.001	0.065	0.88	1	13	69702835	69739897	37063	ensembl	transcript	NA	NA	5	ENSMUST00000065118	5	Ube2ql1	ensembl	protein_coding	NA	NA	Ube2ql1-201	ensembl	protein_coding	NA	NA	basic	1	CCDS49307
ENSMUSG00000045912	17.462	-0.006	0.094	0.333	1	10	79606857	79614025	7169	ensembl	transcript	NA	NA	8	ENSMUST00000178228	1	C2cd4c	ensembl	protein_coding	NA	NA	C2cd4c-202	ensembl	protein_coding	NA	NA	basic	1	CCDS23979
ENSMUSG00000055409	38.929	-0.006	0.091	0.344	1	7	49974864	50865255	890392	ensembl_havana	transcript	NA	NA	11	ENSMUST00000081872	9	Nell1	ensembl_havana	protein_coding	OTTMUSG00000024734	1	Nell1-001	ensembl_havana	protein_coding	OTTMUST00000060890	1	basic	1 (assigned to previous version 8)	CCDS21309
ENSMUSG00000046550	3.957	-0.002	0.102	0.785	1	X	153832225	153833510	1286	havana	transcript	NA	NA	8	ENSMUST00000148708	1	Spin2c	ensembl_havana	protein_coding	OTTMUSG00000019374	1	Spin2c-002	havana	protein_coding	OTTMUST00000046240	1	mRNA_end_NF	3	NA
ENSMUSG00000021062	136.091	-0.003	0.076	0.551	1	12	76797960	76822553	24594	ensembl_havana	transcript	NA	NA	13	ENSMUST00000021459	11	Rab15	ensembl_havana	protein_coding	OTTMUSG00000027558	7	Rab15-001	ensembl_havana	protein_coding	OTTMUST00000068242	1	basic	1 (assigned to previous version 10)	CCDS25997
ENSMUSG00000036306	159.432	0.003	0.068	0.652	1	8	69132669	69184225	51557	havana	transcript	NA	NA	9	ENSMUST00000185176	5	Lzts1	ensembl_havana	protein_coding	OTTMUSG00000044658	1	Lzts1-001	havana	protein_coding	OTTMUST00000117477	1	basic	5 (assigned to previous version 4)	CCDS22345
ENSMUSG00000074923	90.432	0.002	0.067	0.743	1	2	118663303	118698020	34718	ensembl_havana	transcript	NA	NA	8	ENSMUST00000099557	7	Pak6	ensembl_havana	protein_coding	OTTMUSG00000015368	1	Pak6-001	ensembl_havana	protein_coding	OTTMUST00000036422	1	basic	1 (assigned to previous version 6)	CCDS16580
ENSMUSG00000027965	15.249	-0.003	0.082	0.66	1	3	114904078	115125722	221645	ensembl_havana	transcript	NA	NA	13	ENSMUST00000081752	10	Olfm3	ensembl_havana	protein_coding	OTTMUSG00000026597	1	Olfm3-001	ensembl_havana	protein_coding	OTTMUST00000065812	1	basic	1 (assigned to previous version 9)	CCDS17779
ENSMUSG00000047658	55.471	0.001	0.067	0.793	1	19	5298331	5308738	10408	ensembl	transcript	NA	NA	6	ENSMUST00000061169	6	Gal3st3	ensembl	protein_coding	NA	NA	Gal3st3-201	ensembl	protein_coding	NA	NA	basic	1	CCDS29455
ENSMUSG00000076613	761.339	10.105	1.091	0	0	12	113302965	113306711	3747	havana	transcript	NA	NA	3	ENSMUST00000192188	1	Ighg2b	ensembl_havana	IG_C_gene	OTTMUSG00000051451	2	Ighg2b-002	havana	IG_C_gene	OTTMUST00000130061	1	mRNA_start_NF	NA	NA
ENSMUSG00000064293	68.433	-0.005	0.072	0.446	1	6	105677660	105840506	162847	havana	transcript	NA	NA	12	ENSMUST00000132044	1	Cntn4	ensembl_havana	protein_coding	OTTMUSG00000024598	2	Cntn4-009	havana	processed_transcript	OTTMUST00000060446	1	NA	3	NA
ENSMUSG00000020990	10.534	0	0.08	0.98	1	12	69746848	69790707	43860	ensembl	transcript	NA	NA	4	ENSMUST00000021377	4	Cdkl1	ensembl	protein_coding	NA	NA	Cdkl1-201	ensembl	protein_coding	NA	NA	basic	1	CCDS25955
ENSMUSG00000038738	1177.706	-0.001	0.064	0.91	1	7	44310253	44358351	48099	ensembl_havana	transcript	NA	NA	13	ENSMUST00000107938	5	Shank1	ensembl_havana	protein_coding	OTTMUSG00000016443	2	Shank1-001	ensembl_havana	protein_coding	OTTMUST00000039587	2	basic	5 (assigned to previous version 4)	CCDS52229
ENSMUSG00000051062	16.544	0.005	0.09	0.437	1	11	35797382	35798884	1503	ensembl_havana	transcript	NA	NA	6	ENSMUST00000160726	3	Fbll1	ensembl_havana	protein_coding	OTTMUSG00000005414	3	Fbll1-001	ensembl_havana	protein_coding	OTTMUST00000012067	3	basic	NA	CCDS36128
ENSMUSG00000027273	1052.785	0	0.064	0.972	1	2	136713453	136782428	68976	ensembl_havana	transcript	NA	NA	11	ENSMUST00000028727	8	Snap25	ensembl_havana	protein_coding	OTTMUSG00000015556	2	Snap25-001	ensembl_havana	protein_coding	OTTMUST00000036955	1	basic	1 (assigned to previous version 7)	CCDS16793
ENSMUSG00000030302	666.149	0	0.065	0.931	1	6	113745669	113891539	145871	ensembl_havana	transcript	NA	NA	14	ENSMUST00000089003	9	Atp2b2	ensembl_havana	protein_coding	OTTMUSG00000018967	3	Atp2b2-004	ensembl_havana	protein_coding	OTTMUST00000045568	1	basic	1 (assigned to previous version 8)	CCDS20433
ENSMUSG00000032564	33.14	0.007	0.105	0.31	1	9	104547286	104873070	325785	havana	transcript	NA	NA	13	ENSMUST00000098443	6	Cpne4	ensembl_havana	protein_coding	OTTMUSG00000023466	2	Cpne4-003	havana	protein_coding	OTTMUST00000057074	1	basic	1 (assigned to previous version 5)	NA
ENSMUSG00000030789	298.256	0.002	0.08	0.669	1	7	128129547	128150656	21110	ensembl	transcript	NA	NA	8	ENSMUST00000033053	6	Itgax	ensembl	protein_coding	NA	NA	Itgax-201	ensembl	protein_coding	NA	NA	basic	1	CCDS40150
ENSMUSG00000040452	15.451	-0.003	0.084	0.624	1	15	21111452	21589533	478082	ensembl_havana	transcript	NA	NA	8	ENSMUST00000075132	6	Cdh12	ensembl_havana	protein_coding	OTTMUSG00000025013	1	Cdh12-001	ensembl_havana	protein_coding	OTTMUST00000061573	1	basic	1	CCDS27396
ENSMUSG00000021478	38.27	0.004	0.078	0.473	1	13	54051186	54055658	4473	ensembl	transcript	NA	NA	5	ENSMUST00000021932	5	Drd1	ensembl	protein_coding	NA	NA	Drd1-201	ensembl	protein_coding	NA	NA	basic	1	CCDS26524
ENSMUSG00000034891	230.952	0.005	0.073	0.45	1	13	54758860	54766595	7736	ensembl_havana	transcript	NA	NA	11	ENSMUST00000036825	11	Sncb	ensembl_havana	protein_coding	OTTMUSG00000032668	1	Sncb-001	ensembl_havana	protein_coding	OTTMUST00000081255	1	basic	1 (assigned to previous version 10)	CCDS36670
ENSMUSG00000030350	91.563	0.004	0.073	0.461	1	6	127689011	127769472	80462	ensembl_havana	transcript	NA	NA	8	ENSMUST00000032500	8	Prmt8	ensembl_havana	protein_coding	OTTMUSG00000020414	1	Prmt8-001	ensembl_havana	protein_coding	OTTMUST00000048474	1	basic	1	CCDS57449
ENSMUSG00000107226	6.354	-0.014	0.181	0.179	1	5	81249249	81252690	3442	havana	transcript	NA	NA	1	ENSMUST00000201153	1	RP24-248M2.5	havana	TEC	OTTMUSG00000056046	1	RP24-248M2.5-001	havana	TEC	OTTMUST00000138611	1	basic	NA	NA
ENSMUSG00000034818	255.914	-0.005	0.074	0.384	1	10	81459227	81482709	23483	ensembl_havana	transcript	NA	NA	14	ENSMUST00000118763	5	Celf5	ensembl_havana	protein_coding	OTTMUSG00000030422	2	Celf5-001	ensembl_havana	protein_coding	OTTMUST00000075342	2	basic	1 (assigned to previous version 4)	CCDS48644
ENSMUSG00000050069	44.913	-0.001	0.067	0.893	1	1	174833785	174921819	88035	ensembl_havana	transcript	NA	NA	3	ENSMUST00000055294	3	Grem2	ensembl_havana	protein_coding	OTTMUSG00000022494	1	Grem2-001	ensembl_havana	protein_coding	OTTMUST00000053848	1	basic	1	CCDS15545
ENSMUSG00000105983	14.828	0.004	0.098	0.484	1	5	49124587	49128741	4155	havana	transcript	NA	NA	1	ENSMUST00000199657	1	RP23-140B23.1	havana	TEC	OTTMUSG00000054426	1	RP23-140B23.1-001	havana	TEC	OTTMUST00000135000	1	basic	NA	NA
ENSMUSG00000020684	372.351	0.006	0.076	0.37	1	11	83409137	83418834	9698	ensembl_havana	transcript	NA	NA	12	ENSMUST00000021022	7	Rasl10b	ensembl_havana	protein_coding	OTTMUSG00000000933	2	Rasl10b-002	ensembl_havana	protein_coding	OTTMUST00000001826	2	basic	1 (assigned to previous version 6)	CCDS25163
ENSMUSG00000036800	64.575	-0.001	0.066	0.796	1	15	71445678	71727838	282161	ensembl	transcript	NA	NA	7	ENSMUST00000022953	8	Fam135b	ensembl	protein_coding	NA	NA	Fam135b-201	ensembl	protein_coding	NA	NA	basic	5	CCDS49626
ENSMUSG00000027347	433.185	-0.006	0.074	0.373	1	2	117279993	117343001	63009	ensembl_havana	transcript	NA	NA	16	ENSMUST00000102534	8	Rasgrp1	ensembl_havana	protein_coding	OTTMUSG00000015228	2	Rasgrp1-001	ensembl_havana	protein_coding	OTTMUST00000036074	2	basic	5 (assigned to previous version 7)	CCDS16572
ENSMUSG00000061298	14.276	-0.009	0.119	0.234	1	4	110397661	110955596	557936	havana	transcript	NA	NA	12	ENSMUST00000106589	6	Agbl4	ensembl_havana	protein_coding	OTTMUSG00000008502	5	Agbl4-005	havana	protein_coding	OTTMUST00000019317	1	mRNA_end_NF	5 (assigned to previous version 5)	NA
ENSMUSG00000078235	15.442	-0.002	0.074	0.783	1	4	138394092	138396528	2437	ensembl_havana	transcript	NA	NA	3	ENSMUST00000105032	3	Fam43b	ensembl_havana	protein_coding	OTTMUSG00000009974	1	Fam43b-001	ensembl_havana	protein_coding	OTTMUST00000023183	1	basic	NA	CCDS38928
ENSMUSG00000107105	7.128	-0.014	0.187	0.219	1	5	54094003	54095080	1078	havana	transcript	NA	NA	1	ENSMUST00000201566	1	Gm15820	havana	processed_pseudogene	OTTMUSG00000026434	2	Gm15820-001	havana	processed_pseudogene	OTTMUST00000065376	2	basic	NA	NA
ENSMUSG00000086040	259.739	0.001	0.065	0.81	1	6	54429603	54503765	74163	havana	transcript	NA	NA	6	ENSMUST00000132855	5	Wipf3	ensembl_havana	protein_coding	OTTMUSG00000033222	1	Wipf3-001	havana	protein_coding	OTTMUST00000083237	1	basic	5 (assigned to previous version 4)	CCDS51779
ENSMUSG00000038179	84.755	0	0.076	0.982	1	1	171632403	171653035	20633	havana	transcript	NA	NA	11	ENSMUST00000192195	3	Slamf7	ensembl_havana	protein_coding	OTTMUSG00000050083	1	Slamf7-001	havana	protein_coding	OTTMUST00000127370	1	basic	1 (assigned to previous version 2)	CCDS15500
ENSMUSG00000020848	70.428	-0.002	0.067	0.784	1	11	75768966	75796049	27084	ensembl_havana	transcript	NA	NA	7	ENSMUST00000021209	7	Doc2b	ensembl_havana	protein_coding	OTTMUSG00000006220	1	Doc2b-001	ensembl_havana	protein_coding	OTTMUST00000014046	1	basic	1	CCDS25057
ENSMUSG00000020297	361.916	0	0.065	0.986	1	11	32000463	32059202	58740	ensembl_havana	transcript	NA	NA	8	ENSMUST00000020537	6	Nsg2	ensembl_havana	protein_coding	OTTMUSG00000005366	1	Nsg2-001	ensembl_havana	protein_coding	OTTMUST00000011971	1	basic	1 (assigned to previous version 5)	CCDS24516
ENSMUSG00000029754	5.895	0.004	0.104	0.559	1	6	6863334	6868568	5235	havana	transcript	NA	NA	11	ENSMUST00000160937	6	Dlx6	ensembl_havana	protein_coding	OTTMUSG00000034244	3	Dlx6-001	havana	protein_coding	OTTMUST00000086975	2	basic	1 (assigned to previous version 5)	CCDS51719
ENSMUSG00000027500	203.933	0.001	0.064	0.925	1	3	8509360	8561606	52247	ensembl_havana	transcript	NA	NA	10	ENSMUST00000029002	8	Stmn2	ensembl_havana	protein_coding	OTTMUSG00000051383	1	Stmn2-001	ensembl_havana	protein_coding	OTTMUST00000129920	1	basic	1	CCDS17231
ENSMUSG00000106775	24.318	-0.003	0.086	0.655	1	6	23251133	23253358	2226	havana	transcript	NA	NA	1	ENSMUST00000202489	1	RP23-124H2.4	havana	TEC	OTTMUSG00000055955	1	RP23-124H2.4-001	havana	TEC	OTTMUST00000138430	1	basic	NA	NA
ENSMUSG00000022288	5.094	-0.018	0.22	0.169	1	15	37425554	37440644	15091	ensembl_havana	transcript	NA	NA	1	ENSMUST00000022897	1	4930447A16Rik	ensembl_havana	protein_coding	OTTMUSG00000028028	1	4930447A16Rik-001	ensembl_havana	protein_coding	OTTMUST00000069426	1	basic	1	CCDS56981
ENSMUSG00000036422	73.004	-0.005	0.076	0.443	1	14	79766775	79771312	4538	ensembl_havana	transcript	NA	NA	8	ENSMUST00000039568	8	Pcdh8	ensembl_havana	protein_coding	OTTMUSG00000050569	1	Pcdh8-001	ensembl_havana	protein_coding	OTTMUST00000128237	1	basic	1 (assigned to previous version 7)	CCDS27303
ENSMUSG00000050963	25.941	0	0.071	0.96	1	15	34837381	34842337	4957	ensembl	transcript	NA	NA	6	ENSMUST00000072868	3	Kcns2	ensembl	protein_coding	NA	NA	Kcns2-201	ensembl	protein_coding	NA	NA	basic	1	CCDS27421
ENSMUSG00000036185	14.29	0.006	0.122	0.405	1	17	35025959	35027659	1701	havana	transcript	NA	NA	7	ENSMUST00000173211	5	Sapcd1	ensembl_havana	protein_coding	OTTMUSG00000037143	1	Sapcd1-004	havana	retained_intron	OTTMUST00000095656	1	NA	2 (assigned to previous version 4)	NA
ENSMUSG00000051401	31.288	0.002	0.075	0.662	1	18	40258361	40531168	272808	ensembl	transcript	NA	NA	6	ENSMUST00000091927	4	Kctd16	ensembl	protein_coding	NA	NA	Kctd16-201	ensembl	protein_coding	NA	NA	basic	1	CCDS50264
ENSMUSG00000102697	71.573	0.006	0.08	0.344	1	18	37143503	37187657	44155	ensembl_havana	transcript	NA	NA	1	ENSMUST00000047479	2	Pcdhac2	ensembl_havana	protein_coding	OTTMUSG00000050647	1	Pcdhac2-001	ensembl_havana	protein_coding	OTTMUST00000128401	1	basic	1	CCDS29168
ENSMUSG00000075318	510.611	-0.002	0.065	0.716	1	2	65620771	65690175	69405	havana	transcript	NA	NA	10	ENSMUST00000144254	3	Scn2a1	ensembl_havana	protein_coding	OTTMUSG00000012963	4	Scn2a1-004	havana	protein_coding	OTTMUST00000137596	1	mRNA_end_NF	5 (assigned to previous version 2)	NA
ENSMUSG00000090063	36.412	0.003	0.08	0.595	1	6	6820189	6861591	41403	havana	transcript	NA	NA	4	ENSMUST00000159827	2	Dlx6os1	havana	antisense	OTTMUSG00000034242	4	Dlx6os1-002	havana	antisense	OTTMUST00000086972	2	basic	1	NA
ENSMUSG00000085800	8.085	0.001	0.097	0.893	1	18	57504422	57533752	29331	havana	transcript	NA	NA	5	ENSMUST00000150994	1	1700066O22Rik	havana	processed_transcript	OTTMUSG00000033169	1	1700066O22Rik-003	havana	processed_transcript	OTTMUST00000082969	1	basic	1	NA
ENSMUSG00000021647	301.067	0	0.069	0.948	1	13	99898484	99900683	2200	ensembl	transcript	NA	NA	6	ENSMUST00000022150	6	Cartpt	ensembl	protein_coding	NA	NA	Cartpt-201	ensembl	protein_coding	NA	NA	basic	1	CCDS36763
ENSMUSG00000066108	22.911	0.005	0.099	0.481	1	7	141839070	141873084	34015	ensembl_havana	transcript	NA	NA	7	ENSMUST00000165147	2	Muc5b	ensembl_havana	protein_coding	OTTMUSG00000047461	1	Muc5b-001	ensembl_havana	protein_coding	OTTMUST00000122520	1	basic	5	CCDS52448
ENSMUSG00000058153	288.691	-0.001	0.064	0.898	1	5	112419151	112576975	157825	ensembl_havana	transcript	NA	NA	12	ENSMUST00000079491	11	Sez6l	ensembl_havana	protein_coding	OTTMUSG00000054331	1	Sez6l-003	ensembl_havana	protein_coding	OTTMUST00000134806	1	basic	1 (assigned to previous version 10)	CCDS57373
ENSMUSG00000106106	47177.606	1.234	1.628	0.001	0.075	17	39846353	39848201	1849	havana	transcript	NA	NA	1	ENSMUST00000198477	1	Rn18s-rs5	ensembl_havana	rRNA	OTTMUSG00000053277	1	Rn18s-rs5-001	havana	rRNA	OTTMUST00000133068	1	basic	NA	NA
ENSMUSG00000032739	7.099	0.018	0.199	0.131	1	17	33638056	33645706	7651	ensembl_havana	transcript	NA	NA	14	ENSMUST00000052079	7	Pram1	ensembl_havana	protein_coding	OTTMUSG00000036515	1	Pram1-001	ensembl_havana	protein_coding	OTTMUST00000093637	1	basic	1	CCDS37569
ENSMUSG00000029211	95.373	-0.002	0.066	0.695	1	5	71569749	71658308	88560	ensembl_havana	transcript	NA	NA	9	ENSMUST00000031121	7	Gabra4	ensembl_havana	protein_coding	OTTMUSG00000054261	1	Gabra4-001	ensembl_havana	protein_coding	OTTMUST00000134668	1	basic	1 (assigned to previous version 6)	CCDS39107
ENSMUSG00000024245	52.567	0.001	0.066	0.915	1	17	80944632	81001816	57185	ensembl	transcript	NA	NA	4	ENSMUST00000025092	4	Tmem178	ensembl	protein_coding	NA	NA	Tmem178-201	ensembl	protein_coding	NA	NA	basic	1	CCDS37705
ENSMUSG00000063354	23.015	0.002	0.083	0.754	1	15	76612385	76616852	4468	ensembl	transcript	NA	NA	6	ENSMUST00000073428	5	Slc39a4	ensembl	protein_coding	NA	NA	Slc39a4-201	ensembl	protein_coding	NA	NA	basic	1	CCDS27578
ENSMUSG00000068129	127.219	0.002	0.079	0.712	1	2	150570415	150578944	8530	ensembl_havana	transcript	NA	NA	5	ENSMUST00000089200	2	Cst7	ensembl_havana	protein_coding	OTTMUSG00000015741	2	Cst7-001	ensembl_havana	protein_coding	OTTMUST00000037389	2	basic	1	CCDS16857
ENSMUSG00000025468	68.157	0	0.066	0.95	1	7	140069880	140082548	12669	ensembl	transcript	NA	NA	12	ENSMUST00000026541	11	Caly	ensembl	protein_coding	NA	NA	Caly-201	ensembl	protein_coding	NA	NA	basic	1 (assigned to previous version 10)	CCDS21962
ENSMUSG00000032589	1180.854	0	0.064	0.945	1	9	108096022	108190384	94363	ensembl_havana	transcript	NA	NA	12	ENSMUST00000035208	11	Bsn	ensembl_havana	protein_coding	OTTMUSG00000016899	2	Bsn-001	ensembl_havana	protein_coding	OTTMUST00000041006	2	basic	5 (assigned to previous version 10)	CCDS23517
ENSMUSG00000031293	217.892	0.021	0.182	0.072	1	X	160768013	160799663	31651	ensembl_havana	transcript	NA	NA	11	ENSMUST00000033650	11	Rs1	ensembl_havana	protein_coding	OTTMUSG00000019592	1	Rs1-001	ensembl_havana	protein_coding	OTTMUST00000046804	1	basic	1 (assigned to previous version 10)	CCDS30505
ENSMUSG00000031883	13.787	0.001	0.074	0.875	1	8	104534700	104550343	15644	havana	transcript	NA	NA	10	ENSMUST00000159416	5	Car7	ensembl_havana	protein_coding	OTTMUSG00000029166	2	Car7-003	havana	protein_coding	OTTMUST00000072341	1	basic	1 (assigned to previous version 4)	NA
ENSMUSG00000042532	83.443	0.004	0.07	0.524	1	19	42247574	42270348	22775	ensembl_havana	transcript	NA	NA	12	ENSMUST00000122375	5	Golga7b	ensembl_havana	protein_coding	OTTMUSG00000028389	1	Golga7b-001	ensembl_havana	protein_coding	OTTMUST00000070349	1	basic	1 (assigned to previous version 4)	CCDS29827
ENSMUSG00000097914	8.639	-0.012	0.168	0.216	1	16	35805947	35808946	3000	ensembl	transcript	NA	NA	1	ENSMUST00000180485	1	Gm26838	ensembl	lincRNA	NA	NA	Gm26838-201	ensembl	lincRNA	NA	NA	basic	1	NA
ENSMUSG00000007207	164.651	-0.004	0.07	0.489	1	5	135023482	135051100	27619	ensembl_havana	transcript	NA	NA	8	ENSMUST00000005509	8	Stx1a	ensembl_havana	protein_coding	OTTMUSG00000016270	3	Stx1a-001	ensembl_havana	protein_coding	OTTMUST00000039031	2	basic	1 (assigned to previous version 7)	CCDS19731
ENSMUSG00000043301	76.307	-0.003	0.068	0.647	1	16	94749266	94997696	248431	ensembl	transcript	NA	NA	13	ENSMUST00000095873	8	Kcnj6	ensembl	protein_coding	NA	NA	Kcnj6-201	ensembl	protein_coding	NA	NA	basic	1 (assigned to previous version 7)	CCDS37408
ENSMUSG00000029544	131.111	0	0.065	0.979	1	5	115168689	115186308	17620	ensembl_havana	transcript	NA	NA	14	ENSMUST00000031519	11	Cabp1	ensembl_havana	protein_coding	OTTMUSG00000014631	6	Cabp1-001	ensembl_havana	protein_coding	OTTMUST00000034696	2	basic	1 (assigned to previous version 10)	CCDS19582
ENSMUSG00000026204	504.473	-0.001	0.064	0.853	1	1	75247027	75264213	17187	ensembl_havana	transcript	NA	NA	13	ENSMUST00000027404	9	Ptprn	ensembl_havana	protein_coding	OTTMUSG00000048596	1	Ptprn-001	ensembl_havana	protein_coding	OTTMUST00000124490	1	basic	1 (assigned to previous version 8)	CCDS35625
ENSMUSG00000076609	2833.698	7.769	1.048	0	0	6	70726435	70726966	532	ensembl_havana	transcript	NA	NA	2	ENSMUST00000103410	2	Igkc	ensembl_havana	IG_C_gene	OTTMUSG00000053470	1	Igkc-001	ensembl_havana	IG_C_gene	OTTMUST00000133385	1	basic	NA	NA
ENSMUSG00000067149	569.241	7.068	0.953	0	0	5	88519809	88526640	6832	havana	transcript	NA	NA	6	ENSMUST00000164073	2	Jchain	ensembl_havana	protein_coding	OTTMUSG00000036864	2	Jchain-002	havana	retained_intron	OTTMUST00000094696	2	mRNA_end_NF	2	NA
ENSMUSG00000023828	7.458	0.002	0.089	0.796	1	17	12419972	12507704	87733	ensembl	transcript	NA	NA	2	ENSMUST00000024595	2	Slc22a3	ensembl	protein_coding	NA	NA	Slc22a3-201	ensembl	protein_coding	NA	NA	basic	1	CCDS28391
ENSMUSG00000015568	386.44	0.001	0.074	0.831	1	8	68880491	68906934	26444	ensembl_havana	transcript	NA	NA	13	ENSMUST00000015712	12	Lpl	ensembl_havana	protein_coding	OTTMUSG00000036084	4	Lpl-001	ensembl_havana	protein_coding	OTTMUST00000092709	3	basic	1 (assigned to previous version 11)	CCDS40357
ENSMUSG00000102876	3.782	0.001	0.104	0.889	1	3	25144068	25144261	194	havana	transcript	NA	NA	1	ENSMUST00000194368	1	Gm37136	havana	TEC	OTTMUSG00000051150	1	Gm37136-001	havana	TEC	OTTMUST00000129591	1	basic	NA	NA
ENSMUSG00000025885	46.235	-0.001	0.067	0.91	1	18	74440936	74617023	176088	havana	transcript	NA	NA	16	ENSMUST00000125882	5	Myo5b	ensembl_havana	protein_coding	OTTMUSG00000029560	2	Myo5b-005	havana	protein_coding	OTTMUST00000073307	1	mRNA_end_NF	3 (assigned to previous version 4)	NA
ENSMUSG00000096847	164.926	0.002	0.065	0.787	1	17	45541940	45549677	7738	ensembl	transcript	NA	NA	1	ENSMUST00000180252	1	Tmem151b	ensembl	protein_coding	NA	NA	Tmem151b-201	ensembl	protein_coding	NA	NA	basic	1	CCDS28810
ENSMUSG00000104159	9.445	-0.003	0.097	0.657	1	17	31532291	31535460	3170	havana	transcript	NA	NA	1	ENSMUST00000193280	1	Gm38099	havana	TEC	OTTMUSG00000047657	1	Gm38099-001	havana	TEC	OTTMUST00000122831	1	basic	NA	NA
ENSMUSG00000048251	211.809	0.002	0.068	0.681	1	12	107910403	108003602	93200	ensembl_havana	transcript	NA	NA	13	ENSMUST00000066060	8	Bcl11b	ensembl_havana	protein_coding	OTTMUSG00000019485	1	Bcl11b-001	ensembl_havana	protein_coding	OTTMUST00000046516	1	basic	1 (assigned to previous version 7)	CCDS36553
ENSMUSG00000030162	15.018	-0.003	0.09	0.604	1	6	129485246	129507165	21920	ensembl_havana	transcript	NA	NA	12	ENSMUST00000032265	10	Olr1	ensembl_havana	protein_coding	OTTMUSG00000034583	2	Olr1-001	ensembl_havana	protein_coding	OTTMUST00000087744	1	basic	1 (assigned to previous version 9)	CCDS20588
ENSMUSG00000045038	662.837	-0.001	0.064	0.908	1	17	86167785	86657919	490135	ensembl_havana	transcript	NA	NA	12	ENSMUST00000097275	6	Prkce	ensembl_havana	protein_coding	OTTMUSG00000017512	3	Prkce-001	ensembl_havana	protein_coding	OTTMUST00000042540	2	basic	1 (assigned to previous version 5)	CCDS29008
ENSMUSG00000047013	152.66	0.001	0.065	0.844	1	6	85469574	85502994	33421	havana	transcript	NA	NA	13	ENSMUST00000159062	5	Fbxo41	ensembl_havana	protein_coding	OTTMUSG00000029064	1	Fbxo41-001	havana	protein_coding	OTTMUST00000072104	1	basic	1 (assigned to previous version 4)	CCDS20296
ENSMUSG00000085830	14.499	0.001	0.082	0.891	1	2	25291220	25298925	7706	ensembl_havana	transcript	NA	NA	1	ENSMUST00000129723	1	Grin1os	ensembl_havana	antisense	OTTMUSG00000011935	1	Grin1os-001	ensembl_havana	antisense	OTTMUST00000028198	1	basic	1	NA
ENSMUSG00000021708	162.232	0	0.066	0.966	1	13	91880400	91987989	107590	havana	transcript	NA	NA	14	ENSMUST00000151408	5	Rasgrf2	ensembl_havana	protein_coding	OTTMUSG00000034142	2	Rasgrf2-001	havana	protein_coding	OTTMUST00000086461	2	mRNA_start_NF	1 (assigned to previous version 4)	NA
ENSMUSG00000020431	1114.206	0.001	0.064	0.799	1	11	7063489	7178506	115018	ensembl_havana	transcript	NA	NA	5	ENSMUST00000020706	4	Adcy1	ensembl_havana	protein_coding	OTTMUSG00000005134	1	Adcy1-001	ensembl_havana	protein_coding	OTTMUST00000011485	1	basic	2	CCDS24426
ENSMUSG00000025422	1354.039	0.001	0.064	0.883	1	10	127078907	127093169	14263	ensembl	transcript	NA	NA	8	ENSMUST00000039259	6	Agap2	ensembl	protein_coding	NA	NA	Agap2-201	ensembl	protein_coding	NA	NA	basic	1	CCDS24228
ENSMUSG00000024261	117.629	-0.005	0.073	0.399	1	18	31437808	31447415	9608	ensembl	transcript	NA	NA	5	ENSMUST00000025110	3	Syt4	ensembl	protein_coding	NA	NA	Syt4-201	ensembl	protein_coding	NA	NA	basic	1	CCDS29109
ENSMUSG00000103201	8.298	0	0.084	0.971	1	1	3512451	3514507	2057	havana	transcript	NA	NA	1	ENSMUST00000192973	1	Gm37329	havana	TEC	OTTMUSG00000049929	1	Gm37329-001	havana	TEC	OTTMUST00000127100	1	basic	NA	NA
ENSMUSG00000032988	23.506	0.005	0.102	0.434	1	15	79251014	79254761	3748	ensembl_havana	transcript	NA	NA	3	ENSMUST00000039752	3	Slc16a8	ensembl_havana	protein_coding	OTTMUSG00000036033	1	Slc16a8-001	ensembl_havana	protein_coding	OTTMUST00000092494	1	basic	1	CCDS27636
ENSMUSG00000080736	8.2	-0.003	0.105	0.611	1	5	72032718	72033488	771	havana	transcript	NA	NA	1	ENSMUST00000118973	1	Gm15617	havana	processed_pseudogene	OTTMUSG00000024375	1	Gm15617-001	havana	processed_pseudogene	OTTMUST00000059716	1	basic	NA	NA
ENSMUSG00000047842	232.635	-0.001	0.064	0.925	1	13	52504375	52530836	26462	ensembl	transcript	NA	NA	6	ENSMUST00000057442	6	Diras2	ensembl	protein_coding	NA	NA	Diras2-201	ensembl	protein_coding	NA	NA	basic	1	CCDS26516
ENSMUSG00000045036	4.895	0.018	0.214	0.149	1	17	65256005	65540782	284778	ensembl	transcript	NA	NA	12	ENSMUST00000086722	7	Tmem232	ensembl	protein_coding	NA	NA	Tmem232-202	ensembl	protein_coding	NA	NA	basic	1 (assigned to previous version 6)	CCDS28940
ENSMUSG00000071265	38.825	-0.002	0.068	0.745	1	12	74284281	74295931	11651	havana	transcript	NA	NA	7	ENSMUST00000186463	4	1700086L19Rik	ensembl_havana	lincRNA	OTTMUSG00000047023	1	1700086L19Rik-001	havana	lincRNA	OTTMUST00000121795	1	NA	1 (assigned to previous version 3)	NA
ENSMUSG00000040035	384.837	-0.005	0.069	0.444	1	2	118779719	118811174	31456	havana	transcript	NA	NA	12	ENSMUST00000063975	7	Disp2	ensembl_havana	protein_coding	OTTMUSG00000015642	1	Disp2-005	havana	protein_coding	OTTMUST00000037163	1	basic	1 (assigned to previous version 6)	NA
ENSMUSG00000030000	153.084	-0.008	0.087	0.224	1	6	86078084	86119555	41472	ensembl	transcript	NA	NA	8	ENSMUST00000032069	5	Add2	ensembl	protein_coding	NA	NA	Add2-201	ensembl	protein_coding	NA	NA	basic	1	CCDS20308
ENSMUSG00000044667	282.638	-0.001	0.064	0.817	1	3	117319139	117360876	41738	ensembl_havana	transcript	NA	NA	10	ENSMUST00000061071	10	Lppr4	ensembl_havana	protein_coding	OTTMUSG00000023917	3	Lppr4-001	ensembl_havana	protein_coding	OTTMUST00000058425	2	basic	1 (assigned to previous version 9)	CCDS17795
ENSMUSG00000019785	24.206	-0.001	0.071	0.805	1	10	33512286	33624769	112484	ensembl_havana	transcript	NA	NA	11	ENSMUST00000019920	10	Clvs2	ensembl_havana	protein_coding	OTTMUSG00000028009	2	Clvs2-001	ensembl_havana	protein_coding	OTTMUST00000069365	1	basic	1 (assigned to previous version 9)	CCDS23770
ENSMUSG00000079657	37.679	-0.001	0.067	0.894	1	17	24527241	24533726	6486	havana	transcript	NA	NA	8	ENSMUST00000061764	11	Rab26	ensembl_havana	protein_coding	OTTMUSG00000041995	1	Rab26-002	havana	protein_coding	OTTMUST00000109987	1	basic	2 (assigned to previous version 10)	NA
ENSMUSG00000044912	59.927	0.001	0.067	0.788	1	12	73997761	74267916	270156	ensembl	transcript	NA	NA	9	ENSMUST00000110451	2	Syt16	ensembl	protein_coding	NA	NA	Syt16-201	ensembl	protein_coding	NA	NA	basic	1	CCDS49089
ENSMUSG00000025427	123.843	0	0.066	0.985	1	18	77456110	77565136	109027	ensembl_havana	transcript	NA	NA	12	ENSMUST00000026494	11	Rnf165	ensembl_havana	protein_coding	OTTMUSG00000043575	6	Rnf165-003	ensembl_havana	protein_coding	OTTMUST00000114403	2	basic	5 (assigned to previous version 10)	CCDS50327
ENSMUSG00000024268	460.559	0	0.064	0.987	1	18	25477632	25753983	276352	ensembl	transcript	NA	NA	13	ENSMUST00000025117	10	Celf4	ensembl	protein_coding	NA	NA	Celf4-201	ensembl	protein_coding	NA	NA	basic	1 (assigned to previous version 9)	CCDS29106
ENSMUSG00000020734	50.181	0.008	0.092	0.256	1	11	115249169	115265429	16261	havana	transcript	NA	NA	11	ENSMUST00000003351	10	Grin2c	ensembl_havana	protein_coding	OTTMUSG00000003665	1	Grin2c-001	havana	protein_coding	OTTMUST00000007921	1	basic	5 (assigned to previous version 9)	CCDS25624
ENSMUSG00000032503	402.07	-0.004	0.072	0.527	1	9	112065091	112185726	120636	havana	transcript	NA	NA	15	ENSMUST00000160240	5	Arpp21	ensembl_havana	protein_coding	OTTMUSG00000034741	1	Arpp21-015	havana	protein_coding	OTTMUST00000088286	1	mRNA_start_NF	1 (assigned to previous version 4)	NA
ENSMUSG00000039628	8.388	0.037	0.303	0.056	1	17	24753003	24758683	5681	ensembl	transcript	NA	NA	8	ENSMUST00000044922	6	Hs3st6	ensembl	protein_coding	NA	NA	Hs3st6-201	ensembl	protein_coding	NA	NA	basic	1	CCDS28496
ENSMUSG00000095079	654.81	6.188	0.906	0	0	12	113254830	113260236	5407	havana	transcript	NA	NA	4	ENSMUST00000194738	3	Igha	ensembl_havana	IG_C_gene	OTTMUSG00000051445	2	Igha-002	havana	IG_C_gene	OTTMUST00000130060	1	basic	NA (assigned to previous version 2)	NA
ENSMUSG00000036815	98.602	0.004	0.069	0.542	1	1	123321471	124045559	724089	ensembl_havana	transcript	NA	NA	14	ENSMUST00000112606	5	Dpp10	ensembl_havana	protein_coding	OTTMUSG00000020794	3	Dpp10-001	ensembl_havana	protein_coding	OTTMUST00000049175	3	basic	1 (assigned to previous version 4)	CCDS15241
ENSMUSG00000019906	82.538	0	0.065	0.964	1	10	107271843	107425143	153301	ensembl	transcript	NA	NA	12	ENSMUST00000020057	12	Lin7a	ensembl	protein_coding	NA	NA	Lin7a-201	ensembl	protein_coding	NA	NA	basic	1 (assigned to previous version 11)	CCDS24160
ENSMUSG00000031097	14.008	0.004	0.1	0.536	1	7	142441808	142444410	2603	havana	transcript	NA	NA	12	ENSMUST00000105971	5	Tnni2	ensembl_havana	protein_coding	OTTMUSG00000018792	2	Tnni2-001	havana	protein_coding	OTTMUST00000045239	1	basic	2 (assigned to previous version 4)	CCDS40192
ENSMUSG00000033981	786.078	-0.003	0.068	0.554	1	3	80681450	80802835	121386	ensembl_havana	transcript	NA	NA	12	ENSMUST00000075316	7	Gria2	ensembl_havana	protein_coding	OTTMUSG00000051468	1	Gria2-001	ensembl_havana	protein_coding	OTTMUST00000130045	1	basic	1 (assigned to previous version 6)	CCDS17423
ENSMUSG00000085599	11.503	-0.004	0.102	0.517	1	2	34993973	35013446	19474	havana	transcript	NA	NA	1	ENSMUST00000153559	1	Gm13449	havana	antisense	OTTMUSG00000012273	1	Gm13449-001	havana	antisense	OTTMUST00000029211	1	basic	1	NA
ENSMUSG00000102958	10.425	-0.005	0.107	0.461	1	16	91262498	91263298	801	havana	transcript	NA	NA	1	ENSMUST00000195507	1	Gm37016	havana	TEC	OTTMUSG00000047281	1	Gm37016-001	havana	TEC	OTTMUST00000122232	1	basic	5	NA
ENSMUSG00000086503	15745.606	-0.063	0.445	0.038	1	X	103460375	103466667	6293	havana	transcript	NA	NA	3	ENSMUST00000153883	2	Xist	havana	lincRNA	OTTMUSG00000018295	4	Xist-002	havana	lincRNA	OTTMUST00000044202	3	NA	1	NA
ENSMUSG00000106018	3.167	0.001	0.108	0.843	1	3	157000417	157003594	3178	havana	transcript	NA	NA	1	ENSMUST00000198749	1	RP24-176M3.1	havana	TEC	OTTMUSG00000052344	1	RP24-176M3.1-001	havana	TEC	OTTMUST00000131382	1	basic	NA	NA
ENSMUSG00000000982	68.675	0.006	0.106	0.373	1	11	83647844	83649355	1512	ensembl_havana	transcript	NA	NA	5	ENSMUST00000001008	5	Ccl3	ensembl_havana	protein_coding	OTTMUSG00000000991	1	Ccl3-001	ensembl_havana	protein_coding	OTTMUST00000001950	1	basic	1	CCDS36255
ENSMUSG00000027748	23.564	-0.018	0.166	0.092	1	3	54156035	54177842	21808	havana	transcript	NA	NA	9	ENSMUST00000198444	1	Trpc4	ensembl_havana	protein_coding	OTTMUSG00000053764	6	Trpc4-004	havana	processed_transcript	OTTMUST00000133913	1	NA	1	NA
ENSMUSG00000087516	10.836	-0.016	0.181	0.142	1	5	119570130	119574946	4817	havana	transcript	NA	NA	5	ENSMUST00000201466	1	Tbx3os1	havana	antisense	OTTMUSG00000029667	2	Tbx3os1-005	havana	antisense	OTTMUST00000138944	1	NA	NA	NA
ENSMUSG00000040026	8.931	-0.014	0.164	0.155	1	7	46711998	46715676	3679	ensembl	transcript	NA	NA	7	ENSMUST00000006956	7	Saa3	ensembl	protein_coding	NA	NA	Saa3-201	ensembl	protein_coding	NA	NA	basic	1	CCDS21282
ENSMUSG00000027438	464.78	-0.002	0.065	0.69	1	2	148693985	148732467	38483	ensembl_havana	transcript	NA	NA	12	ENSMUST00000028926	10	Napb	ensembl_havana	protein_coding	OTTMUSG00000015716	2	Napb-001	ensembl_havana	protein_coding	OTTMUST00000037337	1	basic	1 (assigned to previous version 9)	CCDS16842
ENSMUSG00000030222	19.626	0.011	0.125	0.175	1	6	137054825	137170497	115673	ensembl_havana	transcript	NA	NA	11	ENSMUST00000032347	8	Rerg	ensembl_havana	protein_coding	OTTMUSG00000027079	1	Rerg-002	ensembl_havana	protein_coding	OTTMUST00000066963	1	basic	1 (assigned to previous version 7)	CCDS20663
ENSMUSG00000078117	12.431	-0.009	0.122	0.237	1	9	8971791	8975773	3983	ensembl	transcript	NA	NA	2	ENSMUST00000104915	2	Gm16485	ensembl	protein_coding	NA	NA	Gm16485-201	ensembl	protein_coding	NA	NA	basic	NA	NA
ENSMUSG00000090291	25.793	0.002	0.075	0.689	1	19	10455371	10457447	2077	ensembl	transcript	NA	NA	2	ENSMUST00000171400	2	Lrrc10b	ensembl	protein_coding	NA	NA	Lrrc10b-201	ensembl	protein_coding	NA	NA	basic	NA	CCDS50389
ENSMUSG00000032511	36.386	0.009	0.105	0.21	1	9	119483408	119562678	79271	ensembl	transcript	NA	NA	15	ENSMUST00000065196	10	Scn5a	ensembl_havana	protein_coding	OTTMUSG00000031832	1	Scn5a-201	ensembl	protein_coding	NA	NA	basic	5 (assigned to previous version 9)	CCDS57715
ENSMUSG00000052581	79.204	-0.001	0.066	0.877	1	6	80018877	80810143	791267	havana	transcript	NA	NA	11	ENSMUST00000147663	5	Lrrtm4	ensembl_havana	protein_coding	OTTMUSG00000034091	1	Lrrtm4-001	havana	protein_coding	OTTMUST00000086178	1	basic	1 (assigned to previous version 4)	CCDS71778
ENSMUSG00000086712	6.525	0.004	0.101	0.57	1	4	53261356	53270232	8877	havana	transcript	NA	NA	2	ENSMUST00000123127	2	AI427809	ensembl_havana	lincRNA	OTTMUSG00000007159	3	AI427809-002	havana	lincRNA	OTTMUST00000016513	2	basic	1	NA
ENSMUSG00000082163	15.851	-0.001	0.087	0.908	1	2	156994173	156994892	720	havana	transcript	NA	NA	2	ENSMUST00000117941	2	Gm14276	havana	processed_pseudogene	OTTMUSG00000016165	2	Gm14276-001	havana	processed_pseudogene	OTTMUST00000038670	2	basic	NA	NA
ENSMUSG00000049741	6.923	0.003	0.102	0.692	1	3	88651898	88653142	1245	ensembl_havana	transcript	NA	NA	4	ENSMUST00000063119	4	Rxfp4	ensembl_havana	protein_coding	OTTMUSG00000044335	1	Rxfp4-001	ensembl_havana	protein_coding	OTTMUST00000116680	1	basic	NA	CCDS17482
ENSMUSG00000067219	7.945	0.05	0.382	0.047	1	5	72647795	72671078	23284	ensembl_havana	transcript	NA	NA	7	ENSMUST00000087212	5	Nipal1	ensembl_havana	protein_coding	OTTMUSG00000054646	2	Nipal1-001	ensembl_havana	protein_coding	OTTMUST00000135475	2	basic	1 (assigned to previous version 4)	CCDS39111
ENSMUSG00000045034	22.062	0.001	0.07	0.924	1	13	92425896	92441658	15763	ensembl_havana	transcript	NA	NA	10	ENSMUST00000061594	10	Ankrd34b	ensembl_havana	protein_coding	OTTMUSG00000036592	1	Ankrd34b-001	ensembl_havana	protein_coding	OTTMUST00000093830	1	basic	1 (assigned to previous version 9)	CCDS26681
ENSMUSG00000095134	55.899	-0.006	0.082	0.348	1	Y	90753057	90763485	10429	havana	transcript	NA	NA	2	ENSMUST00000167967	3	Gm21857	havana	unprocessed_pseudogene	OTTMUSG00000047373	1	Gm21857-001	havana	unprocessed_pseudogene	OTTMUST00000122400	1	basic	NA	NA
ENSMUSG00000088576	16.809	0.002	0.086	0.721	1	17	43961556	43961841	286	ensembl	transcript	NA	NA	1	ENSMUST00000157951	1	Gm24532	ensembl	misc_RNA	NA	NA	Gm24532-201	ensembl	misc_RNA	NA	NA	basic	NA	NA
ENSMUSG00000008489	75.396	-0.005	0.074	0.404	1	4	91250763	91372034	121272	ensembl_havana	transcript	NA	NA	16	ENSMUST00000107110	5	Elavl2	ensembl_havana	protein_coding	OTTMUSG00000007821	6	Elavl2-008	ensembl_havana	protein_coding	OTTMUST00000017818	3	basic	1 (assigned to previous version 4)	CCDS18356
ENSMUSG00000020950	97.698	0.001	0.065	0.884	1	12	49382660	49384364	1705	havana	transcript	NA	NA	10	ENSMUST00000135006	2	Foxg1	ensembl_havana	protein_coding	OTTMUSG00000021132	3	Foxg1-002	havana	processed_transcript	OTTMUST00000050019	2	NA	3	NA
ENSMUSG00000051054	3.54	-0.012	0.187	0.258	1	13	59740842	59744921	4080	havana	transcript	NA	NA	3	ENSMUST00000180139	1	1700014D04Rik	ensembl_havana	protein_coding	OTTMUSG00000042351	1	1700014D04Rik-001	havana	protein_coding	OTTMUST00000111614	1	basic	2	NA
ENSMUSG00000040640	258.288	-0.003	0.066	0.661	1	14	27622442	28478537	856096	ensembl	transcript	NA	NA	9	ENSMUST00000090302	5	Erc2	ensembl	protein_coding	NA	NA	Erc2-201	ensembl	protein_coding	NA	NA	basic	1	CCDS26887
ENSMUSG00000028003	47.174	-0.001	0.078	0.883	1	3	82892579	82903973	11395	ensembl_havana	transcript	NA	NA	6	ENSMUST00000029632	6	Lrat	ensembl_havana	protein_coding	OTTMUSG00000029021	1	Lrat-001	ensembl_havana	protein_coding	OTTMUST00000072001	1	basic	1	CCDS17430
ENSMUSG00000036564	1727.215	0	0.064	0.946	1	8	95676980	95709144	32165	havana	transcript	NA	NA	14	ENSMUST00000160964	5	Ndrg4	ensembl_havana	protein_coding	OTTMUSG00000027408	5	Ndrg4-004	havana	protein_coding	OTTMUST00000067798	3	mRNA_end_NF	5 (assigned to previous version 4)	NA
ENSMUSG00000105526	8.038	-0.001	0.082	0.849	1	5	16107129	16109780	2652	havana	transcript	NA	NA	1	ENSMUST00000197593	1	RP24-220P21.4	havana	TEC	OTTMUSG00000055300	1	RP24-220P21.4-001	havana	TEC	OTTMUST00000136903	1	basic	NA	NA
ENSMUSG00000097072	14.777	-0.038	0.311	0.055	1	9	98949781	98955299	5519	havana	transcript	NA	NA	5	ENSMUST00000181706	5	Foxl2os	havana	processed_transcript	OTTMUSG00000048288	2	Foxl2os-001	havana	lincRNA	OTTMUST00000123907	1	basic	1 (assigned to previous version 4)	NA
ENSMUSG00000031144	1122.241	0.001	0.064	0.874	1	X	7638471	7653256	14786	ensembl_havana	transcript	NA	NA	13	ENSMUST00000069520	8	Syp	ensembl_havana	protein_coding	OTTMUSG00000017756	1	Syp-001	ensembl_havana	protein_coding	OTTMUST00000043002	1	basic	1 (assigned to previous version 7)	CCDS29967
ENSMUSG00000009394	527.963	-0.004	0.067	0.554	1	6	115134902	115282626	147725	ensembl	transcript	NA	NA	11	ENSMUST00000009538	9	Syn2	ensembl	protein_coding	NA	NA	Syn2-201	ensembl	protein_coding	NA	NA	basic	1 (assigned to previous version 8)	CCDS51874
ENSMUSG00000021700	313.621	-0.001	0.065	0.914	1	13	110054187	110280206	226020	ensembl	transcript	NA	NA	9	ENSMUST00000167824	1	Rab3c	ensembl	protein_coding	NA	NA	Rab3c-201	ensembl	protein_coding	NA	NA	basic	1	CCDS26764
ENSMUSG00000045573	110.718	-0.001	0.068	0.908	1	4	4133531	4138477	4947	ensembl_havana	transcript	NA	NA	9	ENSMUST00000070375	7	Penk	ensembl_havana	protein_coding	OTTMUSG00000004406	1	Penk-001	ensembl_havana	protein_coding	OTTMUST00000009988	1	basic	1	CCDS17946
ENSMUSG00000024479	127.54	0	0.065	1	1	15	54571366	54602846	31481	ensembl	transcript	NA	NA	2	ENSMUST00000025356	2	Mal2	ensembl	protein_coding	NA	NA	Mal2-201	ensembl	protein_coding	NA	NA	basic	1	CCDS27470
ENSMUSG00000054976	58.091	-0.005	0.074	0.403	1	1	81076950	81298934	221985	havana	transcript	NA	NA	12	ENSMUST00000137862	5	Nyap2	ensembl_havana	protein_coding	OTTMUSG00000026706	2	Nyap2-003	havana	protein_coding	OTTMUST00000066076	1	basic	1 (assigned to previous version 4)	NA
ENSMUSG00000006435	292.941	0.002	0.065	0.758	1	19	47178820	47259440	80621	ensembl	transcript	NA	NA	13	ENSMUST00000111808	7	Neurl1a	ensembl	protein_coding	NA	NA	Neurl1a-202	ensembl	protein_coding	NA	NA	basic	1 (assigned to previous version 6)	CCDS29890
ENSMUSG00000084235	7.014	0.002	0.105	0.814	1	5	22528321	22528719	399	havana	transcript	NA	NA	2	ENSMUST00000118224	1	Gm15421	havana	transcribed_processed_pseudogene	OTTMUSG00000021442	1	Gm15421-001	havana	transcribed_processed_pseudogene	OTTMUST00000050840	1	basic	NA	NA
ENSMUSG00000031137	87.145	-0.001	0.066	0.801	1	X	59062145	59134436	72292	ensembl_havana	transcript	NA	NA	15	ENSMUST00000033473	9	Fgf13	ensembl_havana	protein_coding	OTTMUSG00000018392	1	Fgf13-001	ensembl_havana	protein_coding	OTTMUST00000044387	1	basic	1 (assigned to previous version 8)	CCDS30157
ENSMUSG00000030518	88.661	0.003	0.07	0.555	1	7	64756113	65156570	400458	ensembl_havana	transcript	NA	NA	15	ENSMUST00000119118	5	Fam189a1	ensembl_havana	protein_coding	OTTMUSG00000031035	8	Fam189a1-001	ensembl_havana	protein_coding	OTTMUST00000076886	4	basic	5 (assigned to previous version 4)	CCDS21336
ENSMUSG00000102902	2.877	0.002	0.117	0.755	1	1	123559383	123562441	3059	havana	transcript	NA	NA	1	ENSMUST00000195879	1	Gm38263	havana	TEC	OTTMUSG00000049229	1	Gm38263-001	havana	TEC	OTTMUST00000125581	1	basic	NA	NA
ENSMUSG00000047485	45.144	0.001	0.068	0.896	1	X	157818435	157820369	1935	ensembl_havana	transcript	NA	NA	6	ENSMUST00000087157	4	Klhl34	ensembl_havana	protein_coding	OTTMUSG00000019404	1	Klhl34-001	ensembl_havana	protein_coding	OTTMUST00000046307	1	basic	NA	CCDS41191
ENSMUSG00000036062	340.218	-0.001	0.064	0.929	1	4	42916660	42937900	21241	havana	transcript	NA	NA	11	ENSMUST00000151824	1	N28178	ensembl_havana	protein_coding	OTTMUSG00000006615	6	N28178-005	havana	processed_transcript	OTTMUST00000015123	1	NA	5	NA
ENSMUSG00000025658	351.616	-0.001	0.065	0.802	1	X	157821436	158043294	221859	ensembl_havana	transcript	NA	NA	14	ENSMUST00000026750	12	Cnksr2	ensembl_havana	protein_coding	OTTMUSG00000019390	1	Cnksr2-001	ensembl_havana	protein_coding	OTTMUST00000046274	1	basic	1 (assigned to previous version 11)	CCDS30501
ENSMUSG00000019992	6.291	-0.009	0.148	0.293	1	10	20347819	20361669	13851	ensembl	transcript	NA	NA	7	ENSMUST00000169712	1	Mtfr2	ensembl	protein_coding	NA	NA	Mtfr2-201	ensembl	protein_coding	NA	NA	basic	1	CCDS48511
ENSMUSG00000023903	9.436	0.005	0.096	0.462	1	17	23629458	23645269	15812	ensembl	transcript	NA	NA	7	ENSMUST00000024696	7	Mmp25	ensembl	protein_coding	NA	NA	Mmp25-201	ensembl	protein_coding	NA	NA	basic	1	CCDS28452
ENSMUSG00000061911	298.181	-0.002	0.065	0.743	1	12	29528384	29923209	394826	ensembl	transcript	NA	NA	12	ENSMUST00000049784	13	Myt1l	ensembl	protein_coding	NA	NA	Myt1l-202	ensembl	protein_coding	NA	NA	basic	1 (assigned to previous version 12)	CCDS49042
ENSMUSG00000063388	13.922	0.023	0.24	0.109	1	18	60441753	60442983	1231	ensembl	transcript	NA	NA	4	ENSMUST00000073997	4	BC023105	ensembl	pseudogene	NA	NA	BC023105-201	ensembl	pseudogene	NA	NA	basic	NA	NA
ENSMUSG00000032500	87.796	0.009	0.099	0.214	1	9	111439081	111489118	50038	ensembl_havana	transcript	NA	NA	10	ENSMUST00000111879	4	Dclk3	ensembl_havana	protein_coding	OTTMUSG00000027483	2	Dclk3-001	ensembl_havana	protein_coding	OTTMUST00000068016	2	basic	1	CCDS23585
ENSMUSG00000075478	166.97	-0.002	0.065	0.745	1	14	108909991	108914239	4249	ensembl	transcript	NA	NA	2	ENSMUST00000100322	2	Slitrk1	ensembl	protein_coding	NA	NA	Slitrk1-201	ensembl	protein_coding	NA	NA	basic	NA	CCDS27325
ENSMUSG00000052479	5.795	0.002	0.093	0.695	1	8	99416642	99424644	8003	ensembl_havana	transcript	NA	NA	5	ENSMUST00000064349	5	A330008L17Rik	ensembl_havana	lincRNA	OTTMUSG00000019499	2	A330008L17Rik-002	ensembl_havana	lincRNA	OTTMUST00000046569	1	basic	1	NA
ENSMUSG00000105663	13.499	-0.01	0.131	0.208	1	5	51855220	51858775	3556	havana	transcript	NA	NA	1	ENSMUST00000195938	1	RP24-296L6.1	havana	TEC	OTTMUSG00000054557	1	RP24-296L6.1-001	havana	TEC	OTTMUST00000135246	1	basic	NA	NA
ENSMUSG00000029055	152.805	0.015	0.133	0.106	1	4	154983115	155010984	27870	ensembl_havana	transcript	NA	NA	15	ENSMUST00000105631	6	Plch2	ensembl_havana	protein_coding	OTTMUSG00000010462	8	Plch2-001	ensembl_havana	protein_coding	OTTMUST00000063644	2	basic	5 (assigned to previous version 5)	CCDS71533
ENSMUSG00000024353	22.6	0.17	0.716	0.009	0.46	18	35647266	35649367	2102	ensembl	transcript	NA	NA	4	ENSMUST00000025211	4	Mzb1	ensembl	protein_coding	NA	NA	Mzb1-201	ensembl	protein_coding	NA	NA	basic	1	CCDS29145
ENSMUSG00000031870	26.169	-0.008	0.1	0.235	1	9	8899833	8968611	68779	ensembl	transcript	NA	NA	14	ENSMUST00000189181	4	Pgr	ensembl_havana	protein_coding	OTTMUSG00000022998	5	Pgr-201	ensembl	protein_coding	NA	NA	basic	1 (assigned to previous version 3)	CCDS22816
ENSMUSG00000104851	26.646	-0.003	0.079	0.585	1	5	44736337	44738553	2217	havana	transcript	NA	NA	1	ENSMUST00000200395	1	RP24-496C22.5	havana	TEC	OTTMUSG00000053827	1	RP24-496C22.5-001	havana	TEC	OTTMUST00000133967	1	basic	NA	NA
ENSMUSG00000027297	29.356	-0.003	0.073	0.604	1	2	119751320	119758525	7206	havana	transcript	NA	NA	12	ENSMUST00000140224	5	Ltk	ensembl_havana	protein_coding	OTTMUSG00000016528	2	Ltk-003	havana	protein_coding	OTTMUST00000039952	2	basic	1 (assigned to previous version 4)	NA
ENSMUSG00000037771	53.113	-0.002	0.068	0.707	1	2	158610767	158615748	4982	ensembl_havana	transcript	NA	NA	11	ENSMUST00000045738	4	Slc32a1	ensembl_havana	protein_coding	OTTMUSG00000015925	1	Slc32a1-001	ensembl_havana	protein_coding	OTTMUST00000037831	1	basic	1	CCDS38309
ENSMUSG00000105620	13.329	-0.004	0.088	0.549	1	5	49070003	49073462	3460	havana	transcript	NA	NA	1	ENSMUST00000200089	1	RP23-187D22.11	havana	TEC	OTTMUSG00000054422	1	RP23-187D22.11-001	havana	TEC	OTTMUST00000134996	1	basic	NA	NA
ENSMUSG00000057060	26.984	0.003	0.072	0.607	1	8	126298558	126395482	96925	ensembl_havana	transcript	NA	NA	7	ENSMUST00000108759	2	Slc35f3	ensembl_havana	protein_coding	OTTMUSG00000029955	1	Slc35f3-001	ensembl_havana	protein_coding	OTTMUST00000074297	1	basic	1	CCDS40520
ENSMUSG00000021268	3863.01	-0.009	0.088	0.193	1	12	109541001	109545319	4319	havana	transcript	NA	NA	15	ENSMUST00000129245	5	Meg3	ensembl_havana	lincRNA	OTTMUSG00000023027	1	Meg3-005	havana	lincRNA	OTTMUST00000055473	1	NA	1 (assigned to previous version 4)	NA
ENSMUSG00000056553	273.92	-0.002	0.065	0.758	1	12	116485720	116773330	287611	havana	transcript	NA	NA	12	ENSMUST00000185505	4	Ptprn2	ensembl_havana	protein_coding	OTTMUSG00000048735	4	Ptprn2-003	havana	processed_transcript	OTTMUST00000124843	1	NA	1 (assigned to previous version 3)	NA
ENSMUSG00000102241	8.028	-0.004	0.106	0.562	1	7	100458460	100459406	947	havana	transcript	NA	NA	1	ENSMUST00000193553	1	Gm37716	havana	TEC	OTTMUSG00000044656	1	Gm37716-001	havana	TEC	OTTMUST00000117473	1	basic	NA	NA
ENSMUSG00000070880	209.864	-0.001	0.064	0.812	1	2	70553072	70567233	14162	havana	transcript	NA	NA	8	ENSMUST00000130618	5	Gad1	ensembl_havana	protein_coding	OTTMUSG00000033269	5	Gad1-007	havana	protein_coding	OTTMUST00000083436	1	mRNA_end_NF	3 (assigned to previous version 4)	NA
ENSMUSG00000021301	87.654	0	0.065	1	1	13	14226438	14523226	296789	ensembl	transcript	NA	NA	8	ENSMUST00000110516	2	Hecw1	ensembl	protein_coding	NA	NA	Hecw1-201	ensembl	protein_coding	NA	NA	basic	5	CCDS49207
ENSMUSG00000044703	8.798	0.017	0.199	0.148	1	14	59276913	59297522	20610	ensembl_havana	transcript	NA	NA	5	ENSMUST00000062307	4	Phf11a	ensembl_havana	protein_coding	OTTMUSG00000021013	1	Phf11a-001	ensembl_havana	protein_coding	OTTMUST00000049673	1	basic	1	CCDS27169
ENSMUSG00000033578	67.069	-0.001	0.066	0.856	1	X	134295225	134305969	10745	ensembl_havana	transcript	NA	NA	7	ENSMUST00000037687	7	Tmem35	ensembl_havana	protein_coding	OTTMUSG00000019227	1	Tmem35-001	ensembl_havana	protein_coding	OTTMUST00000046038	1	basic	1	CCDS30392
ENSMUSG00000033060	300.951	-0.001	0.064	0.823	1	14	101729957	101934710	204754	ensembl_havana	transcript	NA	NA	13	ENSMUST00000100337	7	Lmo7	ensembl_havana	protein_coding	OTTMUSG00000034688	1	Lmo7-001	ensembl_havana	protein_coding	OTTMUST00000088062	1	basic	1 (assigned to previous version 6)	CCDS37001
ENSMUSG00000028039	39.679	0.008	0.097	0.228	1	3	89313899	89322965	9067	ensembl_havana	transcript	NA	NA	9	ENSMUST00000029673	7	Efna3	ensembl_havana	protein_coding	OTTMUSG00000028865	2	Efna3-001	ensembl_havana	protein_coding	OTTMUST00000071486	1	basic	1 (assigned to previous version 6)	CCDS38488
ENSMUSG00000028836	6.401	-0.002	0.092	0.711	1	4	134343181	134352677	9497	havana	transcript	NA	NA	12	ENSMUST00000105873	5	Slc30a2	ensembl_havana	protein_coding	OTTMUSG00000010829	1	Slc30a2-004	havana	protein_coding	OTTMUST00000025325	1	basic	5 (assigned to previous version 4)	NA
ENSMUSG00000029361	122.176	0	0.065	0.977	1	5	117781032	117867456	86425	havana	transcript	NA	NA	16	ENSMUST00000138579	2	Nos1	ensembl_havana	protein_coding	OTTMUSG00000016286	2	Nos1-005	havana	protein_coding	OTTMUST00000039112	2	mRNA_end_NF	2	NA
ENSMUSG00000023473	185.091	-0.001	0.066	0.887	1	9	108826320	108852969	26650	ensembl_havana	transcript	NA	NA	9	ENSMUST00000024238	8	Celsr3	ensembl_havana	protein_coding	OTTMUSG00000050676	6	Celsr3-005	ensembl_havana	protein_coding	OTTMUST00000129250	2	basic	1 (assigned to previous version 7)	CCDS23539
ENSMUSG00000034829	26.963	0.017	0.186	0.128	1	8	71560556	71566649	6094	ensembl	transcript	NA	NA	7	ENSMUST00000163659	1	Nxnl1	ensembl	protein_coding	NA	NA	Nxnl1-202	ensembl	protein_coding	NA	NA	basic	2	CCDS40385
ENSMUSG00000000318	11.593	0.004	0.088	0.548	1	11	70156197	70170263	14067	havana	transcript	NA	NA	14	ENSMUST00000144935	6	Clec10a	ensembl_havana	protein_coding	OTTMUSG00000006033	4	Clec10a-004	havana	protein_coding	OTTMUST00000111481	1	mRNA_end_NF	5 (assigned to previous version 5)	NA
ENSMUSG00000032338	10.911	-0.002	0.081	0.781	1	9	58823512	58860955	37444	ensembl	transcript	NA	NA	8	ENSMUST00000034889	8	Hcn4	ensembl	protein_coding	NA	NA	Hcn4-201	ensembl	protein_coding	NA	NA	basic	1	CCDS52815
ENSMUSG00000032053	21.874	0.939	1.647	0.001	0.127	9	51213690	51240079	26390	ensembl	transcript	NA	NA	7	ENSMUST00000034554	7	Pou2af1	ensembl	protein_coding	NA	NA	Pou2af1-201	ensembl	protein_coding	NA	NA	basic	1	CCDS23176
ENSMUSG00000105971	21.113	-0.005	0.095	0.431	1	3	53112166	53112989	824	havana	transcript	NA	NA	1	ENSMUST00000198488	1	RP23-372C7.8	havana	TEC	OTTMUSG00000053922	2	RP23-372C7.8-001	havana	TEC	OTTMUST00000134124	2	basic	NA	NA
ENSMUSG00000035277	15.628	-0.005	0.094	0.433	1	X	93286445	93288382	1938	havana	transcript	NA	NA	13	ENSMUST00000187010	1	Arx	ensembl_havana	protein_coding	OTTMUSG00000017972	4	Arx-003	havana	retained_intron	OTTMUST00000120199	1	NA	NA	NA
ENSMUSG00000042604	48.763	-0.001	0.069	0.803	1	2	107290639	107298502	7864	ensembl_havana	transcript	NA	NA	5	ENSMUST00000037012	2	Kcna4	ensembl_havana	protein_coding	OTTMUSG00000015041	2	Kcna4-001	ensembl_havana	protein_coding	OTTMUST00000035721	1	basic	1	CCDS16505
ENSMUSG00000033615	422.441	0.002	0.066	0.682	1	5	108518554	108550024	31471	ensembl_havana	transcript	NA	NA	9	ENSMUST00000046892	9	Cplx1	ensembl_havana	protein_coding	OTTMUSG00000028893	1	Cplx1-001	ensembl_havana	protein_coding	OTTMUST00000071597	1	basic	1	CCDS39206
ENSMUSG00000064339	3156.845	0.188	0.695	0.006	0.424	MT	1094	2675	1582	insdc	transcript	NA	NA	1	ENSMUST00000082390	1	mt-Rnr2	insdc	Mt_rRNA	NA	NA	mt-Rnr2-201	insdc	Mt_rRNA	NA	NA	basic	NA	NA
ENSMUSG00000038128	189.229	-0.002	0.066	0.709	1	18	32939041	33195767	256727	ensembl	transcript	NA	NA	6	ENSMUST00000042868	4	Camk4	ensembl	protein_coding	NA	NA	Camk4-201	ensembl	protein_coding	NA	NA	basic	1	CCDS29122
ENSMUSG00000035270	41.432	0.016	0.165	0.117	1	16	56204313	56271160	66848	havana	transcript	NA	NA	13	ENSMUST00000160116	5	Impg2	ensembl_havana	protein_coding	OTTMUSG00000032947	1	Impg2-002	havana	protein_coding	OTTMUST00000082142	1	basic	1 (assigned to previous version 4)	NA
ENSMUSG00000034917	22.047	0.002	0.082	0.669	1	10	81273207	81291267	18061	ensembl	transcript	NA	NA	7	ENSMUST00000045744	6	Tjp3	ensembl	protein_coding	NA	NA	Tjp3-201	ensembl	protein_coding	NA	NA	basic	1	CCDS24051
ENSMUSG00000097532	15.312	-0.009	0.135	0.253	1	3	95427671	95431087	3417	havana	transcript	NA	NA	1	ENSMUST00000181809	1	Gm4349	havana	lincRNA	OTTMUSG00000053086	1	Gm4349-001	havana	lincRNA	OTTMUST00000132762	1	basic	1	NA
ENSMUSG00000063239	42.807	0.006	0.083	0.338	1	17	27422387	27503304	80918	ensembl_havana	transcript	NA	NA	14	ENSMUST00000118489	5	Grm4	ensembl_havana	protein_coding	OTTMUSG00000028925	2	Grm4-001	ensembl_havana	protein_coding	OTTMUST00000071685	2	basic	1 (assigned to previous version 4)	CCDS28563
ENSMUSG00000030729	360.02	-0.003	0.066	0.646	1	7	100227394	100275358	47965	ensembl_havana	transcript	NA	NA	14	ENSMUST00000084935	7	Pgm2l1	ensembl_havana	protein_coding	OTTMUSG00000032728	1	Pgm2l1-001	ensembl_havana	protein_coding	OTTMUST00000081426	1	basic	1 (assigned to previous version 6)	CCDS40035
ENSMUSG00000067028	17.591	0.002	0.077	0.708	1	1	99772765	100484849	712085	ensembl_havana	transcript	NA	NA	9	ENSMUST00000086738	7	Cntnap5b	ensembl_havana	protein_coding	OTTMUSG00000048875	1	Cntnap5b-001	ensembl_havana	protein_coding	OTTMUST00000124972	1	basic	2 (assigned to previous version 6)	CCDS35682
ENSMUSG00000097497	7.333	-0.017	0.201	0.149	1	X	19224789	19225263	475	havana	transcript	NA	NA	1	ENSMUST00000181672	1	Gm26652	havana	lincRNA	OTTMUSG00000042945	1	Gm26652-001	havana	lincRNA	OTTMUST00000112778	1	basic	NA	NA
ENSMUSG00000044067	69.495	-0.005	0.074	0.4	1	12	31706867	31713926	7060	ensembl_havana	transcript	NA	NA	6	ENSMUST00000057783	4	Gpr22	ensembl_havana	protein_coding	OTTMUSG00000022806	3	Gpr22-001	ensembl_havana	protein_coding	OTTMUST00000054817	3	basic	1	CCDS25866
ENSMUSG00000025867	1749.689	0.003	0.068	0.586	1	13	54371349	54383917	12569	ensembl_havana	transcript	NA	NA	8	ENSMUST00000026985	8	Cplx2	ensembl_havana	protein_coding	OTTMUSG00000032656	3	Cplx2-001	ensembl_havana	protein_coding	OTTMUST00000081233	3	basic	2	CCDS36667
ENSMUSG00000097444	5.005	-0.008	0.143	0.353	1	X	10707176	10717242	10067	ensembl	transcript	NA	NA	1	ENSMUST00000180511	1	Gm10489	ensembl	lincRNA	NA	NA	Gm10489-201	ensembl	lincRNA	NA	NA	basic	2	NA
ENSMUSG00000019828	59.069	0.005	0.075	0.429	1	10	10686059	11082356	396298	ensembl_havana	transcript	NA	NA	11	ENSMUST00000044306	10	Grm1	ensembl_havana	protein_coding	OTTMUSG00000016273	3	Grm1-002	ensembl_havana	protein_coding	OTTMUST00000039039	2	basic	1 (assigned to previous version 9)	CCDS23696
ENSMUSG00000038692	7.993	0.002	0.099	0.8	1	11	96318267	96321638	3372	ensembl_havana	transcript	NA	NA	8	ENSMUST00000049241	8	Hoxb4	ensembl_havana	protein_coding	OTTMUSG00000001777	3	Hoxb4-001	ensembl_havana	protein_coding	OTTMUST00000003562	3	basic	1	CCDS25297
ENSMUSG00000005892	14.002	-0.003	0.092	0.654	1	6	92242061	92244650	2590	ensembl_havana	transcript	NA	NA	4	ENSMUST00000006046	4	Trh	ensembl_havana	protein_coding	OTTMUSG00000024415	1	Trh-001	ensembl_havana	protein_coding	OTTMUST00000059849	1	basic	1	CCDS20375
ENSMUSG00000049281	151.271	0	0.065	0.997	1	9	40269216	40291617	22402	ensembl	transcript	NA	NA	13	ENSMUST00000114956	7	Scn3b	ensembl_havana	protein_coding	OTTMUSG00000016755	3	Scn3b-201	ensembl	protein_coding	NA	NA	basic	1 (assigned to previous version 6)	CCDS23080
ENSMUSG00000040972	115.355	0.002	0.066	0.728	1	4	140026846	140246784	219939	ensembl_havana	transcript	NA	NA	8	ENSMUST00000039331	8	Igsf21	ensembl_havana	protein_coding	OTTMUSG00000010057	1	Igsf21-001	ensembl_havana	protein_coding	OTTMUST00000023387	1	basic	1	CCDS18851
ENSMUSG00000098318	4.837	0.006	0.124	0.442	1	6	134929092	134951577	22486	havana	transcript	NA	NA	5	ENSMUST00000183867	5	1190002F15Rik	havana	lincRNA	OTTMUSG00000044949	1	1190002F15Rik-001	havana	lincRNA	OTTMUST00000118132	1	NA	1 (assigned to previous version 4)	NA
ENSMUSG00000103301	9.219	-0.009	0.149	0.29	1	12	86069173	86069779	607	havana	transcript	NA	NA	1	ENSMUST00000192206	1	Gm37804	havana	TEC	OTTMUSG00000047416	1	Gm37804-001	havana	TEC	OTTMUST00000122459	1	basic	5	NA
ENSMUSG00000059456	807.67	0	0.064	0.982	1	14	66153257	66281052	127796	havana	transcript	NA	NA	11	ENSMUST00000022622	11	Ptk2b	ensembl_havana	protein_coding	OTTMUSG00000016348	2	Ptk2b-002	havana	protein_coding	OTTMUST00000039303	2	basic	5 (assigned to previous version 10)	CCDS49526
ENSMUSG00000107148	8.431	-0.003	0.097	0.632	1	5	69311707	69316067	4361	havana	transcript	NA	NA	1	ENSMUST00000202425	1	RP23-114M24.1	havana	TEC	OTTMUSG00000055862	1	RP23-114M24.1-001	havana	TEC	OTTMUST00000138215	1	basic	NA	NA
ENSMUSG00000025221	44.836	0	0.068	0.927	1	19	45791839	45794299	2461	havana	transcript	NA	NA	13	ENSMUST00000159210	6	Kcnip2	ensembl_havana	protein_coding	OTTMUSG00000035101	7	Kcnip2-009	havana	protein_coding	OTTMUST00000089300	2	mRNA_start_NF	3 (assigned to previous version 5)	NA
ENSMUSG00000051111	108.424	0.002	0.068	0.712	1	13	95954594	96132577	177984	ensembl_havana	transcript	NA	NA	13	ENSMUST00000161263	5	Sv2c	ensembl_havana	protein_coding	OTTMUSG00000035052	3	Sv2c-001	ensembl_havana	protein_coding	OTTMUST00000089156	2	basic	5 (assigned to previous version 4)	CCDS49333
ENSMUSG00000007021	122.527	0.003	0.067	0.649	1	17	24685092	24689955	4864	ensembl_havana	transcript	NA	NA	4	ENSMUST00000007236	4	Syngr3	ensembl_havana	protein_coding	OTTMUSG00000028128	1	Syngr3-001	ensembl_havana	protein_coding	OTTMUST00000069658	1	basic	1	CCDS28491
ENSMUSG00000030854	150.222	-0.003	0.07	0.594	1	7	47077798	47132717	54920	ensembl_havana	transcript	NA	NA	13	ENSMUST00000033142	9	Ptpn5	ensembl_havana	protein_coding	OTTMUSG00000016469	1	Ptpn5-001	ensembl_havana	protein_coding	OTTMUST00000039688	1	basic	1 (assigned to previous version 8)	CCDS21294
ENSMUSG00000036760	17.108	-0.04	0.305	0.046	1	15	72512119	72546279	34161	ensembl	transcript	NA	NA	6	ENSMUST00000044624	6	Kcnk9	ensembl	protein_coding	NA	NA	Kcnk9-201	ensembl	protein_coding	NA	NA	basic	1	CCDS27515
ENSMUSG00000085816	7.192	0.002	0.106	0.778	1	4	142307765	142346475	38711	havana	transcript	NA	NA	1	ENSMUST00000125582	1	Gm13052	havana	lincRNA	OTTMUSG00000010180	1	Gm13052-001	havana	lincRNA	OTTMUST00000023664	1	basic	5	NA
ENSMUSG00000021852	18.465	0	0.075	0.928	1	14	49298519	49525865	227347	havana	transcript	NA	NA	11	ENSMUST00000138884	5	Slc35f4	ensembl_havana	protein_coding	OTTMUSG00000032891	2	Slc35f4-002	havana	protein_coding	OTTMUST00000081957	1	basic	1 (assigned to previous version 4)	NA
ENSMUSG00000055567	466.72	0	0.064	0.976	1	1	66468367	66699866	231500	ensembl_havana	transcript	NA	NA	14	ENSMUST00000061620	13	Unc80	ensembl_havana	protein_coding	OTTMUSG00000026091	6	Unc80-001	ensembl_havana	protein_coding	OTTMUST00000103888	1	basic	1 (assigned to previous version 12)	CCDS48283
ENSMUSG00000037126	278.798	0.004	0.07	0.471	1	19	46312087	46327156	15070	ensembl	transcript	NA	NA	13	ENSMUST00000096029	9	Psd	ensembl	protein_coding	NA	NA	Psd-202	ensembl	protein_coding	NA	NA	basic	5 (assigned to previous version 8)	NA
ENSMUSG00000004933	156.226	-0.004	0.069	0.491	1	10	81252935	81262985	10051	havana	transcript	NA	NA	15	ENSMUST00000119547	5	Matk	ensembl_havana	protein_coding	OTTMUSG00000030346	3	Matk-001	havana	protein_coding	OTTMUST00000075178	1	basic	1 (assigned to previous version 4)	CCDS70078
ENSMUSG00000021730	68.606	0.006	0.082	0.353	1	13	117602480	117976802	374323	ensembl_havana	transcript	NA	NA	7	ENSMUST00000006991	7	Hcn1	ensembl_havana	protein_coding	OTTMUSG00000035649	1	Hcn1-001	ensembl_havana	protein_coding	OTTMUST00000091246	1	basic	1	CCDS26793
ENSMUSG00000032495	24.653	0.073	0.405	0.017	0.669	9	110951545	110984066	32522	ensembl_havana	transcript	NA	NA	6	ENSMUST00000035076	6	Lrrc2	ensembl_havana	protein_coding	OTTMUSG00000052500	1	Lrrc2-001	ensembl_havana	protein_coding	OTTMUST00000131654	1	basic	1 (assigned to previous version 5)	CCDS23580
ENSMUSG00000059187	42.905	-0.001	0.068	0.86	1	6	96113154	96657198	544045	havana	transcript	NA	NA	10	ENSMUST00000122120	5	Fam19a1	ensembl_havana	protein_coding	OTTMUSG00000029712	1	Fam19a1-001	havana	protein_coding	OTTMUST00000073716	1	basic	1 (assigned to previous version 4)	CCDS39574
ENSMUSG00000027584	43.171	-0.006	0.083	0.326	1	2	181715016	181720985	5970	ensembl_havana	transcript	NA	NA	14	ENSMUST00000071585	7	Oprl1	ensembl_havana	protein_coding	OTTMUSG00000016806	3	Oprl1-001	ensembl_havana	protein_coding	OTTMUST00000040810	1	basic	1 (assigned to previous version 6)	CCDS17222
ENSMUSG00000079157	127.477	0.003	0.068	0.57	1	8	9206001	9771018	565018	ensembl	transcript	NA	NA	3	ENSMUST00000110969	3	Fam155a	ensembl	protein_coding	NA	NA	Fam155a-201	ensembl	protein_coding	NA	NA	basic	1	CCDS40216
ENSMUSG00000016179	12.534	-0.009	0.122	0.231	1	1	193346346	193370225	23880	havana	transcript	NA	NA	9	ENSMUST00000169907	5	Camk1g	ensembl_havana	protein_coding	OTTMUSG00000035816	2	Camk1g-002	havana	protein_coding	OTTMUST00000091732	1	basic	5 (assigned to previous version 4)	NA
ENSMUSG00000036095	276.566	-0.003	0.066	0.613	1	12	37880705	38633410	752706	ensembl	transcript	NA	NA	10	ENSMUST00000040500	7	Dgkb	ensembl	protein_coding	NA	NA	Dgkb-201	ensembl	protein_coding	NA	NA	basic	1	CCDS25889
ENSMUSG00000102992	12.217	-0.014	0.167	0.156	1	2	11227297	11229863	2567	havana	transcript	NA	NA	1	ENSMUST00000192244	1	Gm37766	havana	TEC	OTTMUSG00000050949	1	Gm37766-001	havana	TEC	OTTMUST00000129156	1	basic	NA	NA
ENSMUSG00000035681	80.266	-0.001	0.065	0.823	1	10	112271123	112466304	195182	ensembl	transcript	NA	NA	6	ENSMUST00000092175	2	Kcnc2	ensembl	protein_coding	NA	NA	Kcnc2-201	ensembl	protein_coding	NA	NA	basic	1	CCDS24173
ENSMUSG00000027568	5.663	-0.004	0.104	0.56	1	2	180499976	180544980	45005	ensembl_havana	transcript	NA	NA	7	ENSMUST00000029084	6	Ntsr1	ensembl_havana	protein_coding	OTTMUSG00000016330	3	Ntsr1-001	ensembl_havana	protein_coding	OTTMUST00000039236	1	basic	1 (assigned to previous version 5)	CCDS17177
ENSMUSG00000102257	12.056	-0.03	0.275	0.074	1	9	103541303	103543534	2232	havana	transcript	NA	NA	1	ENSMUST00000192079	1	Gm37649	havana	TEC	OTTMUSG00000048462	1	Gm37649-001	havana	TEC	OTTMUST00000124220	1	basic	NA	NA
ENSMUSG00000097545	306.386	0.008	0.094	0.236	1	14	64587331	64588112	782	havana	transcript	NA	NA	5	ENSMUST00000185812	1	Mir124a-1hg	havana	lincRNA	OTTMUSG00000047098	1	Mir124a-1hg-004	havana	lincRNA	OTTMUST00000121904	1	NA	3	NA
ENSMUSG00000038917	11.573	-0.005	0.11	0.44	1	8	10924427	10928457	4031	ensembl_havana	transcript	NA	NA	3	ENSMUST00000040608	3	3930402G23Rik	ensembl_havana	lincRNA	OTTMUSG00000047674	1	3930402G23Rik-001	ensembl_havana	lincRNA	OTTMUST00000122865	1	basic	2	NA
ENSMUSG00000079550	59.506	0.01	0.115	0.188	1	1	59120935	59158668	37734	havana	transcript	NA	NA	7	ENSMUST00000191200	4	Mpp4	ensembl_havana	protein_coding	OTTMUSG00000047223	1	Mpp4-006	havana	protein_coding	OTTMUST00000122108	1	basic	1 (assigned to previous version 3)	NA
ENSMUSG00000063142	336.964	0	0.064	0.952	1	14	23289431	23803304	513874	ensembl	transcript	NA	NA	11	ENSMUST00000172099	6	Kcnma1	ensembl_havana	protein_coding	OTTMUSG00000045153	2	Kcnma1-206	ensembl	protein_coding	NA	NA	basic	5 (assigned to previous version 5)	NA
ENSMUSG00000103596	14.984	-0.007	0.111	0.306	1	1	33922455	33924838	2384	havana	transcript	NA	NA	1	ENSMUST00000193333	1	Gm37354	havana	TEC	OTTMUSG00000049092	1	Gm37354-001	havana	TEC	OTTMUST00000125360	1	basic	NA	NA
ENSMUSG00000073008	4.974	-0.001	0.099	0.898	1	X	107255878	107296172	40295	ensembl_havana	transcript	NA	NA	9	ENSMUST00000101294	6	Gpr174	ensembl_havana	protein_coding	OTTMUSG00000018153	1	Gpr174-001	ensembl_havana	protein_coding	OTTMUST00000043852	1	basic	1 (assigned to previous version 5)	CCDS30348
ENSMUSG00000030226	357.54	0	0.065	0.991	1	6	138362918	138581968	219051	ensembl_havana	transcript	NA	NA	10	ENSMUST00000162772	5	Lmo3	ensembl_havana	protein_coding	OTTMUSG00000034595	3	Lmo3-001	ensembl_havana	protein_coding	OTTMUST00000087761	2	basic	1 (assigned to previous version 4)	CCDS20669
ENSMUSG00000102508	8.671	0.002	0.086	0.707	1	1	158534807	158537408	2602	havana	transcript	NA	NA	1	ENSMUST00000191771	1	Gm37367	havana	TEC	OTTMUSG00000050034	1	Gm37367-001	havana	TEC	OTTMUST00000127296	1	basic	NA	NA
ENSMUSG00000002068	23.29	0	0.069	0.927	1	7	38097984	38107534	9551	ensembl_havana	transcript	NA	NA	14	ENSMUST00000108023	7	Ccne1	ensembl_havana	protein_coding	OTTMUSG00000022262	1	Ccne1-001	ensembl_havana	protein_coding	OTTMUST00000053001	1	basic	1 (assigned to previous version 6)	CCDS39914
ENSMUSG00000047692	8.142	0.007	0.13	0.359	1	10	70868669	70934324	65656	ensembl	transcript	NA	NA	5	ENSMUST00000058942	5	4930533K18Rik	ensembl	protein_coding	NA	NA	4930533K18Rik-201	ensembl	protein_coding	NA	NA	basic	5	NA
ENSMUSG00000071753	41.008	-0.019	0.157	0.076	1	X	61116386	61175991	59606	havana	transcript	NA	NA	9	ENSMUST00000144853	5	C230004F18Rik	ensembl_havana	processed_transcript	OTTMUSG00000017618	1	C230004F18Rik-001	havana	processed_transcript	OTTMUST00000042801	1	NA	5 (assigned to previous version 4)	NA
ENSMUSG00000097672	12.401	-0.048	0.375	0.05	1	9	62804478	62808234	3757	ensembl	transcript	NA	NA	1	ENSMUST00000181302	1	Gm26609	ensembl	lincRNA	NA	NA	Gm26609-201	ensembl	lincRNA	NA	NA	basic	5	NA
ENSMUSG00000105542	9.659	-0.003	0.098	0.654	1	5	146199985	146200458	474	havana	transcript	NA	NA	1	ENSMUST00000200027	1	RP23-441I24.4	havana	processed_pseudogene	OTTMUSG00000055144	1	RP23-441I24.4-001	havana	processed_pseudogene	OTTMUST00000136560	1	basic	NA	NA
ENSMUSG00000103613	7.152	-0.007	0.13	0.367	1	1	185243713	185247889	4177	havana	transcript	NA	NA	1	ENSMUST00000193245	1	Gm34882	havana	antisense	OTTMUSG00000050677	1	Gm34882-001	havana	antisense	OTTMUST00000128477	1	basic	5	NA
ENSMUSG00000105461	7.097	-0.008	0.139	0.318	1	14	52368918	52369688	771	havana	transcript	NA	NA	1	ENSMUST00000200261	1	RP24-461L18.3	havana	processed_pseudogene	OTTMUSG00000053558	1	RP24-461L18.3-001	havana	processed_pseudogene	OTTMUST00000133532	1	basic	NA	NA
ENSMUSG00000074968	78.558	0.002	0.067	0.763	1	2	110655201	110950923	295723	ensembl_havana	transcript	NA	NA	9	ENSMUST00000099623	7	Ano3	ensembl_havana	protein_coding	OTTMUSG00000015134	5	Ano3-002	ensembl_havana	protein_coding	OTTMUST00000035936	1	basic	5 (assigned to previous version 6)	CCDS50658
ENSMUSG00000019775	88.398	-0.003	0.067	0.643	1	10	5825663	5922386	96724	ensembl_havana	transcript	NA	NA	15	ENSMUST00000131996	5	Rgs17	ensembl_havana	protein_coding	OTTMUSG00000027502	2	Rgs17-002	ensembl_havana	protein_coding	OTTMUST00000068071	1	basic	1 (assigned to previous version 4)	CCDS56685
ENSMUSG00000029304	1315.898	0.006	0.093	0.353	1	5	104435118	104441048	5931	havana	transcript	NA	NA	12	ENSMUST00000086833	10	Spp1	ensembl_havana	protein_coding	OTTMUSG00000024389	1	Spp1-002	havana	protein_coding	OTTMUST00000059774	1	basic	5 (assigned to previous version 9)	CCDS57367
ENSMUSG00000031391	212.348	-0.001	0.064	0.833	1	X	73853778	73869905	16128	havana	transcript	NA	NA	16	ENSMUST00000114430	5	L1cam	ensembl_havana	protein_coding	OTTMUSG00000016517	7	L1cam-008	havana	protein_coding	OTTMUST00000044429	1	basic	5 (assigned to previous version 4)	NA
ENSMUSG00000060924	265.33	-0.005	0.071	0.419	1	8	15892537	17535281	1642745	ensembl_havana	transcript	NA	NA	12	ENSMUST00000082104	6	Csmd1	ensembl_havana	protein_coding	OTTMUSG00000033994	2	Csmd1-001	ensembl_havana	protein_coding	OTTMUST00000085800	2	basic	1	CCDS40244
ENSMUSG00000104708	8.04	-0.012	0.167	0.213	1	5	143770040	143773745	3706	havana	transcript	NA	NA	1	ENSMUST00000199080	1	RP23-151C5.3	havana	TEC	OTTMUSG00000054925	1	RP23-151C5.3-001	havana	TEC	OTTMUST00000136110	1	basic	NA	NA
ENSMUSG00000048758	731.074	0.099	0.458	0.01	0.468	9	106429454	106431568	2115	havana	transcript	NA	NA	11	ENSMUST00000150576	5	Rpl29	ensembl_havana	protein_coding	OTTMUSG00000033747	2	Rpl29-001	havana	protein_coding	OTTMUST00000085045	1	basic	1 (assigned to previous version 4)	CCDS23476
ENSMUSG00000058925	11.272	-0.004	0.095	0.564	1	18	57533780	57731065	197286	ensembl_havana	transcript	NA	NA	9	ENSMUST00000079738	7	1700011I03Rik	ensembl_havana	protein_coding	OTTMUSG00000033166	3	1700011I03Rik-001	ensembl_havana	protein_coding	OTTMUST00000082951	1	basic	1 (assigned to previous version 6)	CCDS50295
ENSMUSG00000085201	2.723	0.006	0.14	0.51	1	2	38823257	38838600	15344	havana	transcript	NA	NA	1	ENSMUST00000129089	1	Nr6a1os	havana	antisense	OTTMUSG00000012469	2	Nr6a1os-002	havana	antisense	OTTMUST00000029641	2	basic	2	NA
ENSMUSG00000048895	391.754	-0.001	0.064	0.858	1	11	80477023	80481184	4162	ensembl_havana	transcript	NA	NA	13	ENSMUST00000053413	11	Cdk5r1	ensembl_havana	protein_coding	OTTMUSG00000000218	1	Cdk5r1-001	ensembl_havana	protein_coding	OTTMUST00000000641	1	basic	NA	CCDS25134
ENSMUSG00000027221	405.461	0	0.064	0.999	1	2	92599707	92615250	15544	ensembl_havana	transcript	NA	NA	5	ENSMUST00000065797	6	Chst1	ensembl_havana	protein_coding	OTTMUSG00000014572	1	Chst1-001	ensembl_havana	protein_coding	OTTMUST00000034542	1	basic	1	CCDS16450
ENSMUSG00000064147	8.449	-0.001	0.084	0.842	1	17	29135056	29148980	13925	ensembl_havana	transcript	NA	NA	6	ENSMUST00000087942	4	Rab44	ensembl_havana	protein_coding	OTTMUSG00000031657	1	Rab44-001	ensembl_havana	protein_coding	OTTMUST00000078430	1	basic	1	CCDS37535
ENSMUSG00000105708	6.389	0.031	0.292	0.08	1	3	94356507	94360842	4336	havana	transcript	NA	NA	1	ENSMUST00000200467	1	RP23-148G12.3	havana	processed_transcript	OTTMUSG00000052037	1	RP23-148G12.3-001	havana	lincRNA	OTTMUST00000130868	1	basic	1	NA
ENSMUSG00000064330	13.705	0.004	0.094	0.548	1	6	136954523	136968865	14343	ensembl_havana	transcript	NA	NA	7	ENSMUST00000137768	1	Pde6h	ensembl_havana	protein_coding	OTTMUSG00000023391	1	Pde6h-001	ensembl_havana	protein_coding	OTTMUST00000056777	1	basic	1	CCDS39686
ENSMUSG00000046167	148.315	0.003	0.084	0.605	1	9	54286486	54341786	55301	ensembl_havana	transcript	NA	NA	5	ENSMUST00000056740	5	Gldn	ensembl_havana	protein_coding	OTTMUSG00000027380	1	Gldn-001	ensembl_havana	protein_coding	OTTMUST00000067717	1	basic	1	CCDS23189
ENSMUSG00000004031	162.503	-0.005	0.071	0.429	1	1	158245269	158356229	110961	havana	transcript	NA	NA	11	ENSMUST00000195271	2	Brinp2	ensembl_havana	protein_coding	OTTMUSG00000049880	1	Brinp2-003	havana	nonsense_mediated_decay	OTTMUST00000127005	1	NA	2 (assigned to previous version 1)	NA
ENSMUSG00000044641	26.084	0.076	0.437	0.02	0.669	2	168081004	168101203	20200	ensembl_havana	transcript	NA	NA	7	ENSMUST00000052125	6	Pard6b	ensembl_havana	protein_coding	OTTMUSG00000016053	1	Pard6b-001	ensembl_havana	protein_coding	OTTMUST00000038315	1	basic	1	CCDS17108
ENSMUSG00000031409	49.317	-0.001	0.067	0.814	1	X	135208687	135210687	2001	ensembl_havana	transcript	NA	NA	1	ENSMUST00000033783	1	Tceal6	ensembl_havana	protein_coding	OTTMUSG00000018755	1	Tceal6-001	ensembl_havana	protein_coding	OTTMUST00000045115	1	basic	1	CCDS30402
ENSMUSG00000043498	66.04	0.002	0.067	0.675	1	18	89293502	89297229	3728	ensembl	transcript	NA	NA	3	ENSMUST00000059118	3	9330132A10Rik	ensembl	pseudogene	NA	NA	9330132A10Rik-201	ensembl	pseudogene	NA	NA	basic	NA	NA
ENSMUSG00000086495	8.319	-0.005	0.11	0.445	1	2	91044092	91053918	9827	havana	transcript	NA	NA	5	ENSMUST00000146633	5	Gm13778	havana	processed_transcript	OTTMUSG00000014340	1	Gm13778-001	havana	processed_transcript	OTTMUST00000033859	1	basic	1 (assigned to previous version 4)	NA
ENSMUSG00000090118	7.524	-0.003	0.094	0.679	1	8	124831698	124863703	32006	havana	transcript	NA	NA	1	ENSMUST00000161868	1	Gm16163	havana	processed_transcript	OTTMUSG00000031120	1	Gm16163-001	havana	processed_transcript	OTTMUST00000077101	1	basic	1	NA
ENSMUSG00000039372	27.619	-0.014	0.137	0.126	1	1	72427112	72536930	109819	ensembl_havana	transcript	NA	NA	5	ENSMUST00000047786	5	March4	ensembl_havana	protein_coding	OTTMUSG00000026658	1	March4-001	ensembl_havana	protein_coding	OTTMUST00000065971	1	basic	1	CCDS15034
ENSMUSG00000068428	16.131	-0.001	0.084	0.816	1	16	26957236	26989974	32739	ensembl	transcript	NA	NA	6	ENSMUST00000089832	4	Gmnc	ensembl	protein_coding	NA	NA	Gmnc-201	ensembl	protein_coding	NA	NA	basic	1	CCDS37304
ENSMUSG00000017723	5.586	-0.003	0.111	0.667	1	2	164562413	164563550	1138	havana	transcript	NA	NA	9	ENSMUST00000146270	1	Wfdc2	ensembl_havana	protein_coding	OTTMUSG00000001093	2	Wfdc2-002	havana	processed_transcript	OTTMUST00000039121	1	NA	5	NA
ENSMUSG00000003872	28.712	-0.005	0.082	0.372	1	7	45367891	45370583	2693	ensembl_havana	transcript	NA	NA	7	ENSMUST00000003971	7	Lin7b	ensembl_havana	protein_coding	OTTMUSG00000016518	1	Lin7b-001	ensembl_havana	protein_coding	OTTMUST00000039918	1	basic	1	CCDS21239
ENSMUSG00000070304	379.664	0.001	0.064	0.834	1	9	45117876	45130070	12195	ensembl	transcript	NA	NA	9	ENSMUST00000170998	5	Scn2b	ensembl	protein_coding	NA	NA	Scn2b-202	ensembl	protein_coding	NA	NA	basic	1 (assigned to previous version 4)	CCDS40606
ENSMUSG00000022375	7.591	-0.006	0.111	0.382	1	15	66379858	66500910	121053	ensembl_havana	transcript	NA	NA	6	ENSMUST00000023006	6	Lrrc6	ensembl_havana	protein_coding	OTTMUSG00000037898	1	Lrrc6-001	ensembl_havana	protein_coding	OTTMUST00000097713	1	basic	1	CCDS49620
ENSMUSG00000094840	7.808	0.003	0.09	0.579	1	5	137208813	137212148	3336	havana	transcript	NA	NA	3	ENSMUST00000196391	2	Muc3a	ensembl_havana	protein_coding	OTTMUSG00000054459	1	Muc3a-001	havana	protein_coding	OTTMUST00000135053	1	mRNA_start_NF	1 (assigned to previous version 1)	NA
ENSMUSG00000008193	11.44	0.028	0.248	0.066	1	7	44525995	44532071	6077	ensembl	transcript	NA	NA	11	ENSMUST00000098483	6	Spib	ensembl	protein_coding	NA	NA	Spib-202	ensembl	protein_coding	NA	NA	basic	5 (assigned to previous version 5)	NA
ENSMUSG00000024673	4.538	0.015	0.198	0.206	1	19	11249675	11266241	16567	ensembl_havana	transcript	NA	NA	9	ENSMUST00000169159	2	Ms4a1	ensembl_havana	protein_coding	OTTMUSG00000047066	3	Ms4a1-001	ensembl_havana	protein_coding	OTTMUST00000121853	2	basic	1	CCDS37923
ENSMUSG00000084088	3.919	-0.003	0.119	0.682	1	4	127046383	127046602	220	havana	transcript	NA	NA	1	ENSMUST00000117934	1	Gm12941	havana	processed_pseudogene	OTTMUSG00000009330	1	Gm12941-001	havana	processed_pseudogene	OTTMUST00000021210	1	basic	NA	NA
ENSMUSG00000029755	5.34	-0.002	0.099	0.777	1	6	6877805	6882068	4264	havana	transcript	NA	NA	9	ENSMUST00000142635	1	Dlx5	ensembl_havana	protein_coding	OTTMUSG00000021177	3	Dlx5-002	havana	protein_coding	OTTMUST00000050167	3	basic	1	CCDS59691
ENSMUSG00000037541	381.336	0	0.064	0.95	1	7	144001928	144424494	422567	havana	transcript	NA	NA	17	ENSMUST00000105902	5	Shank2	ensembl_havana	protein_coding	OTTMUSG00000016451	2	Shank2-001	havana	protein_coding	OTTMUST00000039639	2	basic	5 (assigned to previous version 4)	NA
ENSMUSG00000024524	388.118	0.003	0.066	0.644	1	18	67088336	67226792	138457	ensembl	transcript	NA	NA	14	ENSMUST00000025402	11	Gnal	ensembl	protein_coding	NA	NA	Gnal-201	ensembl	protein_coding	NA	NA	basic	1 (assigned to previous version 10)	CCDS29317
ENSMUSG00000034799	534.169	-0.001	0.064	0.913	1	8	71624417	71671757	47341	ensembl_havana	transcript	NA	NA	14	ENSMUST00000030170	12	Unc13a	ensembl_havana	protein_coding	OTTMUSG00000040153	3	Unc13a-001	ensembl_havana	protein_coding	OTTMUST00000104357	2	basic	5 (assigned to previous version 11)	CCDS22402
ENSMUSG00000022829	158.34	0.001	0.065	0.846	1	16	37114942	37384923	269982	ensembl_havana	transcript	NA	NA	12	ENSMUST00000114787	5	Stxbp5l	ensembl_havana	protein_coding	OTTMUSG00000024758	6	Stxbp5l-010	ensembl_havana	protein_coding	OTTMUST00000061343	1	basic	5 (assigned to previous version 4)	CCDS28159
ENSMUSG00000082931	9.323	-0.007	0.128	0.351	1	2	38622801	38623264	464	havana	transcript	NA	NA	1	ENSMUST00000121784	1	Gm13586	havana	processed_pseudogene	OTTMUSG00000012860	1	Gm13586-001	havana	processed_pseudogene	OTTMUST00000030838	1	basic	NA	NA
ENSMUSG00000044024	120.785	-0.001	0.065	0.85	1	18	37955079	37958545	3467	havana	transcript	NA	NA	13	ENSMUST00000163128	6	Rell2	ensembl_havana	protein_coding	OTTMUSG00000036303	4	Rell2-004	havana	nonsense_mediated_decay	OTTMUST00000093172	2	NA	5 (assigned to previous version 5)	NA
ENSMUSG00000039717	39.124	-0.002	0.069	0.684	1	3	13946393	14181124	234732	ensembl_havana	transcript	NA	NA	13	ENSMUST00000192209	3	Ralyl	ensembl_havana	protein_coding	OTTMUSG00000051072	2	Ralyl-003	ensembl_havana	protein_coding	OTTMUST00000129459	2	basic	3 (assigned to previous version 2)	CCDS50864
ENSMUSG00000099759	14.89	0	0.079	0.959	1	12	20804381	20815779	11399	havana	transcript	NA	NA	1	ENSMUST00000189625	1	1700030C10Rik	havana	processed_transcript	OTTMUSG00000045191	1	1700030C10Rik-001	havana	processed_transcript	OTTMUST00000118738	1	basic	1	NA
ENSMUSG00000049148	38.151	0	0.068	0.972	1	15	4375491	4520414	144924	havana	transcript	NA	NA	8	ENSMUST00000130332	1	Plcxd3	ensembl_havana	protein_coding	OTTMUSG00000027967	2	Plcxd3-002	havana	nonsense_mediated_decay	OTTMUST00000069287	2	NA	1	NA
ENSMUSG00000034584	11.925	-0.001	0.078	0.855	1	9	53301670	53377514	75845	ensembl_havana	transcript	NA	NA	3	ENSMUST00000051014	1	Exph5	ensembl_havana	protein_coding	OTTMUSG00000031816	1	Exph5-001	ensembl_havana	protein_coding	OTTMUST00000078893	1	basic	1	CCDS23181
ENSMUSG00000087624	5.332	-0.001	0.102	0.936	1	2	167782053	167783486	1434	havana	transcript	NA	NA	1	ENSMUST00000124850	1	9230111E07Rik	havana	lincRNA	OTTMUSG00000016305	1	9230111E07Rik-001	havana	lincRNA	OTTMUST00000039183	1	basic	1	NA
ENSMUSG00000026787	171.935	-0.003	0.069	0.589	1	2	22622205	22693874	71670	ensembl_havana	transcript	NA	NA	3	ENSMUST00000028123	3	Gad2	ensembl_havana	protein_coding	OTTMUSG00000011505	1	Gad2-001	ensembl_havana	protein_coding	OTTMUST00000026891	1	basic	1	CCDS15724
ENSMUSG00000064329	154.795	0.001	0.065	0.862	1	2	66270778	66317946	47169	havana	transcript	NA	NA	11	ENSMUST00000200839	1	Scn1a	ensembl_havana	protein_coding	OTTMUSG00000013102	4	Scn1a-007	havana	nonsense_mediated_decay	OTTMUST00000137595	1	mRNA_start_NF	NA	NA
ENSMUSG00000003469	480.777	0	0.064	0.964	1	14	70457476	70468832	11357	ensembl_havana	transcript	NA	NA	7	ENSMUST00000003561	7	Phyhip	ensembl_havana	protein_coding	OTTMUSG00000034316	1	Phyhip-001	ensembl_havana	protein_coding	OTTMUST00000087313	1	basic	1 (assigned to previous version 6)	CCDS36971
ENSMUSG00000040412	67.368	-0.009	0.099	0.201	1	3	108455694	108536536	80843	havana	transcript	NA	NA	14	ENSMUST00000106625	7	5330417C22Rik	ensembl_havana	protein_coding	OTTMUSG00000007254	3	5330417C22Rik-001	havana	protein_coding	OTTMUST00000016740	3	basic	5 (assigned to previous version 6)	NA
ENSMUSG00000040797	279.852	0	0.064	0.977	1	6	121372933	121473623	100691	havana	transcript	NA	NA	14	ENSMUST00000129815	5	Iqsec3	ensembl_havana	protein_coding	OTTMUSG00000023463	1	Iqsec3-003	havana	nonsense_mediated_decay	OTTMUST00000057051	1	NA	1 (assigned to previous version 4)	NA
ENSMUSG00000083856	3.84	0	0.107	0.999	1	2	104820179	104821361	1183	havana	transcript	NA	NA	1	ENSMUST00000117876	1	Gm13886	havana	processed_pseudogene	OTTMUSG00000014970	1	Gm13886-001	havana	processed_pseudogene	OTTMUST00000035540	1	basic	NA	NA
ENSMUSG00000034472	93.436	0.002	0.069	0.729	1	8	75213944	75224113	10170	ensembl_havana	transcript	NA	NA	11	ENSMUST00000139848	5	Rasd2	ensembl_havana	protein_coding	OTTMUSG00000034050	1	Rasd2-001	ensembl_havana	protein_coding	OTTMUST00000085986	1	basic	1 (assigned to previous version 4)	CCDS52602
ENSMUSG00000045009	52.675	0.001	0.067	0.866	1	6	113494095	113501818	7724	ensembl	transcript	NA	NA	7	ENSMUST00000101059	1	Prrt3	ensembl	protein_coding	NA	NA	Prrt3-201	ensembl	protein_coding	NA	NA	basic	1	CCDS20424
ENSMUSG00000106905	14.866	0.007	0.104	0.292	1	6	127772373	127774650	2278	havana	transcript	NA	NA	1	ENSMUST00000201340	1	RP23-42M8.5	havana	TEC	OTTMUSG00000056364	1	RP23-42M8.5-001	havana	TEC	OTTMUST00000139276	1	basic	NA	NA
ENSMUSG00000034098	36.157	-0.003	0.071	0.563	1	3	76074270	76710019	635750	ensembl_havana	transcript	NA	NA	12	ENSMUST00000038364	12	Fstl5	ensembl_havana	protein_coding	OTTMUSG00000030459	4	Fstl5-001	ensembl_havana	protein_coding	OTTMUST00000075423	2	basic	1 (assigned to previous version 11)	CCDS38455
ENSMUSG00000038026	115.96	-0.003	0.069	0.555	1	1	172320501	172329318	8818	ensembl_havana	transcript	NA	NA	10	ENSMUST00000062387	5	Kcnj9	ensembl_havana	protein_coding	OTTMUSG00000050096	1	Kcnj9-001	ensembl_havana	protein_coding	OTTMUST00000127410	1	basic	1 (assigned to previous version 4)	CCDS35783
ENSMUSG00000043388	213.355	-0.013	0.108	0.118	1	5	144735915	144761649	25735	ensembl_havana	transcript	NA	NA	8	ENSMUST00000061446	7	Tmem130	ensembl_havana	protein_coding	OTTMUSG00000025590	2	Tmem130-001	ensembl_havana	protein_coding	OTTMUST00000062953	1	basic	1	CCDS19851
ENSMUSG00000064337	3998.566	0.086	0.467	0.017	0.669	MT	70	1024	955	insdc	transcript	NA	NA	1	ENSMUST00000082388	1	mt-Rnr1	insdc	Mt_rRNA	NA	NA	mt-Rnr1-201	insdc	Mt_rRNA	NA	NA	basic	NA	NA
ENSMUSG00000027559	22.969	0.003	0.073	0.652	1	3	14863512	14865550	2039	havana	transcript	NA	NA	5	ENSMUST00000195575	1	Car3	ensembl_havana	protein_coding	OTTMUSG00000051086	2	Car3-004	havana	retained_intron	OTTMUST00000131315	1	NA	1	NA
ENSMUSG00000103092	20.244	-0.005	0.087	0.448	1	18	36960440	37187657	227218	havana	transcript	NA	NA	1	ENSMUST00000192168	1	Pcdha5	havana	protein_coding	OTTMUSG00000050592	1	Pcdha5-001	havana	protein_coding	OTTMUST00000128282	1	basic	1	NA
ENSMUSG00000046480	102.374	0.003	0.069	0.597	1	9	45138437	45154152	15716	ensembl_havana	transcript	NA	NA	5	ENSMUST00000060125	5	Scn4b	ensembl_havana	protein_coding	OTTMUSG00000016701	1	Scn4b-001	ensembl_havana	protein_coding	OTTMUST00000040454	1	basic	1	CCDS23130
ENSMUSG00000021613	23.47	0.002	0.073	0.657	1	13	89540636	89611832	71197	ensembl	transcript	NA	NA	8	ENSMUST00000022108	7	Hapln1	ensembl	protein_coding	NA	NA	Hapln1-201	ensembl	protein_coding	NA	NA	basic	1	CCDS26671
ENSMUSG00000014813	9.431	-0.025	0.234	0.08	1	14	69029289	69041401	12113	ensembl	transcript	NA	NA	8	ENSMUST00000014957	8	Stc1	ensembl	protein_coding	NA	NA	Stc1-201	ensembl	protein_coding	NA	NA	basic	1	CCDS27236
ENSMUSG00000021848	24.967	0.005	0.102	0.464	1	14	48657679	48665246	7568	ensembl_havana	transcript	NA	NA	13	ENSMUST00000118578	5	Otx2	ensembl_havana	protein_coding	OTTMUSG00000032534	2	Otx2-001	ensembl_havana	protein_coding	OTTMUST00000080957	1	basic	1 (assigned to previous version 4)	CCDS49473
ENSMUSG00000091002	17.431	0.001	0.072	0.839	1	7	138208974	138397728	188755	ensembl_havana	transcript	NA	NA	2	ENSMUST00000160436	1	Tcerg1l	ensembl_havana	protein_coding	OTTMUSG00000033197	1	Tcerg1l-001	ensembl_havana	protein_coding	OTTMUST00000083104	1	basic	5	CCDS40167
ENSMUSG00000001986	466.534	-0.003	0.068	0.569	1	X	41400854	41613099	212246	havana	transcript	NA	NA	14	ENSMUST00000128197	5	Gria3	ensembl_havana	protein_coding	OTTMUSG00000017323	4	Gria3-005	havana	retained_intron	OTTMUST00000077890	1	NA	2 (assigned to previous version 4)	NA
ENSMUSG00000090293	26.331	0.002	0.083	0.744	1	6	82764282	82767288	3007	havana	transcript	NA	NA	1	ENSMUST00000168990	1	Gm17034	havana	processed_transcript	OTTMUSG00000035992	1	Gm17034-001	havana	processed_transcript	OTTMUST00000092360	1	basic	1	NA
ENSMUSG00000028546	93.765	-0.001	0.065	0.856	1	4	110203722	110287527	83806	havana	transcript	NA	NA	15	ENSMUST00000106598	5	Elavl4	ensembl_havana	protein_coding	OTTMUSG00000008498	2	Elavl4-003	havana	protein_coding	OTTMUST00000019293	1	basic	5 (assigned to previous version 4)	NA
ENSMUSG00000083183	17.945	-0.014	0.159	0.157	1	16	38748729	38750309	1581	havana	transcript	NA	NA	1	ENSMUST00000119414	1	Gm15575	havana	processed_pseudogene	OTTMUSG00000023967	1	Gm15575-001	havana	processed_pseudogene	OTTMUST00000058578	1	basic	NA	NA
ENSMUSG00000029245	209.58	0.007	0.077	0.308	1	5	84054761	84416921	362161	ensembl_havana	transcript	NA	NA	14	ENSMUST00000053733	12	Epha5	ensembl_havana	protein_coding	OTTMUSG00000021427	3	Epha5-001	ensembl_havana	protein_coding	OTTMUST00000050796	2	basic	1 (assigned to previous version 11)	CCDS19376
ENSMUSG00000102359	5.474	-0.002	0.105	0.801	1	1	62247153	62249670	2518	havana	transcript	NA	NA	1	ENSMUST00000195466	1	Gm38351	havana	TEC	OTTMUSG00000047499	1	Gm38351-001	havana	TEC	OTTMUST00000122566	1	basic	NA	NA
ENSMUSG00000083796	30.259	-0.011	0.136	0.184	1	2	24993357	24994343	987	havana	transcript	NA	NA	3	ENSMUST00000119442	1	Gm13369	havana	processed_pseudogene	OTTMUSG00000011614	1	Gm13369-001	havana	processed_pseudogene	OTTMUST00000027150	1	basic	NA	NA
ENSMUSG00000058975	182.43	-0.003	0.066	0.653	1	7	46396497	46433353	36857	ensembl_havana	transcript	NA	NA	6	ENSMUST00000025202	6	Kcnc1	ensembl_havana	protein_coding	OTTMUSG00000034762	1	Kcnc1-001	ensembl_havana	protein_coding	OTTMUST00000088337	1	basic	1	CCDS21278
ENSMUSG00000075316	25.925	-0.022	0.212	0.091	1	2	66480080	66634952	154873	havana	transcript	NA	NA	9	ENSMUST00000100064	6	Scn9a	ensembl_havana	protein_coding	OTTMUSG00000013103	2	Scn9a-001	havana	protein_coding	OTTMUST00000031622	1	basic	1 (assigned to previous version 5)	CCDS71063
ENSMUSG00000035202	5281.197	0.148	0.594	0.007	0.432	9	123366940	123462664	95725	ensembl	transcript	NA	NA	7	ENSMUST00000038863	7	Lars2	ensembl	protein_coding	NA	NA	Lars2-201	ensembl	protein_coding	NA	NA	basic	1	CCDS23659
ENSMUSG00000097929	26.594	-0.005	0.079	0.44	1	12	105336594	105383932	47339	havana	transcript	NA	NA	5	ENSMUST00000180458	5	Tunar	havana	lincRNA	OTTMUSG00000047117	1	Tunar-001	havana	lincRNA	OTTMUST00000121931	1	NA	1 (assigned to previous version 4)	NA
ENSMUSG00000022269	7.962	-0.007	0.112	0.339	1	15	26309048	26312371	3324	havana	transcript	NA	NA	11	ENSMUST00000126304	1	March11	ensembl_havana	protein_coding	OTTMUSG00000032749	2	March11-004	havana	retained_intron	OTTMUST00000081818	1	NA	1	NA
ENSMUSG00000024403	356.005	0.001	0.064	0.84	1	17	35233660	35238767	5108	havana	transcript	NA	NA	14	ENSMUST00000146711	1	Atp6v1g2	ensembl_havana	protein_coding	OTTMUSG00000031451	2	Atp6v1g2-002	havana	retained_intron	OTTMUST00000077936	1	NA	1	NA
ENSMUSG00000025855	763.979	0	0.064	0.975	1	5	139017306	139129759	112454	ensembl_havana	transcript	NA	NA	11	ENSMUST00000026973	11	Prkar1b	ensembl_havana	protein_coding	OTTMUSG00000025121	5	Prkar1b-001	ensembl_havana	protein_coding	OTTMUST00000061796	1	basic	1 (assigned to previous version 10)	CCDS19803
ENSMUSG00000025738	1036.291	0.003	0.066	0.655	1	17	25809085	25821244	12160	ensembl	transcript	NA	NA	7	ENSMUST00000045692	7	Fbxl16	ensembl	protein_coding	NA	NA	Fbxl16-201	ensembl	protein_coding	NA	NA	basic	5	CCDS50036
ENSMUSG00000037492	32.916	0.002	0.07	0.729	1	8	23636019	23902111	266093	havana	transcript	NA	NA	13	ENSMUST00000131410	5	Zmat4	ensembl_havana	protein_coding	OTTMUSG00000030997	1	Zmat4-003	havana	protein_coding	OTTMUST00000076783	1	mRNA_end_NF	3 (assigned to previous version 4)	NA
ENSMUSG00000031138	16.459	0.012	0.161	0.221	1	X	59999464	60030759	31296	ensembl_havana	transcript	NA	NA	4	ENSMUST00000033477	4	F9	ensembl_havana	protein_coding	OTTMUSG00000018393	1	F9-001	ensembl_havana	protein_coding	OTTMUST00000044396	1	basic	1	CCDS30158
ENSMUSG00000097399	12.482	0.005	0.106	0.46	1	13	58281183	58296587	15405	havana	transcript	NA	NA	5	ENSMUST00000180452	5	Gm26555	havana	antisense	OTTMUSG00000046946	1	Gm26555-002	havana	antisense	OTTMUST00000121674	1	basic	1 (assigned to previous version 4)	NA
ENSMUSG00000072688	7.947	0.002	0.092	0.736	1	5	117318497	117319244	748	havana	transcript	NA	NA	2	ENSMUST00000202768	1	Gm10399	ensembl_havana	antisense	OTTMUSG00000056142	1	Gm10399-001	havana	antisense	OTTMUST00000138812	1	basic	NA	NA
ENSMUSG00000073779	10.665	-0.001	0.08	0.813	1	4	107806033	107823022	16990	havana	transcript	NA	NA	5	ENSMUST00000188737	4	Lrp8os2	ensembl_havana	antisense	OTTMUSG00000009007	2	Lrp8os2-003	havana	antisense	OTTMUST00000121856	1	basic	1 (assigned to previous version 3)	NA
ENSMUSG00000086499	9.193	-0.004	0.104	0.584	1	10	127596548	127597870	1323	havana	transcript	NA	NA	1	ENSMUST00000124182	1	Gm16217	havana	antisense	OTTMUSG00000031814	1	Gm16217-001	havana	antisense	OTTMUST00000078879	1	basic	3	NA
ENSMUSG00000050377	16.673	0	0.073	0.938	1	13	112522810	112580662	57853	ensembl	transcript	NA	NA	7	ENSMUST00000051756	6	Il31ra	ensembl	protein_coding	NA	NA	Il31ra-201	ensembl	protein_coding	NA	NA	basic	1	CCDS36781
ENSMUSG00000042425	4.883	0.001	0.094	0.936	1	X	140367494	140393895	26402	havana	transcript	NA	NA	15	ENSMUST00000141660	5	Frmpd3	ensembl_havana	protein_coding	OTTMUSG00000018844	2	Frmpd3-001	havana	protein_coding	OTTMUST00000045347	1	mRNA_end_NF	5 (assigned to previous version 4)	NA
ENSMUSG00000062393	11.159	-0.146	0.687	0.013	0.582	X	6779306	6948362	169057	ensembl	transcript	NA	NA	11	ENSMUST00000067410	11	Dgkk	ensembl_havana	protein_coding	OTTMUSG00000016656	2	Dgkk-201	ensembl	protein_coding	NA	NA	basic	1 (assigned to previous version 10)	NA
ENSMUSG00000104200	9.424	-0.013	0.17	0.185	1	3	51302488	51302903	416	havana	transcript	NA	NA	1	ENSMUST00000195224	1	Gm37399	havana	TEC	OTTMUSG00000051594	1	Gm37399-001	havana	TEC	OTTMUST00000130231	1	basic	NA	NA
ENSMUSG00000094226	8.852	0.003	0.096	0.66	1	5	8179636	8181463	1828	havana	transcript	NA	NA	3	ENSMUST00000178345	3	Gm21759	havana	processed_pseudogene	OTTMUSG00000047158	2	Gm21759-001	havana	processed_pseudogene	OTTMUST00000121991	2	basic	NA	NA
ENSMUSG00000084390	35.422	-0.062	0.402	0.027	0.829	17	8564258	8568860	4603	havana	transcript	NA	NA	1	ENSMUST00000119013	1	Gm15425	havana	processed_pseudogene	OTTMUSG00000021593	1	Gm15425-001	havana	processed_pseudogene	OTTMUST00000051266	1	basic	NA	NA
ENSMUSG00000098202	15.591	-0.007	0.103	0.307	1	12	109695586	109702587	7002	havana	transcript	NA	NA	1	ENSMUST00000182785	1	B830012L14Rik	havana	lincRNA	OTTMUSG00000043495	1	B830012L14Rik-001	havana	lincRNA	OTTMUST00000114058	1	basic	5	NA
ENSMUSG00000092103	23.42	-0.007	0.108	0.341	1	13	67360671	67365679	5009	havana	transcript	NA	NA	2	ENSMUST00000165145	2	Gm17039	havana	antisense	OTTMUSG00000036832	4	Gm17039-001	havana	antisense	OTTMUST00000094594	2	basic	1	NA
ENSMUSG00000099472	13.324	-0.029	0.256	0.069	1	1	74774943	74777405	2463	havana	transcript	NA	NA	1	ENSMUST00000188031	1	Gm29539	havana	antisense	OTTMUSG00000048254	1	Gm29539-001	havana	antisense	OTTMUST00000123855	1	basic	3	NA
ENSMUSG00000035504	138.29	0.022	0.192	0.072	1	10	80329953	80336441	6489	havana	transcript	NA	NA	14	ENSMUST00000105358	5	Reep6	ensembl_havana	protein_coding	OTTMUSG00000000018	2	Reep6-001	havana	protein_coding	OTTMUST00000045836	2	basic	1 (assigned to previous version 4)	NA
ENSMUSG00000022054	125.16	-0.003	0.067	0.628	1	14	68082590	68124846	42257	havana	transcript	NA	NA	9	ENSMUST00000111089	5	Nefm	ensembl_havana	protein_coding	OTTMUSG00000016378	2	Nefm-002	havana	protein_coding	OTTMUST00000047907	1	basic	1 (assigned to previous version 4)	NA
ENSMUSG00000037474	21.779	-0.001	0.071	0.836	1	1	191537356	191575521	38166	havana	transcript	NA	NA	11	ENSMUST00000195650	3	Dtl	ensembl_havana	protein_coding	OTTMUSG00000051673	6	Dtl-002	havana	nonsense_mediated_decay	OTTMUST00000130350	1	NA	1 (assigned to previous version 2)	NA
ENSMUSG00000078144	13.373	-0.002	0.085	0.667	1	8	92901407	92902407	1001	ensembl_havana	transcript	NA	NA	3	ENSMUST00000104947	3	Capns2	ensembl_havana	protein_coding	OTTMUSG00000024692	1	Capns2-001	ensembl_havana	protein_coding	OTTMUST00000060733	1	basic	NA	CCDS52634
ENSMUSG00000072672	38.918	0.01	0.116	0.199	1	14	26257962	26262760	4799	havana	transcript	NA	NA	8	ENSMUST00000173423	1	Duxbl3	ensembl_havana	protein_coding	OTTMUSG00000037597	1	Duxbl3-003	havana	processed_transcript	OTTMUST00000096961	1	NA	3	NA
ENSMUSG00000051452	3.872	0.012	0.186	0.254	1	11	84148351	84167476	19126	ensembl_havana	transcript	NA	NA	8	ENSMUST00000050771	7	Gm11437	ensembl_havana	protein_coding	OTTMUSG00000000997	2	Gm11437-001	ensembl_havana	protein_coding	OTTMUST00000001960	2	basic	1	CCDS25184
ENSMUSG00000027073	51.553	0.533	1.243	0.002	0.214	2	84980461	84983632	3172	ensembl_havana	transcript	NA	NA	5	ENSMUST00000028467	5	Prg2	ensembl_havana	protein_coding	OTTMUSG00000013454	1	Prg2-001	ensembl_havana	protein_coding	OTTMUST00000032528	1	basic	1	CCDS16198
ENSMUSG00000106710	10.618	0.024	0.252	0.107	1	5	131130021	131134711	4691	havana	transcript	NA	NA	1	ENSMUST00000202871	1	RP23-445H19.1	havana	sense_intronic	OTTMUSG00000055981	1	RP23-445H19.1-001	havana	sense_intronic	OTTMUST00000138471	1	basic	NA	NA
ENSMUSG00000087579	17.527	0.019	0.173	0.087	1	19	36614052	36705641	91590	havana	transcript	NA	NA	5	ENSMUST00000149601	5	1500017E21Rik	havana	processed_transcript	OTTMUSG00000028599	1	1500017E21Rik-001	havana	processed_transcript	OTTMUST00000070864	1	NA	1 (assigned to previous version 4)	NA
ENSMUSG00000045441	14.134	0.002	0.076	0.703	1	6	59352461	59426290	73830	ensembl	transcript	NA	NA	4	ENSMUST00000051065	4	Gprin3	ensembl	protein_coding	NA	NA	Gprin3-201	ensembl	protein_coding	NA	NA	basic	1	CCDS20199
ENSMUSG00000048355	33.473	0.016	0.146	0.098	1	X	136033367	136034946	1580	ensembl_havana	transcript	NA	NA	2	ENSMUST00000057625	2	Arxes1	ensembl_havana	protein_coding	OTTMUSG00000018756	1	Arxes1-001	ensembl_havana	protein_coding	OTTMUST00000045116	1	basic	NA	CCDS53192
ENSMUSG00000022362	20.867	0.008	0.108	0.257	1	15	58028243	58076425	48183	havana	transcript	NA	NA	11	ENSMUST00000176935	5	Gm29394	havana	protein_coding	OTTMUSG00000041981	3	Gm29394-001	havana	protein_coding	OTTMUST00000109934	2	basic	2 (assigned to previous version 4)	NA
ENSMUSG00000074817	15.283	-0.007	0.111	0.349	1	5	142525838	142530076	4239	ensembl_havana	transcript	NA	NA	2	ENSMUST00000099400	2	Papolb	ensembl_havana	protein_coding	OTTMUSG00000026090	1	Papolb-001	ensembl_havana	protein_coding	OTTMUST00000064413	1	basic	NA	CCDS39362
ENSMUSG00000026825	1181.154	0	0.064	0.971	1	2	32308471	32353263	44793	havana	transcript	NA	NA	15	ENSMUST00000113352	6	Dnm1	ensembl_havana	protein_coding	OTTMUSG00000012945	7	Dnm1-002	havana	protein_coding	OTTMUST00000031100	2	basic	1 (assigned to previous version 5)	NA
ENSMUSG00000004113	237.631	-0.001	0.064	0.831	1	2	24603887	24763152	159266	ensembl_havana	transcript	NA	NA	16	ENSMUST00000070864	11	Cacna1b	ensembl_havana	protein_coding	OTTMUSG00000012011	6	Cacna1b-001	ensembl_havana	protein_coding	OTTMUST00000028477	3	basic	5 (assigned to previous version 10)	CCDS15739
ENSMUSG00000026312	38.428	-0.002	0.071	0.748	1	1	109982431	109995955	13525	havana	transcript	NA	NA	15	ENSMUST00000137092	5	Cdh7	ensembl_havana	protein_coding	OTTMUSG00000022413	5	Cdh7-002	havana	protein_coding	OTTMUST00000053581	2	basic	1 (assigned to previous version 4)	NA
ENSMUSG00000071716	12.992	0.002	0.09	0.712	1	15	77698889	77719288	20400	ensembl	transcript	NA	NA	4	ENSMUST00000096358	4	Apol7e	ensembl	protein_coding	NA	NA	Apol7e-201	ensembl	protein_coding	NA	NA	basic	1	CCDS49663
ENSMUSG00000042750	149.944	0	0.064	0.943	1	X	136066564	136068236	1673	ensembl_havana	transcript	NA	NA	7	ENSMUST00000049130	7	Bex2	ensembl_havana	protein_coding	OTTMUSG00000018777	1	Bex2-001	ensembl_havana	protein_coding	OTTMUST00000045146	1	basic	1	CCDS30413
ENSMUSG00000040364	16.55	0.013	0.143	0.143	1	7	45677689	45694402	16714	ensembl_havana	transcript	NA	NA	6	ENSMUST00000040636	6	Sec1	ensembl_havana	protein_coding	OTTMUSG00000033563	1	Sec1-001	ensembl_havana	protein_coding	OTTMUST00000084523	1	basic	1	CCDS71963
ENSMUSG00000066677	40.28	0.018	0.194	0.128	1	1	173673675	173680332	6658	havana	transcript	NA	NA	9	ENSMUST00000182880	1	Pydc3	ensembl_havana	protein_coding	OTTMUSG00000033992	3	Pydc3-002	havana	retained_intron	OTTMUST00000114223	1	NA	1	NA
ENSMUSG00000056643	9.328	0.007	0.113	0.349	1	6	90308351	90325185	16835	ensembl	transcript	NA	NA	4	ENSMUST00000070890	4	Chst13	ensembl	protein_coding	NA	NA	Chst13-201	ensembl	protein_coding	NA	NA	basic	3	CCDS51847
ENSMUSG00000097915	14.739	0.009	0.117	0.224	1	15	101221196	101224121	2926	ensembl	transcript	NA	NA	1	ENSMUST00000180639	1	A330009N23Rik	ensembl	lincRNA	NA	NA	A330009N23Rik-201	ensembl	lincRNA	NA	NA	basic	1	NA
ENSMUSG00000034687	176.545	0.003	0.067	0.644	1	5	96373955	96784728	410774	ensembl_havana	transcript	NA	NA	6	ENSMUST00000036019	4	Fras1	ensembl_havana	protein_coding	OTTMUSG00000053289	1	Fras1-001	ensembl_havana	protein_coding	OTTMUST00000133108	1	basic	1	CCDS19450
ENSMUSG00000006235	12.792	-0.002	0.08	0.676	1	9	21958899	21963576	4678	ensembl	transcript	NA	NA	5	ENSMUST00000006397	5	Epor	ensembl	protein_coding	NA	NA	Epor-201	ensembl	protein_coding	NA	NA	basic	1	CCDS22915
ENSMUSG00000028931	444.608	0.003	0.065	0.659	1	4	152390742	152448840	58099	havana	transcript	NA	NA	9	ENSMUST00000159840	5	Kcnab2	ensembl_havana	protein_coding	OTTMUSG00000033817	2	Kcnab2-003	havana	protein_coding	OTTMUST00000085180	2	basic	1 (assigned to previous version 4)	CCDS57316
ENSMUSG00000105500	12.773	-0.009	0.138	0.271	1	5	131624842	131625541	700	havana	transcript	NA	NA	1	ENSMUST00000197249	1	RP23-120C8.5	havana	TEC	OTTMUSG00000055418	1	RP23-120C8.5-001	havana	TEC	OTTMUST00000137186	1	basic	NA	NA
ENSMUSG00000055629	83.063	-0.002	0.066	0.721	1	7	141061274	141072119	10846	ensembl	transcript	NA	NA	4	ENSMUST00000048002	5	B4galnt4	ensembl	protein_coding	NA	NA	B4galnt4-201	ensembl	protein_coding	NA	NA	basic	1	CCDS21998
ENSMUSG00000062961	41.279	0.002	0.068	0.741	1	12	80754046	80760541	6496	ensembl	transcript	NA	NA	6	ENSMUST00000073251	6	Ccdc177	ensembl	protein_coding	NA	NA	Ccdc177-201	ensembl	protein_coding	NA	NA	basic	1	CCDS26015
ENSMUSG00000103738	8.469	0.002	0.095	0.709	1	3	30501719	30503813	2095	havana	transcript	NA	NA	1	ENSMUST00000195290	1	Gm37652	havana	TEC	OTTMUSG00000051280	1	Gm37652-001	havana	TEC	OTTMUST00000129798	1	basic	NA	NA
ENSMUSG00000025983	6.1	-0.002	0.105	0.728	1	1	54250683	54368727	118045	ensembl_havana	transcript	NA	NA	9	ENSMUST00000027128	8	Ccdc150	ensembl_havana	protein_coding	OTTMUSG00000034794	2	Ccdc150-001	ensembl_havana	protein_coding	OTTMUST00000088448	2	basic	1 (assigned to previous version 7)	CCDS35564
ENSMUSG00000107358	9.351	-0.033	0.302	0.076	1	6	33433008	33434619	1612	havana	transcript	NA	NA	1	ENSMUST00000201039	1	RP23-4H14.1	havana	TEC	OTTMUSG00000055985	1	RP23-4H14.1-001	havana	TEC	OTTMUST00000138480	1	basic	NA	NA
ENSMUSG00000026202	449.138	0.001	0.064	0.848	1	1	75214228	75219294	5067	ensembl_havana	transcript	NA	NA	11	ENSMUST00000186213	4	Tuba4a	ensembl_havana	protein_coding	OTTMUSG00000048543	2	Tuba4a-001	ensembl_havana	protein_coding	OTTMUST00000124385	2	basic	1 (assigned to previous version 3)	CCDS35623
ENSMUSG00000052026	91.957	-0.004	0.069	0.517	1	18	60995381	61014199	18819	ensembl	transcript	NA	NA	7	ENSMUST00000025520	8	Slc6a7	ensembl	protein_coding	NA	NA	Slc6a7-201	ensembl	protein_coding	NA	NA	basic	1	CCDS29278
ENSMUSG00000076617	1700.988	0.327	0.938	0.003	0.274	12	113418558	113422730	4173	havana	transcript	NA	NA	7	ENSMUST00000177715	5	Ighm	ensembl_havana	IG_C_gene	OTTMUSG00000051485	2	Ighm-002	havana	IG_C_gene	OTTMUST00000130088	1	basic	NA (assigned to previous version 4)	NA
ENSMUSG00000104178	9.798	-0.003	0.084	0.641	1	3	118434770	118435997	1228	havana	transcript	NA	NA	1	ENSMUST00000192943	1	Gm9916	havana	lincRNA	OTTMUSG00000042752	1	Gm9916-001	havana	lincRNA	OTTMUST00000112495	1	basic	NA	NA
ENSMUSG00000042200	8.226	0.002	0.085	0.704	1	11	62951193	62993095	41903	ensembl_havana	transcript	NA	NA	3	ENSMUST00000035854	3	Cdrt4	ensembl_havana	protein_coding	OTTMUSG00000005881	1	Cdrt4-001	ensembl_havana	protein_coding	OTTMUST00000013098	1	basic	1	CCDS24835
ENSMUSG00000031343	163.744	0.002	0.066	0.762	1	X	72432681	72656186	223506	ensembl_havana	transcript	NA	NA	11	ENSMUST00000055966	10	Gabra3	ensembl_havana	protein_coding	OTTMUSG00000017849	1	Gabra3-001	ensembl_havana	protein_coding	OTTMUST00000043200	1	basic	1 (assigned to previous version 9)	CCDS30187
ENSMUSG00000008932	15.316	0.008	0.122	0.273	1	4	107968332	108013532	45201	ensembl_havana	transcript	NA	NA	9	ENSMUST00000106713	3	Slc1a7	ensembl_havana	protein_coding	OTTMUSG00000009321	3	Slc1a7-001	ensembl_havana	protein_coding	OTTMUST00000021186	3	basic	1	CCDS18444
ENSMUSG00000094286	4.073	-0.001	0.1	0.908	1	4	47101032	47101478	447	havana	transcript	NA	NA	1	ENSMUST00000179673	1	Gm12424	havana	processed_pseudogene	OTTMUSG00000006775	1	Gm12424-001	havana	processed_pseudogene	OTTMUST00000015585	1	basic	NA	NA
ENSMUSG00000093628	5.878	-0.007	0.129	0.376	1	19	26620822	26623419	2598	havana	transcript	NA	NA	1	ENSMUST00000177262	1	Gm20616	havana	processed_transcript	OTTMUSG00000040071	1	Gm20616-002	havana	processed_transcript	OTTMUST00000104084	1	basic	3	NA
ENSMUSG00000022756	132.471	0.001	0.064	0.904	1	16	17572018	17576721	4704	ensembl_havana	transcript	NA	NA	13	ENSMUST00000172164	5	Slc7a4	ensembl_havana	protein_coding	OTTMUSG00000035925	1	Slc7a4-001	ensembl_havana	protein_coding	OTTMUST00000092151	1	basic	1 (assigned to previous version 4)	CCDS28008
ENSMUSG00000072621	26.544	0	0.081	0.993	1	11	83028130	83040042	11913	havana	transcript	NA	NA	11	ENSMUST00000100716	8	Slfn10-ps	ensembl_havana	transcribed_unprocessed_pseudogene	OTTMUSG00000000909	4	Slfn10-ps-002	havana	processed_transcript	OTTMUST00000114139	2	basic	1 (assigned to previous version 7)	NA
ENSMUSG00000045318	36.631	0.003	0.072	0.563	1	5	35278319	35281763	3445	ensembl_havana	transcript	NA	NA	6	ENSMUST00000049545	6	Adra2c	ensembl_havana	protein_coding	OTTMUSG00000056027	1	Adra2c-001	ensembl_havana	protein_coding	OTTMUST00000138580	1	basic	NA (assigned to previous version 5)	CCDS19226
ENSMUSG00000039252	137.195	0.001	0.066	0.803	1	5	52533517	52566303	32787	havana	transcript	NA	NA	9	ENSMUST00000199942	2	Lgi2	ensembl_havana	protein_coding	OTTMUSG00000054573	2	Lgi2-002	havana	protein_coding	OTTMUST00000135273	2	basic	1 (assigned to previous version 1)	NA
ENSMUSG00000106133	3.276	-0.001	0.112	0.843	1	5	24118316	24118664	349	havana	transcript	NA	NA	1	ENSMUST00000197957	1	RP23-451E8.2	havana	processed_pseudogene	OTTMUSG00000053536	1	RP23-451E8.2-001	havana	processed_pseudogene	OTTMUST00000133499	1	basic	NA	NA
ENSMUSG00000053693	118.503	-0.002	0.065	0.735	1	8	84911903	84937353	25451	ensembl_havana	transcript	NA	NA	14	ENSMUST00000109741	6	Mast1	ensembl_havana	protein_coding	OTTMUSG00000029992	1	Mast1-001	ensembl_havana	protein_coding	OTTMUST00000074382	1	basic	1 (assigned to previous version 5)	CCDS40415
ENSMUSG00000080937	5.367	-0.001	0.102	0.858	1	2	49185018	49185446	429	havana	transcript	NA	NA	1	ENSMUST00000118659	1	Gm13510	havana	processed_pseudogene	OTTMUSG00000012479	1	Gm13510-001	havana	processed_pseudogene	OTTMUST00000029658	1	basic	NA	NA
ENSMUSG00000048001	21.611	0.001	0.074	0.796	1	4	154960923	154962371	1449	ensembl_havana	transcript	NA	NA	7	ENSMUST00000049621	6	Hes5	ensembl_havana	protein_coding	OTTMUSG00000010459	1	Hes5-001	ensembl_havana	protein_coding	OTTMUST00000024351	1	basic	1	CCDS19018
ENSMUSG00000021596	150.071	0	0.065	0.999	1	13	76384535	77031810	647276	havana	transcript	NA	NA	14	ENSMUST00000125209	5	Mctp1	ensembl_havana	protein_coding	OTTMUSG00000025745	6	Mctp1-001	havana	protein_coding	OTTMUST00000063420	4	basic	1 (assigned to previous version 4)	NA
ENSMUSG00000048834	85.825	-0.006	0.076	0.369	1	11	16257724	16284186	26463	ensembl_havana	transcript	NA	NA	13	ENSMUST00000109645	6	Vstm2a	ensembl_havana	protein_coding	OTTMUSG00000005182	2	Vstm2a-002	ensembl_havana	protein_coding	OTTMUST00000011582	2	basic	1 (assigned to previous version 5)	CCDS24441
ENSMUSG00000021194	133.746	0.002	0.066	0.719	1	12	102554969	102565027	10059	ensembl	transcript	NA	NA	5	ENSMUST00000021610	5	Chga	ensembl	protein_coding	NA	NA	Chga-201	ensembl	protein_coding	NA	NA	basic	1	CCDS26120
ENSMUSG00000018930	26.736	0.016	0.184	0.136	1	11	83662584	83664683	2100	ensembl_havana	transcript	NA	NA	3	ENSMUST00000019074	3	Ccl4	ensembl_havana	protein_coding	OTTMUSG00000000993	1	Ccl4-001	ensembl_havana	protein_coding	OTTMUST00000001953	1	basic	1	CCDS36256
ENSMUSG00000041141	97.985	-0.004	0.069	0.514	1	7	16959795	16962319	2525	ensembl	transcript	NA	NA	6	ENSMUST00000038163	6	Pnmal1	ensembl	protein_coding	NA	NA	Pnmal1-201	ensembl	protein_coding	NA	NA	basic	1	CCDS20858
ENSMUSG00000048304	156.209	-0.007	0.079	0.299	1	3	73047265	73056943	9679	ensembl_havana	transcript	NA	NA	8	ENSMUST00000192477	1	Slitrk3	ensembl_havana	protein_coding	OTTMUSG00000051718	1	Slitrk3-001	ensembl_havana	protein_coding	OTTMUST00000130404	1	basic	1	CCDS17410
ENSMUSG00000097391	79.272	-0.005	0.076	0.376	1	12	109729764	109749458	19695	havana	transcript	NA	NA	6	ENSMUST00000183144	5	Mirg	havana	lincRNA	OTTMUSG00000043213	2	Mirg-011	havana	lincRNA	OTTMUST00000114049	1	basic	5 (assigned to previous version 4)	NA
ENSMUSG00000073514	64.166	0.003	0.069	0.553	1	18	89301082	89769528	468447	ensembl_havana	transcript	NA	NA	3	ENSMUST00000097495	3	Dok6	ensembl_havana	protein_coding	OTTMUSG00000033317	1	Dok6-001	ensembl_havana	protein_coding	OTTMUST00000083599	1	basic	1	CCDS37878
ENSMUSG00000031722	14.445	0.015	0.173	0.156	1	8	109575130	109579172	4043	ensembl	transcript	NA	NA	9	ENSMUST00000074898	6	Hp	ensembl	protein_coding	NA	NA	Hp-201	ensembl	protein_coding	NA	NA	basic	1	CCDS40470
ENSMUSG00000032528	32.127	-0.003	0.072	0.585	1	9	121642716	121672954	30239	ensembl_havana	transcript	NA	NA	4	ENSMUST00000035115	4	Vipr1	ensembl_havana	protein_coding	OTTMUSG00000027442	1	Vipr1-001	ensembl_havana	protein_coding	OTTMUST00000067900	1	basic	1	CCDS23633
ENSMUSG00000104581	8.007	-0.003	0.097	0.596	1	5	128239382	128241339	1958	havana	transcript	NA	NA	1	ENSMUST00000197363	1	RP23-378C15.2	havana	TEC	OTTMUSG00000055200	1	RP23-378C15.2-001	havana	TEC	OTTMUST00000136711	1	basic	NA	NA
ENSMUSG00000103999	11.821	-0.007	0.122	0.387	1	1	128097591	128101470	3880	havana	transcript	NA	NA	1	ENSMUST00000193284	1	Gm38026	havana	TEC	OTTMUSG00000049352	1	Gm38026-001	havana	TEC	OTTMUST00000125802	1	basic	NA	NA
ENSMUSG00000032011	711.767	-0.001	0.064	0.906	1	9	44043384	44048579	5196	ensembl_havana	transcript	NA	NA	4	ENSMUST00000114840	1	Thy1	ensembl_havana	protein_coding	OTTMUSG00000016734	1	Thy1-001	ensembl_havana	protein_coding	OTTMUST00000040558	1	basic	2	CCDS23093
ENSMUSG00000056427	124.316	0.003	0.067	0.609	1	11	35121224	35708507	587284	ensembl_havana	transcript	NA	NA	8	ENSMUST00000069837	3	Slit3	ensembl_havana	protein_coding	OTTMUSG00000005411	1	Slit3-001	ensembl_havana	protein_coding	OTTMUST00000012061	1	basic	1	CCDS24542
ENSMUSG00000090255	5.412	-0.001	0.091	0.828	1	9	98003420	98005769	2350	havana	transcript	NA	NA	5	ENSMUST00000162370	5	4921534H16Rik	havana	antisense	OTTMUSG00000032789	2	4921534H16Rik-002	havana	antisense	OTTMUST00000081644	1	basic	1 (assigned to previous version 4)	NA
ENSMUSG00000102665	5.187	-0.007	0.127	0.398	1	8	120109441	120110965	1525	havana	transcript	NA	NA	1	ENSMUST00000194351	1	Gm38379	havana	TEC	OTTMUSG00000043040	1	Gm38379-001	havana	TEC	OTTMUST00000112974	1	basic	NA	NA
ENSMUSG00000090066	8.672	-0.002	0.089	0.759	1	3	138065052	138081506	16455	havana	transcript	NA	NA	2	ENSMUST00000163080	2	1110002E22Rik	havana	protein_coding	OTTMUSG00000035102	2	1110002E22Rik-001	havana	protein_coding	OTTMUST00000089301	2	basic	5	NA
ENSMUSG00000023345	78.443	0.033	0.227	0.034	0.968	9	106281061	106349879	68819	ensembl_havana	transcript	NA	NA	13	ENSMUST00000072206	10	Poc1a	ensembl_havana	protein_coding	OTTMUSG00000049423	4	Poc1a-002	ensembl_havana	protein_coding	OTTMUST00000125993	2	basic	1 (assigned to previous version 9)	CCDS23474
ENSMUSG00000046204	124.681	-0.001	0.065	0.796	1	14	66911170	66920054	8885	ensembl_havana	transcript	NA	NA	11	ENSMUST00000089236	7	Pnma2	ensembl_havana	protein_coding	OTTMUSG00000035206	1	Pnma2-001	ensembl_havana	protein_coding	OTTMUST00000089672	1	basic	1 (assigned to previous version 6)	CCDS27226
ENSMUSG00000044556	9.021	-0.002	0.09	0.709	1	4	115779834	115781018	1185	ensembl_havana	transcript	NA	NA	3	ENSMUST00000106521	1	Tex38	ensembl_havana	protein_coding	OTTMUSG00000008687	1	Tex38-001	ensembl_havana	protein_coding	OTTMUST00000019690	1	basic	1	CCDS51274
ENSMUSG00000035576	15.431	-0.005	0.091	0.402	1	2	162943472	162972021	28550	havana	transcript	NA	NA	11	ENSMUST00000153416	5	L3mbtl1	ensembl_havana	protein_coding	OTTMUSG00000001061	4	L3mbtl1-003	havana	retained_intron	OTTMUST00000038407	1	NA	5 (assigned to previous version 4)	NA
ENSMUSG00000056812	145.206	-0.009	0.089	0.195	1	18	64254359	64276146	21788	ensembl_havana	transcript	NA	NA	11	ENSMUST00000025477	11	St8sia3	ensembl_havana	protein_coding	OTTMUSG00000028204	2	St8sia3-001	ensembl_havana	protein_coding	OTTMUST00000069864	1	basic	1 (assigned to previous version 10)	CCDS29301
ENSMUSG00000032773	334.629	-0.001	0.064	0.915	1	19	8663789	8678154	14366	havana	transcript	NA	NA	7	ENSMUST00000177197	5	Chrm1	ensembl_havana	protein_coding	OTTMUSG00000039794	1	Chrm1-002	havana	protein_coding	OTTMUST00000103444	1	mRNA_end_NF	1 (assigned to previous version 4)	NA
ENSMUSG00000032776	24.246	-0.018	0.174	0.091	1	7	72077830	72306595	228766	ensembl_havana	transcript	NA	NA	8	ENSMUST00000079323	6	Mctp2	ensembl_havana	protein_coding	OTTMUSG00000049579	1	Mctp2-001	ensembl_havana	protein_coding	OTTMUST00000126345	1	basic	1	CCDS21361
ENSMUSG00000080731	14.72	-0.006	0.103	0.353	1	17	27784427	27785243	817	havana	transcript	NA	NA	1	ENSMUST00000121414	1	Rps2-ps9	havana	processed_pseudogene	OTTMUSG00000023176	1	Rps2-ps9-001	havana	processed_pseudogene	OTTMUST00000056062	1	basic	NA	NA
ENSMUSG00000103694	33.009	-0.003	0.076	0.587	1	4	42034581	42039512	4932	havana	transcript	NA	NA	1	ENSMUST00000191759	1	Gm37530	havana	TEC	OTTMUSG00000046839	1	Gm37530-001	havana	TEC	OTTMUST00000121486	1	basic	NA	NA
ENSMUSG00000083359	3.3	0.004	0.122	0.622	1	4	94497032	94497608	577	havana	transcript	NA	NA	1	ENSMUST00000118149	1	Gm12656	havana	processed_pseudogene	OTTMUSG00000007854	1	Gm12656-001	havana	processed_pseudogene	OTTMUST00000017881	1	basic	NA	NA
ENSMUSG00000054034	45.143	0	0.066	0.968	1	X	136200948	136203876	2929	ensembl_havana	transcript	NA	NA	8	ENSMUST00000066819	8	Tceal5	ensembl_havana	protein_coding	OTTMUSG00000018780	1	Tceal5-001	ensembl_havana	protein_coding	OTTMUST00000045151	1	basic	1 (assigned to previous version 7)	CCDS30416
ENSMUSG00000083104	16.372	-0.016	0.172	0.133	1	4	124718999	124719637	639	havana	transcript	NA	NA	1	ENSMUST00000119850	1	Gm12917	havana	processed_pseudogene	OTTMUSG00000009180	1	Gm12917-001	havana	processed_pseudogene	OTTMUST00000020761	1	basic	NA	NA
ENSMUSG00000026725	5.604	-0.004	0.113	0.558	1	1	160085029	160153580	68552	ensembl_havana	transcript	NA	NA	15	ENSMUST00000039178	9	Tnn	ensembl_havana	protein_coding	OTTMUSG00000025412	4	Tnn-001	ensembl_havana	protein_coding	OTTMUST00000062571	3	basic	1 (assigned to previous version 8)	CCDS15404
ENSMUSG00000086496	14.755	0.002	0.076	0.701	1	2	158595472	158610659	15188	havana	transcript	NA	NA	1	ENSMUST00000145773	1	Gm14204	havana	processed_transcript	OTTMUSG00000015935	2	Gm14204-002	havana	processed_transcript	OTTMUST00000037857	2	NA	1	NA
ENSMUSG00000030500	25.051	-0.002	0.071	0.744	1	7	51621830	51671125	49296	ensembl	transcript	NA	NA	5	ENSMUST00000032710	5	Slc17a6	ensembl	protein_coding	NA	NA	Slc17a6-201	ensembl	protein_coding	NA	NA	basic	1	CCDS39969
ENSMUSG00000022518	12.734	0.001	0.079	0.842	1	16	4835416	4852123	16708	havana	transcript	NA	NA	13	ENSMUST00000177042	5	4930562C15Rik	ensembl_havana	protein_coding	OTTMUSG00000042210	5	4930562C15Rik-001	havana	non_stop_decay	OTTMUST00000110868	1	mRNA_end_NF	2 (assigned to previous version 4)	NA
ENSMUSG00000022696	130.799	-0.002	0.067	0.717	1	16	44240180	44269532	29353	havana	transcript	NA	NA	15	ENSMUST00000127567	5	Sidt1	ensembl_havana	protein_coding	OTTMUSG00000026174	3	Sidt1-006	havana	protein_coding	OTTMUST00000064739	1	basic	1 (assigned to previous version 4)	NA
ENSMUSG00000030043	7.909	-0.002	0.087	0.678	1	6	82402475	82560103	157629	ensembl	transcript	NA	NA	9	ENSMUST00000032122	8	Tacr1	ensembl	protein_coding	NA	NA	Tacr1-201	ensembl	protein_coding	NA	NA	basic	1	CCDS20262
ENSMUSG00000095040	3.063	-0.001	0.109	0.927	1	5	146182441	146185304	2864	ensembl_havana	transcript	NA	NA	2	ENSMUST00000073721	6	1700001J03Rik	ensembl_havana	protein_coding	OTTMUSG00000044990	1	1700001J03Rik-001	ensembl_havana	protein_coding	OTTMUST00000118220	1	basic	1	CCDS51699
ENSMUSG00000089663	9.132	-0.218	0.885	0.009	0.46	16	22548553	22551149	2597	havana	transcript	NA	NA	1	ENSMUST00000159953	1	Gm15651	havana	processed_transcript	OTTMUSG00000024859	1	Gm15651-001	havana	processed_transcript	OTTMUST00000061255	1	basic	1	NA
ENSMUSG00000015340	656.698	0	0.073	0.951	1	X	9435252	9469324	34073	ensembl_havana	transcript	NA	NA	8	ENSMUST00000015484	7	Cybb	ensembl_havana	protein_coding	OTTMUSG00000016894	4	Cybb-001	ensembl_havana	protein_coding	OTTMUST00000040996	1	basic	1 (assigned to previous version 6)	CCDS30010
ENSMUSG00000028137	202.923	-0.003	0.067	0.586	1	3	94478295	94485318	7024	havana	transcript	NA	NA	7	ENSMUST00000199884	2	Celf3	ensembl_havana	protein_coding	OTTMUSG00000052184	2	Celf3-010	havana	protein_coding	OTTMUST00000131115	1	mRNA_end_NF	2 (assigned to previous version 1)	NA
ENSMUSG00000063626	76.466	-0.001	0.069	0.833	1	8	28646717	29219338	572622	ensembl	transcript	NA	NA	5	ENSMUST00000168630	2	Unc5d	ensembl	protein_coding	NA	NA	Unc5d-201	ensembl	protein_coding	NA	NA	basic	1	CCDS40314
ENSMUSG00000057378	133.249	0.001	0.065	0.854	1	2	112631355	112652758	21404	havana	transcript	NA	NA	12	ENSMUST00000137131	5	Ryr3	ensembl_havana	protein_coding	OTTMUSG00000015132	1	Ryr3-005	havana	processed_transcript	OTTMUST00000035888	1	NA	1 (assigned to previous version 4)	NA
ENSMUSG00000038115	25.285	0.004	0.087	0.533	1	6	125690419	126040126	349708	ensembl_havana	transcript	NA	NA	14	ENSMUST00000160496	5	Ano2	ensembl_havana	protein_coding	OTTMUSG00000033377	4	Ano2-001	ensembl_havana	protein_coding	OTTMUST00000083787	2	basic	1 (assigned to previous version 4)	CCDS39643
ENSMUSG00000043592	3.328	0.012	0.18	0.266	1	17	48454901	48468686	13786	ensembl_havana	transcript	NA	NA	13	ENSMUST00000074574	10	Unc5cl	ensembl_havana	protein_coding	OTTMUSG00000028421	3	Unc5cl-001	ensembl_havana	protein_coding	OTTMUST00000070422	2	basic	1 (assigned to previous version 9)	CCDS28870
ENSMUSG00000041986	194.697	0.002	0.065	0.749	1	9	53911460	53975301	63842	ensembl	transcript	NA	NA	13	ENSMUST00000048409	11	Elmod1	ensembl	protein_coding	NA	NA	Elmod1-201	ensembl	protein_coding	NA	NA	basic	1 (assigned to previous version 10)	CCDS57678
ENSMUSG00000095306	10.954	-0.006	0.111	0.4	1	8	68099492	68121313	21822	havana	transcript	NA	NA	2	ENSMUST00000185416	1	Gm21807	ensembl_havana	lincRNA	OTTMUSG00000047658	1	Gm21807-001	havana	lincRNA	OTTMUST00000122833	1	NA	3	NA
ENSMUSG00000003279	907.572	0.001	0.063	0.902	1	17	69969073	70821413	852341	havana	transcript	NA	NA	14	ENSMUST00000133983	5	Dlgap1	ensembl_havana	protein_coding	OTTMUSG00000033115	2	Dlgap1-001	havana	protein_coding	OTTMUST00000082771	1	basic	1 (assigned to previous version 4)	NA
ENSMUSG00000030525	21.937	0.002	0.074	0.67	1	7	63098692	63212526	113835	ensembl	transcript	NA	NA	7	ENSMUST00000032738	5	Chrna7	ensembl	protein_coding	NA	NA	Chrna7-201	ensembl	protein_coding	NA	NA	basic	1	CCDS21329
ENSMUSG00000022129	20.991	0	0.081	0.967	1	14	118012792	118052246	39455	ensembl	transcript	NA	NA	3	ENSMUST00000022725	2	Dct	ensembl	protein_coding	NA	NA	Dct-201	ensembl	protein_coding	NA	NA	basic	1	CCDS27331
ENSMUSG00000083849	8.033	0.002	0.087	0.751	1	2	44788265	44790951	2687	havana	transcript	NA	NA	1	ENSMUST00000121620	1	Gm13477	havana	processed_pseudogene	OTTMUSG00000012359	1	Gm13477-001	havana	processed_pseudogene	OTTMUST00000029434	1	basic	NA	NA
ENSMUSG00000085218	10.279	-0.002	0.088	0.722	1	2	106642914	106643388	475	havana	transcript	NA	NA	5	ENSMUST00000135180	1	BB218582	havana	processed_transcript	OTTMUSG00000015045	1	BB218582-003	havana	processed_transcript	OTTMUST00000035735	1	NA	2	NA
ENSMUSG00000059857	41.426	0.001	0.067	0.826	1	3	109780040	110143004	362965	havana	transcript	NA	NA	13	ENSMUST00000156177	6	Ntng1	ensembl_havana	protein_coding	OTTMUSG00000007362	9	Ntng1-003	havana	protein_coding	OTTMUST00000017029	5	basic	1 (assigned to previous version 5)	CCDS59653
ENSMUSG00000020673	15.389	0.011	0.156	0.226	1	12	30054659	30132624	77966	ensembl_havana	transcript	NA	NA	12	ENSMUST00000021005	12	Tpo	ensembl_havana	protein_coding	OTTMUSG00000025268	4	Tpo-001	ensembl_havana	protein_coding	OTTMUST00000062199	3	basic	1 (assigned to previous version 11)	CCDS25857
ENSMUSG00000020264	20.349	0	0.071	0.956	1	11	55158470	55185077	26608	ensembl_havana	transcript	NA	NA	5	ENSMUST00000039305	5	Slc36a2	ensembl_havana	protein_coding	OTTMUSG00000005685	1	Slc36a2-001	ensembl_havana	protein_coding	OTTMUST00000012651	1	basic	1	CCDS24709
ENSMUSG00000026527	110.259	0.003	0.067	0.589	1	1	175059087	175492500	433414	havana	transcript	NA	NA	11	ENSMUST00000194555	3	Rgs7	ensembl_havana	protein_coding	OTTMUSG00000050245	1	Rgs7-002	havana	protein_coding	OTTMUST00000127636	1	basic	1 (assigned to previous version 2)	NA
ENSMUSG00000081816	9.067	-0.003	0.1	0.636	1	13	75929465	75930328	864	havana	transcript	NA	NA	1	ENSMUST00000117821	1	Gm15528	havana	processed_pseudogene	OTTMUSG00000023272	1	Gm15528-001	havana	processed_pseudogene	OTTMUST00000056341	1	basic	NA	NA
ENSMUSG00000102312	9.437	0.003	0.085	0.609	1	18	36946105	37187657	241553	havana	transcript	NA	NA	1	ENSMUST00000192503	1	Pcdha3	havana	protein_coding	OTTMUSG00000050587	1	Pcdha3-001	havana	protein_coding	OTTMUST00000128275	1	basic	1	NA
ENSMUSG00000045967	218.952	-0.003	0.066	0.626	1	2	21367542	21830547	463006	ensembl_havana	transcript	NA	NA	11	ENSMUST00000055946	7	Gpr158	ensembl_havana	protein_coding	OTTMUSG00000011438	3	Gpr158-001	ensembl_havana	protein_coding	OTTMUST00000026780	3	basic	1	CCDS15722
ENSMUSG00000104493	12.765	-0.018	0.208	0.149	1	1	82352217	82355049	2833	havana	transcript	NA	NA	1	ENSMUST00000194744	1	Gm19552	havana	TEC	OTTMUSG00000047950	1	Gm19552-001	havana	TEC	OTTMUST00000123295	1	basic	NA	NA
ENSMUSG00000086739	19.088	0.001	0.072	0.854	1	6	79926414	80023156	96743	havana	transcript	NA	NA	1	ENSMUST00000130734	1	Gm4409	havana	antisense	OTTMUSG00000034092	1	Gm4409-001	havana	antisense	OTTMUST00000086185	1	basic	2	NA
ENSMUSG00000097767	998.673	-0.004	0.068	0.488	1	5	112213228	112229395	16168	havana	transcript	NA	NA	6	ENSMUST00000182953	5	Miat	havana	lincRNA	OTTMUSG00000043202	1	Miat-001	havana	lincRNA	OTTMUST00000113299	1	basic	1 (assigned to previous version 4)	NA
ENSMUSG00000103320	7.437	0.005	0.106	0.424	1	1	164872833	164876353	3521	havana	transcript	NA	NA	1	ENSMUST00000193775	1	Gm37403	havana	TEC	OTTMUSG00000049872	1	Gm37403-001	havana	TEC	OTTMUST00000126987	1	basic	NA	NA
ENSMUSG00000041923	112.171	0.001	0.065	0.835	1	18	22693181	22850754	157574	havana	transcript	NA	NA	13	ENSMUST00000092015	8	Nol4	ensembl_havana	protein_coding	OTTMUSG00000035216	2	Nol4-001	havana	protein_coding	OTTMUST00000089717	1	mRNA_start_NF	1 (assigned to previous version 7)	NA
ENSMUSG00000086997	4.425	-0.005	0.126	0.501	1	4	132503561	132509649	6089	havana	transcript	NA	NA	1	ENSMUST00000131733	1	Gm12981	havana	antisense	OTTMUSG00000009671	2	Gm12981-001	havana	antisense	OTTMUST00000022319	2	basic	2	NA
ENSMUSG00000100929	7.675	0.015	0.198	0.194	1	1	20945711	20946914	1204	havana	transcript	NA	NA	1	ENSMUST00000185639	1	Gm28064	havana	processed_pseudogene	OTTMUSG00000048366	1	Gm28064-001	havana	processed_pseudogene	OTTMUST00000124033	1	basic	NA	NA
ENSMUSG00000064225	105.164	0	0.065	0.944	1	9	95559657	95568023	8367	ensembl_havana	transcript	NA	NA	6	ENSMUST00000079597	6	Paqr9	ensembl_havana	protein_coding	OTTMUSG00000022621	3	Paqr9-001	ensembl_havana	protein_coding	OTTMUST00000054191	3	basic	NA	CCDS23409
ENSMUSG00000058755	18.408	-0.004	0.09	0.549	1	11	4236420	4241026	4607	ensembl_havana	transcript	NA	NA	3	ENSMUST00000075221	2	Osm	ensembl_havana	protein_coding	OTTMUSG00000005054	1	Osm-001	ensembl_havana	protein_coding	OTTMUST00000011263	1	basic	1	CCDS24382
ENSMUSG00000022221	18.591	0.002	0.083	0.781	1	14	55784996	55788857	3862	ensembl	transcript	NA	NA	11	ENSMUST00000168716	5	Ripk3	ensembl	protein_coding	NA	NA	Ripk3-202	ensembl	protein_coding	NA	NA	basic	5 (assigned to previous version 4)	CCDS49499
ENSMUSG00000040118	596.849	-0.001	0.064	0.925	1	5	15934691	16374511	439821	ensembl	transcript	NA	NA	13	ENSMUST00000167946	6	Cacna2d1	ensembl_havana	protein_coding	OTTMUSG00000055290	2	Cacna2d1-202	ensembl	protein_coding	NA	NA	basic	5 (assigned to previous version 5)	NA
ENSMUSG00000105789	3.398	0.003	0.116	0.642	1	3	130730460	130731444	985	havana	transcript	NA	NA	1	ENSMUST00000200321	1	RP23-246L14.3	havana	lincRNA	OTTMUSG00000054749	1	RP23-246L14.3-002	havana	lincRNA	OTTMUST00000135704	1	basic	NA	NA
ENSMUSG00000057074	9.439	0.01	0.154	0.275	1	8	93302369	93337308	34940	ensembl_havana	transcript	NA	NA	6	ENSMUST00000044602	7	Ces1g	ensembl_havana	protein_coding	OTTMUSG00000040118	1	Ces1g-001	ensembl_havana	protein_coding	OTTMUST00000060226	1	basic	1	CCDS22531
ENSMUSG00000003948	337.687	0.003	0.066	0.665	1	11	90187684	90251255	63572	havana	transcript	NA	NA	14	ENSMUST00000134929	5	Mmd	ensembl_havana	protein_coding	OTTMUSG00000001286	1	Mmd-004	havana	processed_transcript	OTTMUST00000002561	1	NA	1 (assigned to previous version 4)	NA
ENSMUSG00000039539	6.418	0	0.085	0.976	1	8	37522298	38661508	1139211	havana	transcript	NA	NA	11	ENSMUST00000135764	5	Sgcz	ensembl_havana	protein_coding	OTTMUSG00000031650	2	Sgcz-002	havana	nonsense_mediated_decay	OTTMUST00000078438	1	NA	5 (assigned to previous version 4)	NA
ENSMUSG00000103255	21.049	-0.051	0.352	0.033	0.945	18	37090013	37187657	97645	ensembl_havana	transcript	NA	NA	1	ENSMUST00000007584	3	Pcdhac1	ensembl_havana	protein_coding	OTTMUSG00000050643	1	Pcdhac1-001	ensembl_havana	protein_coding	OTTMUST00000128393	1	basic	1	CCDS29167
ENSMUSG00000102816	13.436	-0.004	0.089	0.487	1	2	4138984	4142627	3644	havana	transcript	NA	NA	1	ENSMUST00000195820	1	Gm37814	havana	sense_intronic	OTTMUSG00000050354	1	Gm37814-001	havana	sense_intronic	OTTMUST00000127814	1	basic	NA	NA
ENSMUSG00000026610	33.067	0.003	0.071	0.595	1	1	187608791	188043502	434712	havana	transcript	NA	NA	11	ENSMUST00000127489	5	Esrrg	ensembl_havana	protein_coding	OTTMUSG00000022373	3	Esrrg-004	havana	protein_coding	OTTMUST00000053595	1	mRNA_end_NF	3 (assigned to previous version 4)	NA
ENSMUSG00000039629	127.684	0	0.066	0.935	1	6	29917013	29945554	28542	havana	transcript	NA	NA	12	ENSMUST00000137068	4	Strip2	ensembl_havana	protein_coding	OTTMUSG00000013735	1	Strip2-002	havana	retained_intron	OTTMUST00000032921	1	NA	1 (assigned to previous version 3)	NA
ENSMUSG00000070336	11.852	0.001	0.087	0.89	1	11	97853826	97855552	1727	havana	transcript	NA	NA	3	ENSMUST00000125403	1	Fbxo47	ensembl_havana	protein_coding	OTTMUSG00000002775	2	Fbxo47-002	havana	retained_intron	OTTMUST00000005584	1	NA	1	NA
ENSMUSG00000103751	12.157	-0.007	0.123	0.363	1	1	130473743	130475313	1571	havana	transcript	NA	NA	1	ENSMUST00000193111	1	Gm37283	havana	TEC	OTTMUSG00000049605	1	Gm37283-001	havana	TEC	OTTMUST00000126391	1	basic	NA	NA
ENSMUSG00000050321	126.449	-0.001	0.065	0.833	1	18	86394952	86501897	106946	ensembl	transcript	NA	NA	2	ENSMUST00000058829	2	Neto1	ensembl	protein_coding	NA	NA	Neto1-201	ensembl	protein_coding	NA	NA	basic	1	CCDS29387
ENSMUSG00000052516	239.477	0.005	0.071	0.431	1	16	73892306	74410989	518684	ensembl_havana	transcript	NA	NA	15	ENSMUST00000117785	5	Robo2	ensembl_havana	protein_coding	OTTMUSG00000017043	4	Robo2-001	ensembl_havana	protein_coding	OTTMUST00000041283	3	basic	1 (assigned to previous version 4)	CCDS49886
ENSMUSG00000102619	6.833	-0.013	0.179	0.226	1	1	186711218	186713098	1881	havana	transcript	NA	NA	1	ENSMUST00000194722	1	Gm37849	havana	TEC	OTTMUSG00000050849	1	Gm37849-001	havana	TEC	OTTMUST00000128833	1	basic	NA	NA
ENSMUSG00000048142	492.733	0.001	0.064	0.86	1	5	33995984	34005916	9933	ensembl_havana	transcript	NA	NA	9	ENSMUST00000056355	8	Nat8l	ensembl_havana	protein_coding	OTTMUSG00000055711	2	Nat8l-001	ensembl_havana	protein_coding	OTTMUST00000137856	1	basic	1	CCDS19210
ENSMUSG00000086356	6.804	0.003	0.094	0.591	1	2	31886934	31892417	5484	havana	transcript	NA	NA	1	ENSMUST00000140104	1	Gm13441	havana	antisense	OTTMUSG00000012242	1	Gm13441-001	havana	antisense	OTTMUST00000029107	1	basic	1	NA
ENSMUSG00000106004	10.539	-0.005	0.113	0.504	1	5	15464171	15476857	12687	havana	transcript	NA	NA	2	ENSMUST00000196145	2	RP24-152F23.2	havana	antisense	OTTMUSG00000055277	1	RP24-152F23.2-001	havana	antisense	OTTMUST00000136860	1	basic	5 (assigned to previous version 1)	NA
ENSMUSG00000082154	2.678	-0.001	0.113	0.944	1	7	104501055	104502149	1095	havana	transcript	NA	NA	1	ENSMUST00000117815	1	Gm16464	havana	processed_pseudogene	OTTMUSG00000019183	1	Gm16464-001	havana	processed_pseudogene	OTTMUST00000045980	1	basic	NA	NA
ENSMUSG00000028834	9.05	0.022	0.221	0.096	1	4	134315120	134329629	14510	ensembl	transcript	NA	NA	11	ENSMUST00000105875	5	Trim63	ensembl_havana	protein_coding	OTTMUSG00000010606	2	Trim63-201	ensembl	protein_coding	NA	NA	basic	5 (assigned to previous version 4)	CCDS38914
ENSMUSG00000085779	14.362	0	0.073	0.998	1	10	81194609	81198439	3831	havana	transcript	NA	NA	1	ENSMUST00000129834	1	Atcayos	havana	antisense	OTTMUSG00000030318	2	Atcayos-003	havana	antisense	OTTMUST00000075123	1	basic	1	NA
ENSMUSG00000104874	16.394	-0.008	0.115	0.281	1	3	103781914	103782979	1066	havana	transcript	NA	NA	1	ENSMUST00000196896	1	Gm16520	havana	sense_intronic	OTTMUSG00000028619	3	Gm16520-001	havana	sense_intronic	OTTMUST00000136154	1	basic	NA	NA
ENSMUSG00000047428	36.343	-0.006	0.084	0.339	1	17	46297421	46301005	3585	havana	transcript	NA	NA	12	ENSMUST00000188223	4	Dlk2	ensembl_havana	protein_coding	OTTMUSG00000036095	4	Dlk2-004	havana	protein_coding	OTTMUST00000092748	3	mRNA_end_NF	3 (assigned to previous version 3)	NA
ENSMUSG00000105717	10.776	-0.01	0.139	0.255	1	3	101084592	101087393	2802	havana	transcript	NA	NA	1	ENSMUST00000200367	1	RP23-434L7.5	havana	sense_intronic	OTTMUSG00000054467	1	RP23-434L7.5-001	havana	sense_intronic	OTTMUST00000135067	1	basic	NA	NA
ENSMUSG00000024793	7.72	-0.005	0.102	0.453	1	4	152115934	152120119	4186	havana	transcript	NA	NA	12	ENSMUST00000025706	7	Tnfrsf25	ensembl_havana	protein_coding	OTTMUSG00000010224	3	Tnfrsf25-001	havana	protein_coding	OTTMUST00000023754	2	basic	1 (assigned to previous version 6)	CCDS71527
ENSMUSG00000106290	10.837	-0.005	0.102	0.45	1	3	135860348	135862598	2251	havana	transcript	NA	NA	1	ENSMUST00000197889	1	RP24-349N15.4	havana	TEC	OTTMUSG00000054382	1	RP24-349N15.4-001	havana	TEC	OTTMUST00000134914	1	basic	NA	NA
ENSMUSG00000028488	301.548	-0.003	0.067	0.585	1	4	85205126	85399529	194404	havana	transcript	NA	NA	13	ENSMUST00000107188	7	Sh3gl2	ensembl_havana	protein_coding	OTTMUSG00000007959	2	Sh3gl2-002	havana	protein_coding	OTTMUST00000018055	1	basic	1 (assigned to previous version 6)	NA
ENSMUSG00000078129	6.132	0.002	0.091	0.681	1	2	154551776	154553276	1501	ensembl_havana	transcript	NA	NA	1	ENSMUST00000104928	1	Actl10	ensembl_havana	protein_coding	OTTMUSG00000015794	1	Actl10-001	ensembl_havana	protein_coding	OTTMUST00000037562	1	basic	NA	CCDS50765
ENSMUSG00000047904	20.521	0.001	0.072	0.919	1	11	113619342	113626028	6687	havana	transcript	NA	NA	6	ENSMUST00000146390	2	Sstr2	ensembl_havana	protein_coding	OTTMUSG00000003400	3	Sstr2-002	havana	protein_coding	OTTMUST00000007141	3	basic	5	CCDS59571
ENSMUSG00000087439	4.303	-0.003	0.115	0.685	1	5	110262161	110277267	15107	havana	transcript	NA	NA	1	ENSMUST00000140087	1	Gm15788	havana	antisense	OTTMUSG00000026217	1	Gm15788-002	havana	antisense	OTTMUST00000064837	1	basic	3	NA
ENSMUSG00000087593	6.062	0.005	0.115	0.508	1	7	19816553	19818625	2073	havana	transcript	NA	NA	1	ENSMUST00000137373	1	Gm16174	havana	antisense	OTTMUSG00000031376	1	Gm16174-001	havana	antisense	OTTMUST00000077745	1	basic	2	NA
ENSMUSG00000104122	11.261	-0.042	0.331	0.048	1	3	155094865	155097655	2791	havana	transcript	NA	NA	1	ENSMUST00000194899	1	Gm37482	havana	TEC	OTTMUSG00000052255	1	Gm37482-001	havana	TEC	OTTMUST00000131269	1	basic	NA	NA
ENSMUSG00000106943	25.791	-0.015	0.169	0.134	1	5	74093060	74095406	2347	havana	transcript	NA	NA	1	ENSMUST00000132389	2	Snora26	ensembl_havana	lincRNA	OTTMUSG00000026341	4	Snora26-001	havana	lincRNA	OTTMUST00000065223	3	basic	NA (assigned to previous version 1)	NA
ENSMUSG00000055214	9.824	0.007	0.112	0.355	1	1	175962306	176275298	312993	ensembl_havana	transcript	NA	NA	13	ENSMUST00000065967	11	Pld5	ensembl_havana	protein_coding	OTTMUSG00000024158	4	Pld5-001	ensembl_havana	protein_coding	OTTMUST00000059164	2	basic	1 (assigned to previous version 10)	CCDS15552
ENSMUSG00000092268	11.273	0.011	0.155	0.22	1	17	49427938	49429240	1303	havana	transcript	NA	NA	1	ENSMUST00000172972	1	Gm20540	havana	processed_transcript	OTTMUSG00000036926	1	Gm20540-001	havana	processed_transcript	OTTMUST00000094884	1	basic	3	NA
ENSMUSG00000037217	723.234	0.001	0.064	0.864	1	X	20860511	20921004	60494	ensembl_havana	transcript	NA	NA	13	ENSMUST00000115345	5	Syn1	ensembl_havana	protein_coding	OTTMUSG00000017181	1	Syn1-001	ensembl_havana	protein_coding	OTTMUST00000041608	1	basic	1 (assigned to previous version 4)	CCDS53018
ENSMUSG00000028351	261.569	0.003	0.066	0.629	1	4	68761514	68954397	192884	ensembl_havana	transcript	NA	NA	5	ENSMUST00000030036	5	Brinp1	ensembl_havana	protein_coding	OTTMUSG00000000310	2	Brinp1-001	ensembl_havana	protein_coding	OTTMUST00000000793	2	basic	1	CCDS18272
ENSMUSG00000081104	13.32	-0.002	0.082	0.781	1	5	110905244	110905741	498	havana	transcript	NA	NA	1	ENSMUST00000121895	1	Gm15989	havana	processed_pseudogene	OTTMUSG00000028665	1	Gm15989-001	havana	processed_pseudogene	OTTMUST00000071009	1	basic	NA	NA
ENSMUSG00000082686	6.277	-0.005	0.119	0.495	1	4	111790621	111791670	1050	havana	transcript	NA	NA	1	ENSMUST00000120507	1	Gm12961	havana	processed_pseudogene	OTTMUSG00000009479	1	Gm12961-001	havana	processed_pseudogene	OTTMUST00000021621	1	basic	NA	NA
ENSMUSG00000034413	165.422	0.001	0.065	0.868	1	17	26414829	26441795	26967	havana	transcript	NA	NA	12	ENSMUST00000182897	5	Neurl1b	ensembl_havana	protein_coding	OTTMUSG00000043222	2	Neurl1b-002	havana	protein_coding	OTTMUST00000113409	1	basic	5 (assigned to previous version 4)	NA
ENSMUSG00000027016	26.468	0.012	0.122	0.145	1	2	77410634	77519618	108985	ensembl_havana	transcript	NA	NA	15	ENSMUST00000111830	6	Zfp385b	ensembl_havana	protein_coding	OTTMUSG00000015153	2	Zfp385b-008	ensembl_havana	protein_coding	OTTMUST00000035950	1	basic	1 (assigned to previous version 5)	CCDS50611
ENSMUSG00000033419	452.354	-0.001	0.064	0.814	1	9	86765923	86880439	114517	ensembl_havana	transcript	NA	NA	13	ENSMUST00000098495	7	Snap91	ensembl_havana	protein_coding	OTTMUSG00000045050	2	Snap91-001	ensembl_havana	protein_coding	OTTMUST00000118387	2	basic	1 (assigned to previous version 6)	CCDS72289
ENSMUSG00000020808	6.274	0.005	0.114	0.452	1	11	72042032	72043282	1251	havana	transcript	NA	NA	3	ENSMUST00000122871	1	Fam64a	ensembl_havana	protein_coding	OTTMUSG00000025763	1	Fam64a-005	havana	protein_coding	OTTMUST00000013779	1	mRNA_end_NF	2	NA
ENSMUSG00000106646	10.726	0.001	0.078	0.793	1	5	58047331	58049072	1742	havana	transcript	NA	NA	1	ENSMUST00000197556	1	RP24-231P10.5	havana	TEC	OTTMUSG00000055041	1	RP24-231P10.5-001	havana	TEC	OTTMUST00000136365	1	basic	NA	NA
ENSMUSG00000105826	7.257	0.004	0.104	0.578	1	5	105495470	105497641	2172	havana	transcript	NA	NA	1	ENSMUST00000196534	1	RP23-41J13.2	havana	TEC	OTTMUSG00000053880	1	RP23-41J13.2-001	havana	TEC	OTTMUST00000134063	1	basic	NA	NA
ENSMUSG00000032373	57.451	-0.006	0.09	0.373	1	9	66713686	66766845	53160	ensembl_havana	transcript	NA	NA	12	ENSMUST00000071889	10	Car12	ensembl_havana	protein_coding	OTTMUSG00000025353	2	Car12-001	ensembl_havana	protein_coding	OTTMUST00000062411	1	basic	1 (assigned to previous version 9)	CCDS23306
ENSMUSG00000102037	37.073	0.003	0.08	0.643	1	9	88956900	88962419	5520	ensembl_havana	transcript	NA	NA	1	ENSMUST00000098485	3	Bcl2a1a	ensembl_havana	protein_coding	OTTMUSG00000045614	3	Bcl2a1a-001	ensembl_havana	protein_coding	OTTMUST00000121120	1	basic	1	CCDS23391
ENSMUSG00000024675	22.722	-0.005	0.096	0.392	1	19	11404770	11416419	11650	havana	transcript	NA	NA	17	ENSMUST00000153546	5	Ms4a4c	ensembl_havana	protein_coding	OTTMUSG00000028265	4	Ms4a4c-004	havana	protein_coding	OTTMUST00000070043	1	mRNA_end_NF	3 (assigned to previous version 4)	NA
ENSMUSG00000010592	5.791	-0.014	0.184	0.194	1	17	50279394	50293599	14206	ensembl	transcript	NA	NA	8	ENSMUST00000010736	7	Dazl	ensembl	protein_coding	NA	NA	Dazl-201	ensembl	protein_coding	NA	NA	basic	1	CCDS37649
ENSMUSG00000039883	12.084	0.042	0.31	0.041	1	5	21543559	21552349	8791	havana	transcript	NA	NA	5	ENSMUST00000199277	1	Lrrc17	ensembl_havana	protein_coding	OTTMUSG00000053220	1	Lrrc17-002	havana	processed_transcript	OTTMUST00000132966	1	NA	1	NA
ENSMUSG00000103403	6.916	0.004	0.098	0.507	1	1	74307848	74310713	2866	havana	transcript	NA	NA	1	ENSMUST00000194686	1	Gm37931	havana	TEC	OTTMUSG00000047671	1	Gm37931-001	havana	TEC	OTTMUST00000122858	1	basic	NA	NA
ENSMUSG00000097344	7.977	-0.009	0.139	0.26	1	16	44329997	44333050	3054	ensembl	transcript	NA	NA	1	ENSMUST00000181807	1	Gm26732	ensembl	lincRNA	NA	NA	Gm26732-201	ensembl	lincRNA	NA	NA	basic	5	NA
ENSMUSG00000104284	12.759	-0.001	0.075	0.824	1	2	4091140	4094489	3350	havana	transcript	NA	NA	1	ENSMUST00000193956	1	Gm10862	havana	sense_intronic	OTTMUSG00000050352	1	Gm10862-001	havana	sense_intronic	OTTMUST00000127812	1	basic	NA	NA
ENSMUSG00000024172	117.803	0.003	0.067	0.619	1	17	55445382	55483032	37651	havana	transcript	NA	NA	8	ENSMUST00000133899	1	St6gal2	ensembl_havana	protein_coding	OTTMUSG00000028471	3	St6gal2-002	havana	protein_coding	OTTMUST00000070556	1	mRNA_end_NF	1	NA
ENSMUSG00000087349	8.09	-0.007	0.122	0.341	1	4	85514327	85783127	268801	havana	transcript	NA	NA	1	ENSMUST00000147066	1	Gm12680	havana	processed_transcript	OTTMUSG00000007961	1	Gm12680-001	havana	processed_transcript	OTTMUST00000018060	1	basic	1	NA
ENSMUSG00000033520	6.997	-0.002	0.096	0.794	1	13	8952863	8960945	8083	ensembl_havana	transcript	NA	NA	2	ENSMUST00000038598	2	Idi2	ensembl_havana	protein_coding	OTTMUSG00000046928	1	Idi2-001	ensembl_havana	protein_coding	OTTMUST00000121643	1	basic	1	CCDS26235
ENSMUSG00000100815	18.708	-0.004	0.093	0.532	1	1	69595036	69598522	3487	havana	transcript	NA	NA	1	ENSMUST00000188962	1	Gm29112	havana	sense_intronic	OTTMUSG00000047133	1	Gm29112-001	havana	sense_intronic	OTTMUST00000121962	1	basic	NA	NA
ENSMUSG00000048385	158.869	0.003	0.067	0.583	1	15	76516203	76522129	5927	ensembl	transcript	NA	NA	8	ENSMUST00000096365	3	Scrt1	ensembl	protein_coding	NA	NA	Scrt1-201	ensembl	protein_coding	NA	NA	basic	1	CCDS37123
ENSMUSG00000104912	13.177	0.01	0.131	0.234	1	5	43575821	43577926	2106	havana	transcript	NA	NA	1	ENSMUST00000197583	1	RP23-15G1.3	havana	TEC	OTTMUSG00000053706	2	RP23-15G1.3-001	havana	TEC	OTTMUST00000133734	2	basic	NA	NA
ENSMUSG00000097381	12.065	-0.013	0.162	0.191	1	12	111284762	111287363	2602	ensembl	transcript	NA	NA	1	ENSMUST00000181561	1	A230087F16Rik	ensembl	lincRNA	NA	NA	A230087F16Rik-202	ensembl	lincRNA	NA	NA	basic	1	NA
ENSMUSG00000050711	172.739	-0.008	0.084	0.242	1	1	79434669	79440042	5374	havana	transcript	NA	NA	7	ENSMUST00000185234	1	Scg2	ensembl_havana	protein_coding	OTTMUSG00000047863	1	Scg2-002	havana	protein_coding	OTTMUST00000123129	1	basic	1	NA
ENSMUSG00000102709	3.829	0.003	0.109	0.714	1	1	132943512	132945320	1809	havana	transcript	NA	NA	1	ENSMUST00000194934	1	Gm38308	havana	TEC	OTTMUSG00000049637	1	Gm38308-001	havana	TEC	OTTMUST00000126447	1	basic	NA	NA
ENSMUSG00000104149	4.034	-0.005	0.121	0.484	1	1	15556249	15558337	2089	havana	transcript	NA	NA	1	ENSMUST00000194564	1	Gm37138	havana	TEC	OTTMUSG00000049211	1	Gm37138-001	havana	TEC	OTTMUST00000125550	1	basic	NA	NA
ENSMUSG00000025318	358.105	0.002	0.065	0.697	1	8	121729623	121789617	59995	havana	transcript	NA	NA	11	ENSMUST00000169735	1	Jph3	ensembl_havana	protein_coding	OTTMUSG00000036743	1	Jph3-003	havana	processed_transcript	OTTMUST00000094247	1	NA	5	NA
ENSMUSG00000051703	73.537	-0.006	0.075	0.368	1	1	75479532	75485693	6162	ensembl_havana	transcript	NA	NA	12	ENSMUST00000113575	6	Tmem198	ensembl_havana	protein_coding	OTTMUSG00000019413	4	Tmem198-001	ensembl_havana	protein_coding	OTTMUST00000046320	3	basic	1 (assigned to previous version 5)	CCDS15076
ENSMUSG00000039419	173.173	0.002	0.065	0.777	1	6	45060061	47304213	2244153	ensembl_havana	transcript	NA	NA	14	ENSMUST00000114641	5	Cntnap2	ensembl_havana	protein_coding	OTTMUSG00000022414	3	Cntnap2-001	ensembl_havana	protein_coding	OTTMUST00000053586	2	basic	1 (assigned to previous version 4)	CCDS39475
ENSMUSG00000002489	453.115	-0.001	0.064	0.93	1	16	89787111	89857817	70707	havana	transcript	NA	NA	13	ENSMUST00000114122	5	Tiam1	ensembl_havana	protein_coding	OTTMUSG00000024287	4	Tiam1-009	havana	protein_coding	OTTMUST00000060520	1	basic	1 (assigned to previous version 4)	NA
ENSMUSG00000061578	223.907	-0.002	0.065	0.791	1	5	117414000	117555942	141943	ensembl_havana	transcript	NA	NA	8	ENSMUST00000073347	4	Ksr2	ensembl_havana	protein_coding	OTTMUSG00000026829	3	Ksr2-002	ensembl_havana	retained_intron	OTTMUST00000066348	1	NA	1	NA
ENSMUSG00000052392	7.089	-0.013	0.167	0.197	1	12	84038379	84044723	6345	ensembl_havana	transcript	NA	NA	4	ENSMUST00000021652	3	Acot4	ensembl_havana	protein_coding	OTTMUSG00000027597	2	Acot4-001	ensembl_havana	protein_coding	OTTMUST00000068312	1	basic	1	CCDS26035
ENSMUSG00000105224	5.103	-0.003	0.11	0.683	1	5	44700876	44706890	6015	havana	transcript	NA	NA	1	ENSMUST00000196016	1	RP24-496C22.4	havana	sense_intronic	OTTMUSG00000053826	1	RP24-496C22.4-001	havana	sense_intronic	OTTMUST00000133966	1	basic	1	NA
ENSMUSG00000041608	15.147	-0.003	0.078	0.648	1	9	120539818	120568318	28501	ensembl_havana	transcript	NA	NA	7	ENSMUST00000047687	7	Entpd3	ensembl_havana	protein_coding	OTTMUSG00000025405	2	Entpd3-001	ensembl_havana	protein_coding	OTTMUST00000062556	2	basic	1	CCDS23629
ENSMUSG00000092183	9.099	0	0.096	0.949	1	5	114773737	114774983	1247	havana	transcript	NA	NA	1	ENSMUST00000173208	1	4930515G01Rik	havana	antisense	OTTMUSG00000014589	2	4930515G01Rik-001	havana	antisense	OTTMUST00000034603	2	basic	NA	NA
ENSMUSG00000056486	1207.071	0.002	0.064	0.726	1	2	73610660	73775346	164687	ensembl_havana	transcript	NA	NA	15	ENSMUST00000112024	7	Chn1	ensembl_havana	protein_coding	OTTMUSG00000013428	3	Chn1-001	ensembl_havana	protein_coding	OTTMUST00000032446	1	basic	1 (assigned to previous version 6)	CCDS50608
ENSMUSG00000092604	6.68	0.016	0.196	0.163	1	17	35991867	35993738	1872	havana	transcript	NA	NA	1	ENSMUST00000172480	1	Gm20508	havana	lincRNA	OTTMUSG00000037517	2	Gm20508-001	havana	lincRNA	OTTMUST00000096723	2	basic	2	NA
ENSMUSG00000023045	6.789	-0.002	0.099	0.748	1	15	102150526	102163474	12949	ensembl_havana	transcript	NA	NA	10	ENSMUST00000023806	10	Soat2	ensembl_havana	protein_coding	OTTMUSG00000035013	1	Soat2-001	ensembl_havana	protein_coding	OTTMUST00000089028	1	basic	1 (assigned to previous version 9)	CCDS27872
ENSMUSG00000081854	16.793	0.002	0.083	0.705	1	2	160845613	160846470	858	havana	transcript	NA	NA	1	ENSMUST00000118983	1	Gm11447	havana	processed_pseudogene	OTTMUSG00000041986	1	Gm11447-001	havana	processed_pseudogene	OTTMUST00000002091	1	basic	NA	NA
ENSMUSG00000000305	125.951	-0.005	0.073	0.433	1	2	179442431	179899373	456943	ensembl_havana	transcript	NA	NA	10	ENSMUST00000000314	10	Cdh4	ensembl_havana	protein_coding	OTTMUSG00000016217	1	Cdh4-001	ensembl_havana	protein_coding	OTTMUST00000038868	1	basic	1 (assigned to previous version 9)	CCDS17164
ENSMUSG00000030898	76.233	0.003	0.068	0.605	1	7	105425817	105470898	45082	havana	transcript	NA	NA	12	ENSMUST00000181339	5	Cckbr	ensembl_havana	protein_coding	OTTMUSG00000042484	1	Cckbr-002	havana	protein_coding	OTTMUST00000112012	1	basic	1 (assigned to previous version 4)	NA
ENSMUSG00000094910	324.582	0.001	0.064	0.9	1	12	105453856	105493095	39240	ensembl	transcript	NA	NA	1	ENSMUST00000178224	1	D430019H16Rik	ensembl	protein_coding	NA	NA	D430019H16Rik-201	ensembl	protein_coding	NA	NA	basic	1	CCDS56861
ENSMUSG00000066682	15.955	0.002	0.079	0.768	1	5	137865827	137866930	1104	havana	transcript	NA	NA	9	ENSMUST00000197411	2	Pilrb2	ensembl_havana	protein_coding	OTTMUSG00000054650	1	Pilrb2-006	havana	retained_intron	OTTMUST00000135493	1	NA	3 (assigned to previous version 1)	NA
ENSMUSG00000102938	23.152	-0.005	0.087	0.392	1	3	13471655	13472792	1138	havana	transcript	NA	NA	1	ENSMUST00000191806	1	Gm38112	havana	lincRNA	OTTMUSG00000051059	2	Gm38112-001	havana	lincRNA	OTTMUST00000129430	1	NA	5	NA
ENSMUSG00000103216	9.014	-0.044	0.342	0.048	1	17	51796017	51799190	3174	havana	transcript	NA	NA	1	ENSMUST00000193576	1	Gm37248	havana	TEC	OTTMUSG00000046434	1	Gm37248-001	havana	TEC	OTTMUST00000120919	1	basic	NA	NA
ENSMUSG00000005202	12.065	-0.001	0.077	0.876	1	11	69614804	69617905	3102	ensembl_havana	transcript	NA	NA	2	ENSMUST00000005334	2	Shbg	ensembl_havana	protein_coding	OTTMUSG00000005986	1	Shbg-001	ensembl_havana	protein_coding	OTTMUST00000013396	1	basic	1	CCDS24899
ENSMUSG00000086308	5.194	0	0.092	0.955	1	2	116067225	116085911	18687	havana	transcript	NA	NA	1	ENSMUST00000152412	1	G630016G05Rik	havana	lincRNA	OTTMUSG00000015249	1	G630016G05Rik-002	havana	lincRNA	OTTMUST00000036114	1	basic	1	NA
ENSMUSG00000091510	8.853	-0.002	0.085	0.702	1	7	45366163	45367948	1786	havana	transcript	NA	NA	2	ENSMUST00000136683	1	Mtag2	ensembl_havana	pseudogene	OTTMUSG00000023830	1	Mtag2-001	havana	processed_transcript	OTTMUST00000058215	1	NA	1	NA
ENSMUSG00000091575	19.058	0.002	0.089	0.682	1	3	106481982	106485913	3932	havana	transcript	NA	NA	2	ENSMUST00000190356	1	2010016I18Rik	ensembl_havana	processed_transcript	OTTMUSG00000045941	1	2010016I18Rik-001	havana	antisense	OTTMUST00000120020	1	basic	1	NA
ENSMUSG00000027820	22.102	0.006	0.093	0.344	1	3	63241537	63327826	86290	havana	transcript	NA	NA	10	ENSMUST00000194324	3	Mme	ensembl_havana	protein_coding	OTTMUSG00000051889	8	Mme-005	havana	protein_coding	OTTMUST00000130653	1	mRNA_end_NF	3 (assigned to previous version 2)	NA
ENSMUSG00000103310	26.676	-0.005	0.086	0.378	1	18	37020149	37187657	167509	ensembl_havana	transcript	NA	NA	1	ENSMUST00000047614	3	Pcdha12	ensembl_havana	protein_coding	OTTMUSG00000050627	1	Pcdha12-001	ensembl_havana	protein_coding	OTTMUST00000128355	1	basic	1	CCDS29166
ENSMUSG00000021057	265.589	-0.007	0.076	0.311	1	12	76324891	76334153	9263	havana	transcript	NA	NA	13	ENSMUST00000095610	6	Akap5	ensembl_havana	protein_coding	OTTMUSG00000016317	5	Akap5-001	havana	protein_coding	OTTMUST00000039217	2	basic	1 (assigned to previous version 5)	NA
ENSMUSG00000083745	6.383	0.017	0.196	0.136	1	2	37672208	37673003	796	havana	transcript	NA	NA	1	ENSMUST00000121230	1	Gm13543	havana	processed_pseudogene	OTTMUSG00000012665	1	Gm13543-001	havana	processed_pseudogene	OTTMUST00000030171	1	basic	NA	NA
ENSMUSG00000042254	153.651	0.001	0.067	0.818	1	9	65265180	65280605	15426	ensembl_havana	transcript	NA	NA	12	ENSMUST00000048762	5	Cilp	ensembl_havana	protein_coding	OTTMUSG00000016695	3	Cilp-001	ensembl_havana	protein_coding	OTTMUST00000040435	2	basic	1 (assigned to previous version 4)	CCDS23287
ENSMUSG00000104108	13.852	-0.005	0.106	0.478	1	3	86768071	86778653	10583	havana	transcript	NA	NA	1	ENSMUST00000194490	1	Gm37876	havana	antisense	OTTMUSG00000051683	1	Gm37876-001	havana	antisense	OTTMUST00000130363	1	basic	1	NA
ENSMUSG00000030577	92.694	0.016	0.163	0.121	1	7	30865402	30879028	13627	ensembl_havana	transcript	NA	NA	11	ENSMUST00000019248	10	Cd22	ensembl_havana	protein_coding	OTTMUSG00000049771	4	Cd22-007	ensembl_havana	protein_coding	OTTMUST00000126799	1	basic	1 (assigned to previous version 9)	CCDS21114
ENSMUSG00000099170	8.183	0.004	0.111	0.546	1	9	77366412	77399418	33007	havana	transcript	NA	NA	1	ENSMUST00000183878	1	5730403I07Rik	havana	lincRNA	OTTMUSG00000044850	1	5730403I07Rik-001	havana	lincRNA	OTTMUST00000117861	1	basic	1	NA
ENSMUSG00000049971	34.774	0.001	0.067	0.85	1	5	127632262	127691902	59641	havana	transcript	NA	NA	15	ENSMUST00000137157	5	Glt1d1	ensembl_havana	protein_coding	OTTMUSG00000028796	4	Glt1d1-002	havana	retained_intron	OTTMUST00000071329	1	NA	2 (assigned to previous version 4)	NA
ENSMUSG00000084218	13.919	-0.006	0.108	0.419	1	5	107241623	107242367	745	havana	transcript	NA	NA	1	ENSMUST00000118220	1	Gm8145	havana	processed_pseudogene	OTTMUSG00000028175	1	Gm8145-001	havana	processed_pseudogene	OTTMUST00000069794	1	basic	NA	NA
ENSMUSG00000069516	4213.741	0.004	0.078	0.539	1	10	117277334	117282274	4941	ensembl	transcript	NA	NA	7	ENSMUST00000092163	7	Lyz2	ensembl	protein_coding	NA	NA	Lyz2-201	ensembl	protein_coding	NA	NA	basic	1	CCDS48694
ENSMUSG00000000869	9.193	0.015	0.19	0.184	1	11	53602982	53617224	14243	havana	transcript	NA	NA	10	ENSMUST00000127858	1	Il4	ensembl_havana	protein_coding	OTTMUSG00000005642	4	Il4-004	havana	processed_transcript	OTTMUST00000012553	1	NA	3	NA
ENSMUSG00000093758	8.038	-0.003	0.093	0.663	1	12	101866949	101867295	347	havana	transcript	NA	NA	1	ENSMUST00000176082	1	Gm20701	havana	processed_pseudogene	OTTMUSG00000040115	1	Gm20701-001	havana	processed_pseudogene	OTTMUST00000104231	1	basic	NA	NA
ENSMUSG00000101452	4.506	0.006	0.127	0.444	1	9	98301650	98302226	577	havana	transcript	NA	NA	1	ENSMUST00000190473	1	Gm28530	havana	processed_pseudogene	OTTMUSG00000047578	1	Gm28530-001	havana	processed_pseudogene	OTTMUST00000122707	1	basic	NA	NA
ENSMUSG00000025739	30.563	0.032	0.235	0.04	1	17	25717171	25719406	2236	ensembl_havana	transcript	NA	NA	11	ENSMUST00000172002	5	Gng13	ensembl_havana	protein_coding	OTTMUSG00000035881	1	Gng13-001	ensembl_havana	protein_coding	OTTMUST00000092010	1	basic	1 (assigned to previous version 4)	CCDS37503
ENSMUSG00000102895	9.666	0.002	0.087	0.706	1	3	50575186	50576517	1332	havana	transcript	NA	NA	1	ENSMUST00000192543	1	5830415G21Rik	havana	TEC	OTTMUSG00000051534	1	5830415G21Rik-001	havana	TEC	OTTMUST00000130148	1	basic	NA	NA
ENSMUSG00000026175	5.489	-0.001	0.102	0.896	1	1	74409376	74435559	26184	ensembl_havana	transcript	NA	NA	10	ENSMUST00000027366	10	Vil1	ensembl_havana	protein_coding	OTTMUSG00000021741	2	Vil1-001	ensembl_havana	protein_coding	OTTMUST00000051580	1	basic	1 (assigned to previous version 9)	CCDS15049
ENSMUSG00000034825	98.365	-0.003	0.068	0.649	1	7	109758055	109782025	23971	havana	transcript	NA	NA	11	ENSMUST00000041460	10	Nrip3	ensembl_havana	protein_coding	OTTMUSG00000027286	2	Nrip3-001	havana	protein_coding	OTTMUST00000067445	1	basic	1 (assigned to previous version 9)	NA
ENSMUSG00000097619	14.651	0.001	0.087	0.844	1	15	96231870	96254684	22815	ensembl	transcript	NA	NA	5	ENSMUST00000181747	5	4833422M21Rik	ensembl	lincRNA	NA	NA	4833422M21Rik-203	ensembl	lincRNA	NA	NA	basic	1 (assigned to previous version 4)	NA
ENSMUSG00000024846	6.16	0.004	0.1	0.515	1	19	5344705	5349574	4870	ensembl	transcript	NA	NA	5	ENSMUST00000025764	5	Cst6	ensembl	protein_coding	NA	NA	Cst6-201	ensembl	protein_coding	NA	NA	basic	1	CCDS29457
ENSMUSG00000086820	13.679	0.017	0.182	0.121	1	2	165880025	165882056	2032	havana	transcript	NA	NA	1	ENSMUST00000127942	1	Gm11465	havana	antisense	OTTMUSG00000001127	1	Gm11465-001	havana	antisense	OTTMUST00000002212	1	basic	2	NA
ENSMUSG00000038576	225.967	0.002	0.065	0.682	1	1	182763860	182854040	90181	havana	transcript	NA	NA	13	ENSMUST00000155229	4	Susd4	ensembl_havana	protein_coding	OTTMUSG00000027014	4	Susd4-002	havana	protein_coding	OTTMUST00000067235	3	mRNA_end_NF	3 (assigned to previous version 3)	NA
ENSMUSG00000038663	21.122	-0.008	0.115	0.302	1	7	81533308	81566944	33637	ensembl_havana	transcript	NA	NA	7	ENSMUST00000042318	5	Fsd2	ensembl_havana	protein_coding	OTTMUSG00000055593	1	Fsd2-001	ensembl_havana	protein_coding	OTTMUST00000137590	1	basic	2	NA
ENSMUSG00000025938	44.816	0.003	0.07	0.64	1	1	12866549	12992650	126102	havana	transcript	NA	NA	14	ENSMUST00000188454	4	Slco5a1	ensembl_havana	protein_coding	OTTMUSG00000022327	2	Slco5a1-001	havana	protein_coding	OTTMUST00000053228	2	basic	5 (assigned to previous version 3)	CCDS14821
ENSMUSG00000080972	31.933	-0.006	0.095	0.354	1	5	135698163	135699019	857	havana	transcript	NA	NA	1	ENSMUST00000122167	1	Gm16061	havana	processed_pseudogene	OTTMUSG00000029620	1	Gm16061-001	havana	processed_pseudogene	OTTMUST00000073475	1	basic	NA	NA
ENSMUSG00000047515	10.147	-0.019	0.211	0.132	1	6	136828843	136840536	11694	havana	transcript	NA	NA	7	ENSMUST00000052702	6	BC049715	ensembl_havana	protein_coding	OTTMUSG00000024469	1	BC049715-001	havana	protein_coding	OTTMUST00000060019	1	basic	1	CCDS39685
ENSMUSG00000052749	9.964	0.002	0.093	0.695	1	7	104355382	104369884	14503	havana	transcript	NA	NA	8	ENSMUST00000145982	1	Trim30b	ensembl_havana	protein_coding	OTTMUSG00000019181	1	Trim30b-001	havana	retained_intron	OTTMUST00000045976	1	NA	1	NA
ENSMUSG00000102951	12.589	-0.047	0.37	0.049	1	18	84372669	84376146	3478	havana	transcript	NA	NA	1	ENSMUST00000193817	1	Gm37216	havana	TEC	OTTMUSG00000044403	1	Gm37216-001	havana	TEC	OTTMUST00000116889	1	basic	NA	NA
ENSMUSG00000049097	74.518	0.003	0.069	0.578	1	3	96596636	96599775	3140	ensembl_havana	transcript	NA	NA	9	ENSMUST00000058943	7	Ankrd34a	ensembl_havana	protein_coding	OTTMUSG00000035254	1	Ankrd34a-001	ensembl_havana	protein_coding	OTTMUST00000089909	1	basic	1	CCDS38556
ENSMUSG00000027335	11.663	0	0.075	0.962	1	2	131545850	131562283	16434	ensembl_havana	transcript	NA	NA	9	ENSMUST00000103184	3	Adra1d	ensembl_havana	protein_coding	OTTMUSG00000016190	1	Adra1d-001	ensembl_havana	protein_coding	OTTMUST00000038773	1	basic	1	CCDS16764
ENSMUSG00000074505	686.567	0.001	0.064	0.799	1	9	15910205	16378231	468027	ensembl	transcript	NA	NA	4	ENSMUST00000082170	5	Fat3	ensembl	protein_coding	NA	NA	Fat3-201	ensembl	protein_coding	NA	NA	basic	5	CCDS40539
ENSMUSG00000091993	4.658	0.001	0.095	0.88	1	1	171500568	171504111	3544	havana	transcript	NA	NA	2	ENSMUST00000181170	1	B930036N10Rik	ensembl_havana	antisense	OTTMUSG00000042477	1	B930036N10Rik-001	havana	antisense	OTTMUST00000111990	1	basic	NA	NA
ENSMUSG00000029161	41.549	0	0.066	0.946	1	5	30933143	30945591	12449	ensembl_havana	transcript	NA	NA	7	ENSMUST00000031051	7	Cgref1	ensembl_havana	protein_coding	OTTMUSG00000055053	2	Cgref1-001	ensembl_havana	protein_coding	OTTMUST00000136381	2	basic	1 (assigned to previous version 6)	CCDS51454
ENSMUSG00000038807	330.063	0	0.064	0.96	1	11	74383356	74590186	206831	havana	transcript	NA	NA	15	ENSMUST00000102521	5	Rap1gap2	ensembl_havana	protein_coding	OTTMUSG00000006182	3	Rap1gap2-001	havana	protein_coding	OTTMUST00000013919	2	basic	5 (assigned to previous version 4)	CCDS25032
ENSMUSG00000082484	13.532	-0.024	0.233	0.086	1	8	86659318	86660035	718	havana	transcript	NA	NA	1	ENSMUST00000120728	1	Gm16177	havana	processed_pseudogene	OTTMUSG00000031422	1	Gm16177-001	havana	processed_pseudogene	OTTMUST00000077854	1	basic	NA	NA
ENSMUSG00000078887	57.186	0.008	0.09	0.232	1	2	175869219	175879656	10438	havana	transcript	NA	NA	8	ENSMUST00000109011	5	Gm6710	ensembl_havana	protein_coding	OTTMUSG00000016202	3	Gm6710-001	havana	protein_coding	OTTMUST00000038796	1	basic	1 (assigned to previous version 4)	NA
ENSMUSG00000090264	10.736	-0.002	0.08	0.775	1	18	36664060	36665917	1858	ensembl_havana	transcript	NA	NA	1	ENSMUST00000036765	7	Eif4ebp3	ensembl_havana	protein_coding	OTTMUSG00000033201	1	Eif4ebp3-001	ensembl_havana	protein_coding	OTTMUST00000083114	1	basic	1	CCDS29155
ENSMUSG00000055761	17.957	-0.011	0.124	0.172	1	4	20118874	20778567	659694	havana	transcript	NA	NA	12	ENSMUST00000119374	5	Nkain3	ensembl_havana	protein_coding	OTTMUSG00000004653	2	Nkain3-002	havana	protein_coding	OTTMUST00000066869	1	basic	1 (assigned to previous version 4)	CCDS71349
ENSMUSG00000053550	288.205	-0.001	0.064	0.898	1	7	4825552	4836174	10623	havana	transcript	NA	NA	11	ENSMUST00000117452	5	Shisa7	ensembl_havana	protein_coding	OTTMUSG00000027095	2	Shisa7-001	havana	protein_coding	OTTMUST00000067011	2	mRNA_start_NF	1 (assigned to previous version 4)	NA
ENSMUSG00000092182	4.364	0.001	0.103	0.851	1	19	27994197	27995693	1497	havana	transcript	NA	NA	1	ENSMUST00000172891	1	Gm20407	havana	processed_transcript	OTTMUSG00000037651	1	Gm20407-001	havana	processed_transcript	OTTMUST00000097179	1	basic	3	NA
ENSMUSG00000101587	15.231	-0.002	0.082	0.756	1	5	45768867	45769743	877	havana	transcript	NA	NA	2	ENSMUST00000189967	2	Gm29036	havana	transcribed_processed_pseudogene	OTTMUSG00000045080	2	Gm29036-001	havana	transcribed_processed_pseudogene	OTTMUST00000118453	2	basic	NA	NA
ENSMUSG00000104705	6.212	0.002	0.101	0.738	1	5	113320454	113321653	1200	havana	transcript	NA	NA	1	ENSMUST00000199950	1	RP24-456F12.1	havana	TEC	OTTMUSG00000054493	1	RP24-456F12.1-001	havana	TEC	OTTMUST00000135126	1	basic	NA	NA
ENSMUSG00000106121	8.955	0.005	0.105	0.433	1	3	102491342	102494247	2906	havana	transcript	NA	NA	1	ENSMUST00000197086	1	RP23-63A19.3	havana	sense_intronic	OTTMUSG00000054690	1	RP23-63A19.3-001	havana	sense_intronic	OTTMUST00000135569	1	basic	NA	NA
ENSMUSG00000042800	7.279	-0.004	0.104	0.549	1	1	170308803	170312125	3323	ensembl_havana	transcript	NA	NA	5	ENSMUST00000056991	5	1700015E13Rik	ensembl_havana	protein_coding	OTTMUSG00000039913	1	1700015E13Rik-001	ensembl_havana	protein_coding	OTTMUST00000103690	1	basic	1	CCDS15471
ENSMUSG00000107306	4.067	0.005	0.116	0.517	1	5	74985856	74989066	3211	havana	transcript	NA	NA	1	ENSMUST00000201367	1	RP23-382I10.2	havana	TEC	OTTMUSG00000056076	1	RP23-382I10.2-001	havana	TEC	OTTMUST00000138644	1	basic	NA	NA
ENSMUSG00000106773	3.783	0.004	0.115	0.6	1	5	73647013	73647591	579	havana	transcript	NA	NA	1	ENSMUST00000201845	1	RP23-105O12.2	havana	TEC	OTTMUSG00000055947	1	RP23-105O12.2-001	havana	TEC	OTTMUST00000138419	1	basic	NA	NA
ENSMUSG00000025372	424.626	0	0.064	0.984	1	11	119942763	120006782	64020	ensembl_havana	transcript	NA	NA	14	ENSMUST00000026436	7	Baiap2	ensembl_havana	protein_coding	OTTMUSG00000004049	1	Baiap2-001	ensembl_havana	protein_coding	OTTMUST00000009018	1	basic	1 (assigned to previous version 6)	CCDS25722
ENSMUSG00000102994	13.474	-0.002	0.08	0.694	1	1	162086635	162088468	1834	havana	transcript	NA	NA	1	ENSMUST00000193239	1	Gm37767	havana	TEC	OTTMUSG00000051884	1	Gm37767-001	havana	TEC	OTTMUST00000130643	1	basic	NA	NA
ENSMUSG00000026715	25.354	-0.006	0.105	0.353	1	1	160978585	160981770	3186	havana	transcript	NA	NA	10	ENSMUST00000193477	1	Serpinc1	ensembl_havana	protein_coding	OTTMUSG00000050830	2	Serpinc1-002	havana	retained_intron	OTTMUST00000128791	1	NA	NA	NA
ENSMUSG00000000308	172.52	0	0.064	0.952	1	2	121357714	121360040	2327	havana	transcript	NA	NA	12	ENSMUST00000125812	5	Ckmt1	ensembl_havana	protein_coding	OTTMUSG00000015261	40	Ckmt1-010	havana	protein_coding	OTTMUST00000063566	32	mRNA_end_NF	5 (assigned to previous version 4)	NA
ENSMUSG00000099703	6.1	0.008	0.129	0.329	1	18	35553404	35572285	18882	havana	transcript	NA	NA	4	ENSMUST00000187513	4	Gm28285	havana	protein_coding	OTTMUSG00000045490	7	Gm28285-001	havana	protein_coding	OTTMUST00000119301	2	mRNA_end_NF	2 (assigned to previous version 3)	NA
ENSMUSG00000039860	71.176	0.004	0.072	0.457	1	5	135806890	135841953	35064	havana	transcript	NA	NA	17	ENSMUST00000146038	1	Srrm3	ensembl_havana	protein_coding	OTTMUSG00000029498	1	Srrm3-004	havana	retained_intron	OTTMUST00000073097	1	NA	2	NA
ENSMUSG00000056656	6.157	0.006	0.113	0.411	1	15	77747799	77753072	5274	ensembl	transcript	NA	NA	5	ENSMUST00000089450	3	Apol8	ensembl	protein_coding	NA	NA	Apol8-202	ensembl	protein_coding	NA	NA	basic	5	NA
ENSMUSG00000062184	72.079	0.001	0.066	0.859	1	X	51387212	51681703	294492	ensembl_havana	transcript	NA	NA	9	ENSMUST00000088172	9	Hs6st2	ensembl_havana	protein_coding	OTTMUSG00000017337	3	Hs6st2-001	ensembl_havana	protein_coding	OTTMUST00000042462	1	basic	1 (assigned to previous version 8)	CCDS40970
ENSMUSG00000043289	6.77	-0.001	0.091	0.923	1	9	81863670	82027026	163357	ensembl_havana	transcript	NA	NA	10	ENSMUST00000057067	7	Mei4	ensembl_havana	protein_coding	OTTMUSG00000027459	4	Mei4-001	ensembl_havana	protein_coding	OTTMUST00000067951	3	basic	1 (assigned to previous version 6)	CCDS23371
ENSMUSG00000014030	14.663	-0.003	0.089	0.587	1	4	44524757	44710487	185731	ensembl_havana	transcript	NA	NA	13	ENSMUST00000014174	11	Pax5	ensembl_havana	protein_coding	OTTMUSG00000006705	8	Pax5-001	ensembl_havana	protein_coding	OTTMUST00000015403	5	basic	1 (assigned to previous version 10)	CCDS18125
ENSMUSG00000032561	46.046	0.006	0.086	0.357	1	9	104288316	104337728	49413	ensembl_havana	transcript	NA	NA	12	ENSMUST00000062723	10	Acpp	ensembl_havana	protein_coding	OTTMUSG00000024988	3	Acpp-001	ensembl_havana	protein_coding	OTTMUST00000061497	3	basic	1 (assigned to previous version 9)	CCDS23460
ENSMUSG00000051456	5.467	0	0.095	0.981	1	13	113662896	113663676	781	ensembl	transcript	NA	NA	4	ENSMUST00000054650	4	Hspb3	ensembl	protein_coding	NA	NA	Hspb3-201	ensembl	protein_coding	NA	NA	basic	NA	CCDS26785
ENSMUSG00000021534	8.138	0.002	0.085	0.678	1	13	68597439	68614231	16793	ensembl	transcript	NA	NA	7	ENSMUST00000022007	6	1700001L19Rik	ensembl	protein_coding	NA	NA	1700001L19Rik-201	ensembl	protein_coding	NA	NA	basic	1	CCDS49306
ENSMUSG00000087326	10.274	0.002	0.09	0.78	1	4	44092632	44109311	16680	havana	transcript	NA	NA	1	ENSMUST00000146576	1	Gm12503	havana	processed_transcript	OTTMUSG00000007207	1	Gm12503-001	havana	processed_transcript	OTTMUST00000016635	1	basic	1	NA
ENSMUSG00000102449	7.603	-0.003	0.097	0.592	1	1	68115195	68116547	1353	havana	transcript	NA	NA	1	ENSMUST00000193344	1	Gm37100	havana	TEC	OTTMUSG00000047165	1	Gm37100-001	havana	TEC	OTTMUST00000122004	1	basic	NA	NA
ENSMUSG00000068396	6.425	0	0.097	0.986	1	6	71124610	71124963	354	havana	transcript	NA	NA	9	ENSMUST00000121998	1	Rpl34-ps1	havana	processed_pseudogene	OTTMUSG00000023375	1	Rpl34-ps1-001	havana	processed_pseudogene	OTTMUST00000056710	1	basic	NA	NA
ENSMUSG00000097997	17.356	0	0.082	0.997	1	14	61648950	61667312	18363	havana	transcript	NA	NA	1	ENSMUST00000183031	1	Gm27017	havana	lincRNA	OTTMUSG00000043243	1	Gm27017-001	havana	lincRNA	OTTMUST00000113498	1	basic	3	NA
ENSMUSG00000042282	92.094	0.013	0.139	0.14	1	X	142081160	142196931	115772	ensembl_havana	transcript	NA	NA	4	ENSMUST00000042530	3	Gucy2f	ensembl_havana	protein_coding	OTTMUSG00000018739	1	Gucy2f-001	ensembl_havana	protein_coding	OTTMUST00000045079	1	basic	1	CCDS30446
ENSMUSG00000002997	124.117	0.003	0.068	0.554	1	12	31958476	32061235	102760	havana	transcript	NA	NA	13	ENSMUST00000003079	9	Prkar2b	ensembl_havana	protein_coding	OTTMUSG00000016980	3	Prkar2b-002	havana	protein_coding	OTTMUST00000041179	1	basic	1 (assigned to previous version 8)	CCDS25869
ENSMUSG00000021071	548.89	0.002	0.064	0.764	1	12	70244539	70347614	103076	ensembl	transcript	NA	NA	13	ENSMUST00000110522	6	Trim9	ensembl	protein_coding	NA	NA	Trim9-202	ensembl	protein_coding	NA	NA	basic	1 (assigned to previous version 5)	CCDS49078
ENSMUSG00000091154	12.401	0.005	0.107	0.42	1	8	27042377	27043042	666	havana	transcript	NA	NA	2	ENSMUST00000178990	1	Proscos	ensembl_havana	antisense	OTTMUSG00000042371	1	Proscos-001	havana	antisense	OTTMUST00000111662	1	basic	NA	NA
ENSMUSG00000032726	8.579	-0.004	0.102	0.543	1	4	123312645	123342803	30159	ensembl_havana	transcript	NA	NA	10	ENSMUST00000102641	7	Bmp8a	ensembl_havana	protein_coding	OTTMUSG00000008976	1	Bmp8a-002	ensembl_havana	protein_coding	OTTMUST00000020374	1	basic	1 (assigned to previous version 6)	CCDS18616
ENSMUSG00000023216	8.655	0.001	0.082	0.924	1	2	121017891	121037072	19182	ensembl_havana	transcript	NA	NA	11	ENSMUST00000102490	7	Epb4.2	ensembl_havana	protein_coding	OTTMUSG00000015964	1	Epb4.2-001	ensembl_havana	protein_coding	OTTMUST00000037960	1	basic	1 (assigned to previous version 6)	CCDS16631
ENSMUSG00000023047	7.065	0.007	0.128	0.36	1	15	102445367	102454630	9264	ensembl_havana	transcript	NA	NA	8	ENSMUST00000023809	8	Amhr2	ensembl_havana	protein_coding	OTTMUSG00000035015	1	Amhr2-001	ensembl_havana	protein_coding	OTTMUST00000089031	1	basic	1 (assigned to previous version 7)	CCDS27882
ENSMUSG00000035385	122.358	0.072	0.442	0.025	0.789	11	82035571	82037453	1883	ensembl_havana	transcript	NA	NA	5	ENSMUST00000000193	5	Ccl2	ensembl_havana	protein_coding	OTTMUSG00000000852	1	Ccl2-001	ensembl_havana	protein_coding	OTTMUST00000001659	1	basic	1	CCDS25139
ENSMUSG00000035963	4.329	-0.003	0.106	0.672	1	10	79639526	79645738	6213	ensembl	transcript	NA	NA	8	ENSMUST00000095464	2	Odf3l2	ensembl	protein_coding	NA	NA	Odf3l2-201	ensembl	protein_coding	NA	NA	basic	1	CCDS23980
ENSMUSG00000087050	14.242	0.003	0.078	0.642	1	11	78030012	78032665	2654	havana	transcript	NA	NA	1	ENSMUST00000150471	1	Dhrs13os	havana	antisense	OTTMUSG00000000076	1	Dhrs13os-001	havana	antisense	OTTMUST00000000233	1	basic	1	NA
ENSMUSG00000073486	8.936	0.265	0.98	0.007	0.432	1	179803376	179804676	1301	ensembl	transcript	NA	NA	2	ENSMUST00000097454	2	Gm10518	ensembl	protein_coding	NA	NA	Gm10518-201	ensembl	protein_coding	NA	NA	basic	NA	NA
ENSMUSG00000016349	1026.776	0	0.064	0.935	1	2	181147653	181157014	9362	ensembl_havana	transcript	NA	NA	10	ENSMUST00000055990	7	Eef1a2	ensembl_havana	protein_coding	OTTMUSG00000016559	6	Eef1a2-001	ensembl_havana	protein_coding	OTTMUST00000040035	4	basic	1	CCDS17201
ENSMUSG00000063446	27.502	-0.001	0.069	0.819	1	4	49059273	49208600	149328	havana	transcript	NA	NA	4	ENSMUST00000137884	1	Lppr1	ensembl_havana	protein_coding	OTTMUSG00000006909	2	Lppr1-002	havana	retained_intron	OTTMUST00000015937	1	NA	1	NA
ENSMUSG00000097265	16.339	0.004	0.081	0.531	1	13	83723442	83729582	6141	havana	transcript	NA	NA	1	ENSMUST00000181705	1	Gm26803	havana	lincRNA	OTTMUSG00000043081	1	Gm26803-001	havana	lincRNA	OTTMUST00000113052	1	basic	1	NA
ENSMUSG00000037982	7.096	-0.002	0.087	0.77	1	8	81013576	81038584	25009	havana	transcript	NA	NA	13	ENSMUST00000123595	5	Gm9725	ensembl_havana	lincRNA	OTTMUSG00000022385	1	Gm9725-001	havana	lincRNA	OTTMUST00000053477	1	NA	1 (assigned to previous version 4)	NA
ENSMUSG00000042671	86.707	0.001	0.066	0.793	1	1	153653025	153700323	47299	ensembl_havana	transcript	NA	NA	10	ENSMUST00000041776	9	Rgs8	ensembl_havana	protein_coding	OTTMUSG00000021608	2	Rgs8-001	ensembl_havana	protein_coding	OTTMUST00000051304	2	basic	1 (assigned to previous version 8)	CCDS15375
ENSMUSG00000103192	78.154	0	0.069	0.935	1	1	80666009	80669564	3556	havana	transcript	NA	NA	1	ENSMUST00000194285	1	Gm37645	havana	TEC	OTTMUSG00000047905	1	Gm37645-001	havana	TEC	OTTMUST00000123204	1	basic	NA	NA
ENSMUSG00000090546	1699.723	0.005	0.07	0.414	1	X	61183246	61185558	2313	ensembl	transcript	NA	NA	1	ENSMUST00000166381	1	Cdr1	ensembl	protein_coding	NA	NA	Cdr1-201	ensembl	protein_coding	NA	NA	basic	NA	CCDS53077
ENSMUSG00000034187	1409.997	-0.003	0.066	0.633	1	11	103821782	103954056	132275	ensembl_havana	transcript	NA	NA	16	ENSMUST00000103075	8	Nsf	ensembl_havana	protein_coding	OTTMUSG00000003022	5	Nsf-001	ensembl_havana	protein_coding	OTTMUST00000006200	3	basic	1 (assigned to previous version 7)	CCDS25524
ENSMUSG00000035373	68.643	0.005	0.096	0.416	1	11	82045712	82047525	1814	ensembl_havana	transcript	NA	NA	2	ENSMUST00000021011	2	Ccl7	ensembl_havana	protein_coding	OTTMUSG00000000856	1	Ccl7-001	ensembl_havana	protein_coding	OTTMUST00000001664	1	basic	1	CCDS36245
ENSMUSG00000105846	5.541	0.002	0.097	0.756	1	3	104149756	104151705	1950	havana	transcript	NA	NA	1	ENSMUST00000200312	1	RP23-333I5.5	havana	sense_intronic	OTTMUSG00000054110	1	RP23-333I5.5-001	havana	sense_intronic	OTTMUST00000134442	1	basic	NA	NA
ENSMUSG00000046449	115.408	-0.004	0.069	0.515	1	X	104077434	104201185	123752	havana	transcript	NA	NA	13	ENSMUST00000118314	5	C77370	ensembl_havana	protein_coding	OTTMUSG00000018105	1	C77370-001	havana	protein_coding	OTTMUST00000043694	1	basic	1 (assigned to previous version 4)	NA
ENSMUSG00000034427	5.754	-0.002	0.098	0.794	1	11	115858406	115892592	34187	havana	transcript	NA	NA	14	ENSMUST00000093911	8	Myo15b	ensembl_havana	protein_coding	OTTMUSG00000003612	5	Myo15b-001	havana	protein_coding	OTTMUST00000007779	3	basic	5 (assigned to previous version 7)	NA
ENSMUSG00000096870	77.002	0	0.069	0.976	1	16	77400030	77403135	3106	havana	transcript	NA	NA	2	ENSMUST00000193546	1	Gm21816	ensembl_havana	pseudogene	OTTMUSG00000043469	1	Gm21816-001	havana	TEC	OTTMUST00000114004	1	NA	NA	NA
ENSMUSG00000031253	14.467	-0.002	0.078	0.784	1	X	133908426	133931814	23389	ensembl_havana	transcript	NA	NA	13	ENSMUST00000033606	12	Srpx2	ensembl_havana	protein_coding	OTTMUSG00000018714	2	Srpx2-001	ensembl_havana	protein_coding	OTTMUST00000045009	2	basic	1 (assigned to previous version 11)	CCDS41119
ENSMUSG00000047490	13.032	0.001	0.08	0.848	1	11	89390223	89418948	28726	ensembl_havana	transcript	NA	NA	1	ENSMUST00000050983	1	4932411E22Rik	ensembl_havana	protein_coding	OTTMUSG00000001320	1	4932411E22Rik-001	ensembl_havana	protein_coding	OTTMUST00000002648	1	basic	1	CCDS25237
ENSMUSG00000073067	10.19	-0.005	0.096	0.471	1	6	54269681	54430221	160541	havana	transcript	NA	NA	8	ENSMUST00000145111	5	9130019P16Rik	ensembl_havana	lincRNA	OTTMUSG00000023151	4	9130019P16Rik-001	havana	lincRNA	OTTMUST00000055968	3	basic	1 (assigned to previous version 4)	NA
ENSMUSG00000022041	6.322	0.001	0.09	0.806	1	14	66140960	66152948	11989	ensembl_havana	transcript	NA	NA	9	ENSMUST00000022620	9	Chrna2	ensembl_havana	protein_coding	OTTMUSG00000039812	2	Chrna2-001	ensembl_havana	protein_coding	OTTMUST00000103500	1	basic	1	CCDS27219
ENSMUSG00000093436	10.934	-0.01	0.143	0.226	1	1	42694925	42740968	46044	havana	transcript	NA	NA	4	ENSMUST00000199521	2	Gm20646	havana	sense_overlapping	OTTMUSG00000039882	3	Gm20646-002	havana	sense_overlapping	OTTMUST00000134775	1	basic	3 (assigned to previous version 1)	NA
ENSMUSG00000105553	8.689	0	0.086	1	1	3	126746133	126747964	1832	havana	transcript	NA	NA	1	ENSMUST00000196636	1	RP23-293K21.8	havana	TEC	OTTMUSG00000052682	2	RP23-293K21.8-001	havana	TEC	OTTMUST00000131949	2	basic	NA	NA
ENSMUSG00000086544	14.137	-0.007	0.104	0.289	1	2	73596526	73616012	19487	havana	transcript	NA	NA	1	ENSMUST00000147420	1	Chn1os3	havana	antisense	OTTMUSG00000013429	1	Chn1os3-001	havana	antisense	OTTMUST00000032456	1	basic	1	NA
ENSMUSG00000089901	13.571	0.004	0.096	0.499	1	14	43925390	43933411	8022	havana	transcript	NA	NA	1	ENSMUST00000160298	1	Gm8113	havana	protein_coding	OTTMUSG00000034656	1	Gm8113-001	havana	protein_coding	OTTMUST00000087965	1	basic	1	NA
ENSMUSG00000029765	547.919	-0.001	0.064	0.858	1	6	32144268	32588192	443925	ensembl_havana	transcript	NA	NA	12	ENSMUST00000115096	3	Plxna4	ensembl_havana	protein_coding	OTTMUSG00000014752	3	Plxna4-001	ensembl_havana	protein_coding	OTTMUST00000035006	2	basic	1	CCDS19985
ENSMUSG00000097451	786.736	-0.005	0.07	0.431	1	12	109603940	109607485	3546	havana	transcript	NA	NA	7	ENSMUST00000182119	1	Rian	havana	processed_transcript	OTTMUSG00000043208	1	Rian-011	havana	lincRNA	OTTMUST00000113327	1	basic	3	NA
ENSMUSG00000043439	98.016	0.002	0.067	0.687	1	11	97627389	97629702	2314	ensembl_havana	transcript	NA	NA	5	ENSMUST00000052281	5	E130012A19Rik	ensembl_havana	protein_coding	OTTMUSG00000002746	1	E130012A19Rik-001	ensembl_havana	protein_coding	OTTMUST00000005455	1	basic	NA	CCDS25322
ENSMUSG00000054450	11.802	0.004	0.102	0.546	1	11	53480166	53481097	932	ensembl	transcript	NA	NA	1	ENSMUST00000067523	1	Gm9945	ensembl	protein_coding	NA	NA	Gm9945-201	ensembl	protein_coding	NA	NA	basic	NA	NA
ENSMUSG00000020963	27.504	0.002	0.079	0.754	1	12	91400994	91540509	139516	ensembl_havana	transcript	NA	NA	12	ENSMUST00000021346	11	Tshr	ensembl_havana	protein_coding	OTTMUSG00000049745	1	Tshr-001	ensembl_havana	protein_coding	OTTMUST00000126709	1	basic	1 (assigned to previous version 10)	CCDS26088
ENSMUSG00000032297	33.841	-0.005	0.077	0.44	1	9	59577917	59607292	29376	havana	transcript	NA	NA	9	ENSMUST00000143916	5	Celf6	ensembl_havana	protein_coding	OTTMUSG00000027385	1	Celf6-004	havana	nonsense_mediated_decay	OTTMUST00000067729	1	NA	5 (assigned to previous version 4)	NA
ENSMUSG00000028758	40.168	0.002	0.07	0.749	1	4	138250435	138301967	51533	havana	transcript	NA	NA	10	ENSMUST00000105818	5	Kif17	ensembl_havana	protein_coding	OTTMUSG00000009977	3	Kif17-002	havana	protein_coding	OTTMUST00000023189	2	mRNA_start_NF	2 (assigned to previous version 4)	NA
ENSMUSG00000024274	7.765	0.04	0.341	0.063	1	18	23970975	23981555	10581	ensembl	transcript	NA	NA	8	ENSMUST00000115829	1	Zscan30	ensembl	protein_coding	NA	NA	Zscan30-201	ensembl	protein_coding	NA	NA	basic	2	NA
ENSMUSG00000090706	4.973	0.003	0.108	0.659	1	14	73173820	73187321	13502	havana	transcript	NA	NA	1	ENSMUST00000168470	1	Gm17233	havana	processed_transcript	OTTMUSG00000036136	1	Gm17233-001	havana	processed_transcript	OTTMUST00000092907	1	basic	3	NA
ENSMUSG00000091387	18.407	0.004	0.078	0.538	1	13	96924689	96950912	26224	ensembl	transcript	NA	NA	1	ENSMUST00000171324	1	Gcnt4	ensembl	protein_coding	NA	NA	Gcnt4-201	ensembl	protein_coding	NA	NA	basic	1	CCDS49336
ENSMUSG00000093536	13.629	-0.003	0.08	0.569	1	7	6398715	6429450	30736	havana	transcript	NA	NA	5	ENSMUST00000161855	5	Smim17	ensembl_havana	protein_coding	OTTMUSG00000033414	2	Smim17-002	havana	protein_coding	OTTMUST00000083905	2	basic	3 (assigned to previous version 4)	CCDS51990
ENSMUSG00000022479	32.842	0.004	0.095	0.504	1	15	97854425	97908310	53886	ensembl_havana	transcript	NA	NA	13	ENSMUST00000023119	12	Vdr	ensembl_havana	protein_coding	OTTMUSG00000026431	3	Vdr-001	ensembl_havana	protein_coding	OTTMUST00000065367	1	basic	1 (assigned to previous version 11)	CCDS27784
ENSMUSG00000025170	67.694	-0.001	0.065	0.902	1	11	121356125	121388251	32127	ensembl_havana	transcript	NA	NA	11	ENSMUST00000106107	2	Rab40b	ensembl_havana	protein_coding	OTTMUSG00000004681	1	Rab40b-001	ensembl_havana	protein_coding	OTTMUST00000010557	1	basic	1	CCDS25774
ENSMUSG00000104272	8.167	0.003	0.088	0.612	1	9	100703213	100704269	1057	havana	transcript	NA	NA	1	ENSMUST00000195122	1	Gm38297	havana	TEC	OTTMUSG00000048767	1	Gm38297-001	havana	TEC	OTTMUST00000124787	1	basic	NA	NA
ENSMUSG00000063430	201.696	0.005	0.072	0.379	1	5	113490333	113493141	2809	havana	transcript	NA	NA	9	ENSMUST00000138757	2	Wscd2	ensembl_havana	protein_coding	OTTMUSG00000029483	5	Wscd2-003	havana	retained_intron	OTTMUST00000112396	1	NA	NA	NA
ENSMUSG00000105676	7.709	0.014	0.183	0.196	1	3	137862589	137864374	1786	havana	transcript	NA	NA	1	ENSMUST00000198011	1	RP24-380C2.2	havana	antisense	OTTMUSG00000052695	1	RP24-380C2.2-002	havana	antisense	OTTMUST00000131963	1	basic	NA	NA
ENSMUSG00000106291	6.76	0.002	0.088	0.764	1	5	65405751	65406517	767	havana	transcript	NA	NA	1	ENSMUST00000199441	1	RP23-477N9.1	havana	TEC	OTTMUSG00000055157	1	RP23-477N9.1-001	havana	TEC	OTTMUST00000136587	1	basic	NA	NA
ENSMUSG00000086826	23.705	0.002	0.074	0.721	1	11	116466319	116474274	7956	havana	transcript	NA	NA	1	ENSMUST00000125269	1	Gm11739	havana	antisense	OTTMUSG00000003899	1	Gm11739-001	havana	antisense	OTTMUST00000008626	1	basic	3	NA
ENSMUSG00000097305	10.411	-0.003	0.089	0.579	1	17	32113429	32141839	28411	ensembl	transcript	NA	NA	1	ENSMUST00000180839	1	Gm17276	ensembl	lincRNA	NA	NA	Gm17276-201	ensembl	lincRNA	NA	NA	basic	1	NA
ENSMUSG00000097636	5.885	0.002	0.091	0.791	1	19	53441212	53464796	23585	ensembl	transcript	NA	NA	5	ENSMUST00000180489	5	5830416P10Rik	ensembl	lincRNA	NA	NA	5830416P10Rik-201	ensembl	lincRNA	NA	NA	basic	1 (assigned to previous version 4)	NA
ENSMUSG00000098322	12.32	0.001	0.083	0.86	1	8	15015092	15018907	3816	havana	transcript	NA	NA	1	ENSMUST00000184288	1	5830468F06Rik	havana	antisense	OTTMUSG00000044893	1	5830468F06Rik-001	havana	antisense	OTTMUST00000117983	1	basic	1	NA
ENSMUSG00000085925	116.602	-0.01	0.094	0.184	1	12	109589194	109600330	11137	ensembl	transcript	NA	NA	2	ENSMUST00000149046	2	Rtl1	ensembl	protein_coding	NA	NA	Rtl1-201	ensembl	protein_coding	NA	NA	basic	1	CCDS26170
ENSMUSG00000041773	1312.248	-0.004	0.07	0.46	1	13	97241105	97253039	11935	ensembl	transcript	NA	NA	7	ENSMUST00000041623	7	Enc1	ensembl	protein_coding	NA	NA	Enc1-201	ensembl	protein_coding	NA	NA	basic	1	CCDS26710
ENSMUSG00000047798	78.755	0.002	0.077	0.666	1	11	115116214	115133992	17779	ensembl_havana	transcript	NA	NA	13	ENSMUST00000106561	5	Cd300lf	ensembl_havana	protein_coding	OTTMUSG00000003642	2	Cd300lf-001	ensembl_havana	protein_coding	OTTMUST00000007863	1	basic	1 (assigned to previous version 4)	CCDS48980
ENSMUSG00000052616	3.53	0	0.104	0.953	1	8	104446719	104509887	63169	ensembl_havana	transcript	NA	NA	8	ENSMUST00000064576	5	Ccdc79	ensembl_havana	protein_coding	OTTMUSG00000027409	1	Ccdc79-001	ensembl_havana	protein_coding	OTTMUST00000067804	1	basic	1 (assigned to previous version 4)	CCDS22580
ENSMUSG00000091556	3.559	0.004	0.116	0.625	1	X	36423601	36426680	3080	havana	transcript	NA	NA	6	ENSMUST00000140106	5	Gm14569	havana	protein_coding	OTTMUSG00000017248	1	Gm14569-001	havana	processed_transcript	OTTMUST00000041735	1	NA	3 (assigned to previous version 4)	NA
ENSMUSG00000103560	81.647	-0.062	0.354	0.018	0.669	1	40238020	40244499	6480	havana	transcript	NA	NA	1	ENSMUST00000191850	1	Gm38070	havana	TEC	OTTMUSG00000050519	2	Gm38070-001	havana	TEC	OTTMUST00000128134	2	basic	NA	NA
ENSMUSG00000102827	8.811	0	0.087	0.973	1	18	37652433	37652907	475	havana	transcript	NA	NA	1	ENSMUST00000193056	1	Gm8242	havana	transcribed_processed_pseudogene	OTTMUSG00000050776	1	Gm8242-001	havana	transcribed_processed_pseudogene	OTTMUST00000128699	1	basic	NA	NA
ENSMUSG00000010311	9.509	-0.005	0.108	0.465	1	1	133897199	133907172	9974	ensembl_havana	transcript	NA	NA	13	ENSMUST00000124051	6	Optc	ensembl_havana	protein_coding	OTTMUSG00000026873	2	Optc-001	ensembl_havana	protein_coding	OTTMUST00000066466	2	basic	1 (assigned to previous version 5)	CCDS15299
ENSMUSG00000002341	732.455	0.001	0.064	0.845	1	8	70093085	70120873	27789	ensembl_havana	transcript	NA	NA	8	ENSMUST00000002412	8	Ncan	ensembl_havana	protein_coding	OTTMUSG00000022194	1	Ncan-001	ensembl_havana	protein_coding	OTTMUST00000052725	1	basic	1	CCDS22358
ENSMUSG00000092325	8.015	-0.006	0.111	0.411	1	15	81674255	81674878	624	havana	transcript	NA	NA	1	ENSMUST00000172604	1	Gm18284	havana	processed_pseudogene	OTTMUSG00000038073	1	Gm18284-001	havana	processed_pseudogene	OTTMUST00000098051	1	basic	NA	NA
ENSMUSG00000051323	187.642	-0.011	0.097	0.153	1	X	133582860	133688987	106128	ensembl_havana	transcript	NA	NA	14	ENSMUST00000149154	5	Pcdh19	ensembl_havana	protein_coding	OTTMUSG00000018675	2	Pcdh19-001	ensembl_havana	protein_coding	OTTMUST00000044950	2	basic	1 (assigned to previous version 4)	CCDS41117
ENSMUSG00000038239	9.173	-0.002	0.086	0.726	1	7	45335290	45338973	3684	ensembl_havana	transcript	NA	NA	9	ENSMUST00000085351	4	Hrc	ensembl_havana	protein_coding	OTTMUSG00000023829	1	Hrc-001	ensembl_havana	protein_coding	OTTMUST00000058210	1	basic	1	CCDS39950
ENSMUSG00000033676	565.09	0.004	0.068	0.553	1	7	57419692	57828798	409107	havana	transcript	NA	NA	11	ENSMUST00000085240	8	Gabrb3	ensembl_havana	protein_coding	OTTMUSG00000031173	3	Gabrb3-006	havana	protein_coding	OTTMUST00000136289	1	basic	5 (assigned to previous version 7)	NA
ENSMUSG00000090778	9.806	-0.007	0.126	0.344	1	8	91621448	91629729	8282	havana	transcript	NA	NA	1	ENSMUST00000168442	1	Gm3235	havana	antisense	OTTMUSG00000036058	1	Gm3235-001	havana	antisense	OTTMUST00000092588	1	basic	3	NA
ENSMUSG00000040728	11.446	0.006	0.105	0.395	1	4	11331933	11386679	54747	havana	transcript	NA	NA	13	ENSMUST00000043781	11	Esrp1	ensembl_havana	protein_coding	OTTMUSG00000004469	1	Esrp1-003	havana	protein_coding	OTTMUST00000010096	1	basic	5 (assigned to previous version 10)	NA
ENSMUSG00000097430	7.148	0.006	0.111	0.368	1	18	37159854	37178522	18669	havana	transcript	NA	NA	2	ENSMUST00000180516	2	Gm10544	havana	processed_transcript	OTTMUSG00000050652	1	Gm10544-001	havana	antisense	OTTMUST00000128406	1	basic	1	NA
ENSMUSG00000021211	12.462	-0.012	0.153	0.196	1	13	4268172	4279433	11262	ensembl_havana	transcript	NA	NA	3	ENSMUST00000021632	3	Akr1c12	ensembl_havana	protein_coding	OTTMUSG00000027685	2	Akr1c12-001	ensembl_havana	protein_coding	OTTMUST00000068498	2	basic	1	CCDS26222
ENSMUSG00000080796	6.868	-0.003	0.104	0.657	1	X	103597771	103598336	566	havana	transcript	NA	NA	1	ENSMUST00000120661	1	Gm9159	havana	processed_pseudogene	OTTMUSG00000018315	1	Gm9159-001	havana	processed_pseudogene	OTTMUST00000044244	1	basic	NA	NA
ENSMUSG00000022296	29.461	0.004	0.074	0.503	1	15	38933142	38949405	16264	ensembl	transcript	NA	NA	8	ENSMUST00000163313	1	Baalc	ensembl	protein_coding	NA	NA	Baalc-201	ensembl	protein_coding	NA	NA	basic	1	NA
ENSMUSG00000007480	8.135	0.002	0.093	0.727	1	18	68337603	68339711	2109	ensembl	transcript	NA	NA	3	ENSMUST00000172148	1	Mc5r	ensembl	protein_coding	NA	NA	Mc5r-201	ensembl	protein_coding	NA	NA	basic	1	CCDS29327
ENSMUSG00000097523	7.393	-0.001	0.09	0.853	1	17	25985815	25988469	2655	ensembl	transcript	NA	NA	1	ENSMUST00000180932	1	1700022N22Rik	ensembl	lincRNA	NA	NA	1700022N22Rik-201	ensembl	lincRNA	NA	NA	basic	1	NA
ENSMUSG00000013928	9.838	-0.001	0.092	0.911	1	7	30280094	30290237	10144	havana	transcript	NA	NA	10	ENSMUST00000108187	5	Thap8	ensembl_havana	protein_coding	OTTMUSG00000024364	1	Thap8-001	havana	protein_coding	OTTMUST00000059691	1	basic	2 (assigned to previous version 4)	NA
ENSMUSG00000087644	18.126	-0.001	0.072	0.852	1	X	7651106	7657258	6153	havana	transcript	NA	NA	1	ENSMUST00000145894	1	Gm14703	havana	antisense	OTTMUSG00000017755	1	Gm14703-001	havana	antisense	OTTMUST00000043001	1	basic	1	NA
ENSMUSG00000055972	10.359	-0.002	0.088	0.686	1	16	87784075	87793602	9528	ensembl_havana	transcript	NA	NA	5	ENSMUST00000069809	5	2810407A14Rik	ensembl_havana	lincRNA	OTTMUSG00000047660	1	2810407A14Rik-002	ensembl_havana	lincRNA	OTTMUST00000122835	1	basic	1	NA
ENSMUSG00000019888	37.467	0	0.066	0.999	1	10	101681487	102013222	331736	havana	transcript	NA	NA	13	ENSMUST00000146230	5	Mgat4c	ensembl_havana	protein_coding	OTTMUSG00000031902	3	Mgat4c-005	havana	retained_intron	OTTMUST00000079093	1	NA	1 (assigned to previous version 4)	NA
ENSMUSG00000102607	9.036	0.005	0.103	0.472	1	1	39419048	39419932	885	havana	transcript	NA	NA	1	ENSMUST00000191698	1	Gm37265	havana	TEC	OTTMUSG00000050389	1	Gm37265-001	havana	TEC	OTTMUST00000127895	1	basic	NA	NA
ENSMUSG00000087700	4.883	0.001	0.101	0.842	1	12	73926481	73949785	23305	havana	transcript	NA	NA	1	ENSMUST00000125308	1	Gm15283	havana	processed_transcript	OTTMUSG00000019741	1	Gm15283-001	havana	processed_transcript	OTTMUST00000047242	1	basic	5	NA
ENSMUSG00000050138	18.599	0.01	0.119	0.206	1	17	87745837	87797994	52158	ensembl	transcript	NA	NA	7	ENSMUST00000055221	7	Kcnk12	ensembl	protein_coding	NA	NA	Kcnk12-201	ensembl	protein_coding	NA	NA	basic	1	CCDS29020
ENSMUSG00000107216	6.663	-0.002	0.093	0.699	1	5	130131327	130131824	498	havana	transcript	NA	NA	1	ENSMUST00000201281	1	RP23-353L10.2	havana	TEC	OTTMUSG00000055774	1	RP23-353L10.2-001	havana	TEC	OTTMUST00000138025	1	basic	NA	NA
ENSMUSG00000027606	6.839	0.012	0.161	0.201	1	3	19508595	19610732	102138	ensembl_havana	transcript	NA	NA	10	ENSMUST00000118968	5	Dnajc5b	ensembl_havana	protein_coding	OTTMUSG00000027803	1	Dnajc5b-002	ensembl_havana	protein_coding	OTTMUST00000068806	1	basic	2 (assigned to previous version 4)	CCDS17257
ENSMUSG00000030270	20.272	-0.007	0.096	0.314	1	6	113282307	113305569	23263	ensembl_havana	transcript	NA	NA	9	ENSMUST00000041203	5	Cpne9	ensembl_havana	protein_coding	OTTMUSG00000022223	3	Cpne9-001	ensembl_havana	protein_coding	OTTMUST00000052837	1	basic	5	CCDS20413
ENSMUSG00000030092	58.584	-0.003	0.069	0.61	1	6	104492790	104642949	150160	havana	transcript	NA	NA	12	ENSMUST00000161446	1	Cntn6	ensembl_havana	protein_coding	OTTMUSG00000033392	1	Cntn6-005	havana	protein_coding	OTTMUST00000083835	1	mRNA_end_NF	5	NA
ENSMUSG00000061577	10.32	-0.001	0.086	0.803	1	8	94923694	94934516	10823	havana	transcript	NA	NA	9	ENSMUST00000153448	5	Adgrg5	ensembl_havana	protein_coding	OTTMUSG00000022407	2	Adgrg5-003	havana	protein_coding	OTTMUST00000053568	1	mRNA_end_NF	5 (assigned to previous version 4)	NA
ENSMUSG00000086385	6.592	-0.01	0.151	0.274	1	4	100119621	100120841	1221	havana	transcript	NA	NA	1	ENSMUST00000134206	1	Gm12701	havana	sense_intronic	OTTMUSG00000008024	1	Gm12701-001	havana	sense_intronic	OTTMUST00000018161	1	basic	2	NA
ENSMUSG00000028584	38.728	0.035	0.25	0.039	1	4	143349757	143371032	21276	ensembl_havana	transcript	NA	NA	3	ENSMUST00000052458	2	Lrrc38	ensembl_havana	protein_coding	OTTMUSG00000010227	2	Lrrc38-001	ensembl_havana	protein_coding	OTTMUST00000023757	2	basic	1	CCDS51351
ENSMUSG00000086933	18.493	-0.015	0.171	0.14	1	11	57655415	57657826	2412	havana	transcript	NA	NA	1	ENSMUST00000143009	1	4933426K07Rik	havana	antisense	OTTMUSG00000005706	1	4933426K07Rik-001	havana	antisense	OTTMUST00000012695	1	basic	1	NA
ENSMUSG00000091922	14.67	-0.001	0.09	0.893	1	2	58470116	58471077	962	ensembl	transcript	NA	NA	1	ENSMUST00000167423	1	Gm17409	ensembl	protein_coding	NA	NA	Gm17409-201	ensembl	protein_coding	NA	NA	basic	NA	NA
ENSMUSG00000098620	19.908	-0.004	0.09	0.483	1	15	100595416	100597293	1878	havana	transcript	NA	NA	1	ENSMUST00000183834	1	Gm27209	havana	antisense	OTTMUSG00000044477	1	Gm27209-001	havana	antisense	OTTMUST00000117099	1	basic	3	NA
ENSMUSG00000075416	18.3	-0.011	0.149	0.219	1	2	30713147	30720057	6911	havana	transcript	NA	NA	5	ENSMUST00000134755	1	Gm14488	ensembl_havana	processed_transcript	OTTMUSG00000016805	1	Gm14488-001	havana	processed_transcript	OTTMUST00000040801	1	basic	3	NA
ENSMUSG00000005583	983.837	0	0.064	0.98	1	13	83504034	83663343	159310	ensembl_havana	transcript	NA	NA	14	ENSMUST00000198199	2	Mef2c	ensembl_havana	protein_coding	OTTMUSG00000044481	9	Mef2c-002	ensembl_havana	protein_coding	OTTMUST00000136986	1	basic	1 (assigned to previous version 1)	CCDS26664
ENSMUSG00000090001	5.218	-0.004	0.116	0.576	1	9	75098598	75099140	543	havana	transcript	NA	NA	1	ENSMUST00000162765	1	Gm9719	havana	processed_pseudogene	OTTMUSG00000034063	2	Gm9719-001	havana	processed_pseudogene	OTTMUST00000086069	1	basic	NA	NA
ENSMUSG00000097162	4.578	0	0.101	0.997	1	7	90124858	90129474	4617	ensembl	transcript	NA	NA	1	ENSMUST00000181189	1	2310010J17Rik	ensembl	lincRNA	NA	NA	2310010J17Rik-201	ensembl	lincRNA	NA	NA	basic	1	NA
ENSMUSG00000040856	73.89	-0.001	0.074	0.862	1	12	109452823	109453782	960	havana	transcript	NA	NA	15	ENSMUST00000174539	1	Dlk1	ensembl_havana	protein_coding	OTTMUSG00000022851	5	Dlk1-007	havana	retained_intron	OTTMUST00000096843	1	NA	3	NA
ENSMUSG00000040420	43.664	-0.002	0.071	0.754	1	15	22549022	23400567	851546	havana	transcript	NA	NA	12	ENSMUST00000163361	5	Cdh18	ensembl_havana	protein_coding	OTTMUSG00000036412	1	Cdh18-006	havana	protein_coding	OTTMUST00000093311	1	mRNA_end_NF	5 (assigned to previous version 4)	NA
ENSMUSG00000023043	23.249	0.014	0.157	0.142	1	15	102028216	102032026	3811	ensembl	transcript	NA	NA	6	ENSMUST00000023803	6	Krt18	ensembl	protein_coding	NA	NA	Krt18-201	ensembl	protein_coding	NA	NA	basic	1	CCDS27869
ENSMUSG00000093402	8.438	0.036	0.309	0.064	1	3	68902267	68902758	492	havana	transcript	NA	NA	1	ENSMUST00000177308	1	Gm18588	havana	processed_pseudogene	OTTMUSG00000042036	1	Gm18588-001	havana	processed_pseudogene	OTTMUST00000110205	1	basic	NA	NA
ENSMUSG00000015852	366.315	0.002	0.073	0.734	1	3	87250758	87263599	12842	ensembl_havana	transcript	NA	NA	11	ENSMUST00000090986	8	Fcrls	ensembl_havana	protein_coding	OTTMUSG00000027492	1	Fcrls-001	ensembl_havana	protein_coding	OTTMUST00000068039	1	basic	1 (assigned to previous version 7)	CCDS38471
ENSMUSG00000006457	4.105	-0.003	0.108	0.703	1	19	4861223	4863558	2336	havana	transcript	NA	NA	3	ENSMUST00000138811	1	Actn3	ensembl_havana	protein_coding	OTTMUSG00000016351	1	Actn3-002	havana	processed_transcript	OTTMUST00000039319	1	NA	2	NA
ENSMUSG00000074052	6.207	-0.009	0.142	0.305	1	8	121907833	121909824	1992	havana	transcript	NA	NA	6	ENSMUST00000181944	1	BC048644	havana	antisense	OTTMUSG00000031065	3	BC048644-002	havana	antisense	OTTMUST00000112983	1	basic	NA	NA
ENSMUSG00000091730	16.55	-0.016	0.173	0.136	1	10	20625635	20629576	3942	havana	transcript	NA	NA	1	ENSMUST00000171194	1	Gm17230	havana	processed_pseudogene	OTTMUSG00000036898	1	Gm17230-001	havana	processed_pseudogene	OTTMUST00000094790	1	basic	NA	NA
ENSMUSG00000087606	19.207	-0.003	0.088	0.596	1	5	140101199	140107591	6393	havana	transcript	NA	NA	1	ENSMUST00000128520	1	Gm16121	havana	antisense	OTTMUSG00000030673	1	Gm16121-001	havana	antisense	OTTMUST00000075930	1	basic	1	NA
ENSMUSG00000038704	20.67	0	0.073	0.961	1	7	44465391	44467757	2367	ensembl_havana	transcript	NA	NA	8	ENSMUST00000035929	8	Aspdh	ensembl_havana	protein_coding	OTTMUSG00000029000	1	Aspdh-001	ensembl_havana	protein_coding	OTTMUST00000071922	1	basic	1 (assigned to previous version 7)	CCDS21207
ENSMUSG00000105966	25.494	-0.008	0.117	0.301	1	3	102369162	102370937	1776	havana	transcript	NA	NA	1	ENSMUST00000199507	1	RP24-409P22.1	havana	lincRNA	OTTMUSG00000054687	1	RP24-409P22.1-001	havana	lincRNA	OTTMUST00000135563	1	basic	NA	NA
ENSMUSG00000043635	38.708	-0.004	0.073	0.521	1	5	89677087	89882935	205849	ensembl_havana	transcript	NA	NA	10	ENSMUST00000061427	7	Adamts3	ensembl_havana	protein_coding	OTTMUSG00000055409	1	Adamts3-002	ensembl_havana	protein_coding	OTTMUST00000137168	1	basic	1 (assigned to previous version 6)	CCDS39140
ENSMUSG00000059742	277.037	0.003	0.065	0.667	1	2	62693414	63184278	490865	ensembl_havana	transcript	NA	NA	8	ENSMUST00000075052	7	Kcnh7	ensembl_havana	protein_coding	OTTMUSG00000012800	1	Kcnh7-001	ensembl_havana	protein_coding	OTTMUST00000030676	1	basic	1 (assigned to previous version 6)	CCDS38128
ENSMUSG00000066438	10.224	-0.002	0.079	0.779	1	12	80692591	80724214	31624	ensembl_havana	transcript	NA	NA	6	ENSMUST00000140770	1	Plekhd1	ensembl_havana	protein_coding	OTTMUSG00000033011	1	Plekhd1-001	ensembl_havana	protein_coding	OTTMUST00000082358	1	basic	1	CCDS49100
ENSMUSG00000019982	8.203	0.006	0.109	0.362	1	10	21124936	21160905	35970	havana	transcript	NA	NA	12	ENSMUST00000188495	4	Myb	ensembl_havana	protein_coding	OTTMUSG00000046559	1	Myb-002	havana	protein_coding	OTTMUST00000121090	1	basic	1 (assigned to previous version 3)	NA
ENSMUSG00000081238	7.702	-0.014	0.178	0.178	1	14	57435721	57436513	793	havana	transcript	NA	NA	3	ENSMUST00000119952	1	Gm15836	havana	processed_pseudogene	OTTMUSG00000026639	1	Gm15836-001	havana	processed_pseudogene	OTTMUST00000065938	1	basic	NA	NA
ENSMUSG00000036196	13.467	-0.002	0.082	0.75	1	17	28637783	28689987	52205	ensembl_havana	transcript	NA	NA	13	ENSMUST00000114764	5	Slc26a8	ensembl_havana	protein_coding	OTTMUSG00000024246	1	Slc26a8-002	ensembl_havana	protein_coding	OTTMUST00000059341	1	basic	5 (assigned to previous version 4)	CCDS70779
ENSMUSG00000087012	8.534	-0.031	0.282	0.074	1	4	154837459	154839275	1817	havana	transcript	NA	NA	1	ENSMUST00000130812	1	Gm13113	havana	lincRNA	OTTMUSG00000010465	1	Gm13113-001	havana	lincRNA	OTTMUST00000024363	1	basic	3	NA
ENSMUSG00000058046	8.128	0.006	0.108	0.406	1	4	62525369	62547993	22625	ensembl_havana	transcript	NA	NA	1	ENSMUST00000062145	1	4933430I17Rik	ensembl_havana	protein_coding	OTTMUSG00000000237	1	4933430I17Rik-001	ensembl_havana	protein_coding	OTTMUST00000000689	1	basic	1	CCDS18245
ENSMUSG00000035262	9.966	0.001	0.079	0.906	1	10	80805248	80807648	2401	ensembl	transcript	NA	NA	4	ENSMUST00000036016	4	Amh	ensembl	protein_coding	NA	NA	Amh-201	ensembl	protein_coding	NA	NA	basic	1	CCDS24033
ENSMUSG00000068259	6.419	0	0.093	0.975	1	6	40544036	40544977	942	ensembl_havana	transcript	NA	NA	2	ENSMUST00000089490	2	Olfr461	ensembl_havana	protein_coding	OTTMUSG00000056379	1	Olfr461-001	ensembl_havana	protein_coding	OTTMUST00000139305	1	basic	NA	CCDS20034
ENSMUSG00000026611	24.844	-0.005	0.096	0.429	1	1	187044648	187215465	170818	havana	transcript	NA	NA	15	ENSMUST00000183819	5	Spata17	ensembl_havana	protein_coding	OTTMUSG00000022987	6	Spata17-001	havana	protein_coding	OTTMUST00000055330	3	basic	5 (assigned to previous version 4)	CCDS15604
ENSMUSG00000097429	11.019	-0.003	0.093	0.629	1	12	3343816	3357153	13338	ensembl	transcript	NA	NA	1	ENSMUST00000180719	1	Gm26520	ensembl	lincRNA	NA	NA	Gm26520-201	ensembl	lincRNA	NA	NA	basic	1	NA
ENSMUSG00000101191	6.022	-0.003	0.101	0.631	1	6	125481363	125484678	3316	havana	transcript	NA	NA	4	ENSMUST00000187542	4	Gm28809	havana	antisense	OTTMUSG00000045582	1	Gm28809-001	havana	antisense	OTTMUST00000119455	1	basic	5 (assigned to previous version 3)	NA
ENSMUSG00000081249	4.678	0.002	0.096	0.795	1	11	96795439	96795825	387	ensembl_havana	transcript	NA	NA	3	ENSMUST00000119491	1	Gm11517	ensembl_havana	processed_pseudogene	OTTMUSG00000001634	1	Gm11517-001	ensembl_havana	processed_pseudogene	OTTMUST00000003210	1	basic	NA	NA
ENSMUSG00000092051	14.963	-0.004	0.09	0.499	1	10	20518011	20519768	1758	havana	transcript	NA	NA	1	ENSMUST00000166792	1	Gm17229	havana	processed_pseudogene	OTTMUSG00000036897	1	Gm17229-001	havana	processed_pseudogene	OTTMUST00000094789	1	basic	NA	NA
ENSMUSG00000078922	639.086	0.007	0.101	0.291	1	11	48985327	48992258	6932	ensembl_havana	transcript	NA	NA	7	ENSMUST00000068063	3	Tgtp1	ensembl_havana	protein_coding	OTTMUSG00000005527	4	Tgtp1-001	ensembl_havana	protein_coding	OTTMUST00000012294	3	basic	1	CCDS24593
ENSMUSG00000026697	547.144	0.007	0.083	0.272	1	1	162639155	162649693	10539	ensembl_havana	transcript	NA	NA	10	ENSMUST00000028020	10	Myoc	ensembl_havana	protein_coding	OTTMUSG00000051917	1	Myoc-001	ensembl_havana	protein_coding	OTTMUST00000130698	1	basic	1	CCDS15422
ENSMUSG00000061576	370.045	-0.001	0.064	0.866	1	5	26817203	26850536	33334	havana	transcript	NA	NA	13	ENSMUST00000149678	1	Dpp6	ensembl_havana	protein_coding	OTTMUSG00000029575	2	Dpp6-004	havana	processed_transcript	OTTMUST00000073345	1	NA	1	NA
ENSMUSG00000095651	16.556	0.004	0.081	0.523	1	8	92336668	92339250	2583	havana	transcript	NA	NA	1	ENSMUST00000178584	1	Gm21817	havana	lincRNA	OTTMUSG00000042412	1	Gm21817-001	havana	lincRNA	OTTMUST00000111819	1	basic	NA	NA
ENSMUSG00000030653	543.335	0	0.064	0.934	1	7	101421691	101512829	91139	ensembl	transcript	NA	NA	14	ENSMUST00000163751	6	Pde2a	ensembl	protein_coding	NA	NA	Pde2a-202	ensembl	protein_coding	NA	NA	basic	1 (assigned to previous version 5)	CCDS52330
ENSMUSG00000050520	13.147	-0.012	0.166	0.21	1	16	88560828	88563183	2356	ensembl_havana	transcript	NA	NA	4	ENSMUST00000049697	4	Cldn8	ensembl_havana	protein_coding	OTTMUSG00000019871	1	Cldn8-001	ensembl_havana	protein_coding	OTTMUST00000047386	1	basic	NA	CCDS28296
ENSMUSG00000086121	4.149	0.003	0.104	0.706	1	19	47606144	47617106	10963	havana	transcript	NA	NA	1	ENSMUST00000136557	1	Gm16068	havana	antisense	OTTMUSG00000029689	2	Gm16068-001	havana	antisense	OTTMUST00000073659	2	basic	3	NA
ENSMUSG00000027456	14.015	-0.005	0.108	0.482	1	2	151572622	151590005	17384	ensembl_havana	transcript	NA	NA	8	ENSMUST00000028950	8	Sdcbp2	ensembl_havana	protein_coding	OTTMUSG00000015866	1	Sdcbp2-001	ensembl_havana	protein_coding	OTTMUST00000037712	1	basic	1	CCDS16870
ENSMUSG00000102651	23.782	-0.01	0.124	0.201	1	1	138552305	138554708	2404	havana	transcript	NA	NA	1	ENSMUST00000194804	1	Gm37080	havana	TEC	OTTMUSG00000049436	1	Gm37080-001	havana	TEC	OTTMUST00000126025	1	basic	NA	NA
ENSMUSG00000097053	10.49	0.001	0.088	0.82	1	10	22224280	22253819	29540	havana	transcript	NA	NA	1	ENSMUST00000181606	1	Gm1972	havana	unprocessed_pseudogene	OTTMUSG00000042699	1	Gm1972-001	havana	unprocessed_pseudogene	OTTMUST00000112426	1	basic	NA	NA
ENSMUSG00000022422	7.312	0.007	0.124	0.384	1	15	55076099	55090491	14393	ensembl_havana	transcript	NA	NA	11	ENSMUST00000023059	10	Dscc1	ensembl_havana	protein_coding	OTTMUSG00000023435	1	Dscc1-001	ensembl_havana	protein_coding	OTTMUST00000056961	1	basic	1 (assigned to previous version 9)	CCDS27473
ENSMUSG00000062794	12.326	-0.001	0.076	0.81	1	9	22247430	22259895	12466	ensembl_havana	transcript	NA	NA	8	ENSMUST00000086281	4	Zfp599	ensembl_havana	protein_coding	OTTMUSG00000033650	1	Zfp599-001	ensembl_havana	protein_coding	OTTMUST00000084793	1	basic	1	CCDS40561
ENSMUSG00000037759	12.716	0	0.086	0.982	1	14	44988195	45003820	15626	ensembl_havana	transcript	NA	NA	5	ENSMUST00000046891	5	Ptger2	ensembl_havana	protein_coding	OTTMUSG00000036411	1	Ptger2-001	ensembl_havana	protein_coding	OTTMUST00000093310	1	basic	1	CCDS26972
ENSMUSG00000053830	12.203	-0.004	0.097	0.561	1	10	72309225	72311848	2624	ensembl	transcript	NA	NA	3	ENSMUST00000061324	4	Gm9923	ensembl	protein_coding	NA	NA	Gm9923-201	ensembl	protein_coding	NA	NA	basic	NA	NA
ENSMUSG00000057924	12.625	0.002	0.087	0.788	1	8	69372145	69373383	1239	ensembl	transcript	NA	NA	4	ENSMUST00000072427	4	Gm10033	ensembl	protein_coding	NA	NA	Gm10033-201	ensembl	protein_coding	NA	NA	basic	5	NA
ENSMUSG00000020609	5.641	0.002	0.106	0.756	1	12	7977648	7987818	10171	havana	transcript	NA	NA	12	ENSMUST00000171271	5	Apob	ensembl_havana	protein_coding	OTTMUSG00000035465	1	Apob-002	havana	protein_coding	OTTMUST00000090768	1	mRNA_end_NF	1 (assigned to previous version 4)	NA
ENSMUSG00000085788	11.602	-0.006	0.107	0.406	1	13	21440471	21445934	5464	havana	transcript	NA	NA	1	ENSMUST00000122926	1	4930470G03Rik	havana	processed_transcript	OTTMUSG00000000412	1	4930470G03Rik-001	havana	processed_transcript	OTTMUST00000000988	1	basic	1	NA
ENSMUSG00000087481	10.913	0.009	0.129	0.27	1	10	82178235	82198385	20151	havana	transcript	NA	NA	5	ENSMUST00000156803	5	Gm15608	havana	antisense	OTTMUSG00000024297	1	Gm15608-001	havana	antisense	OTTMUST00000059504	1	NA	5 (assigned to previous version 4)	NA
ENSMUSG00000074345	32.19	0.003	0.071	0.609	1	9	54025606	54068411	42806	ensembl	transcript	NA	NA	3	ENSMUST00000098760	3	Tnfaip8l3	ensembl	protein_coding	NA	NA	Tnfaip8l3-201	ensembl	protein_coding	NA	NA	basic	1	CCDS40641
ENSMUSG00000084897	18.681	0.012	0.155	0.181	1	2	155018266	155027104	8839	havana	transcript	NA	NA	1	ENSMUST00000130870	1	Gm14226	havana	protein_coding	OTTMUSG00000016002	1	Gm14226-001	havana	protein_coding	OTTMUST00000038107	1	basic	1	NA
ENSMUSG00000091570	14.174	-0.003	0.085	0.593	1	14	32266593	32267748	1156	havana	transcript	NA	NA	1	ENSMUST00000165950	1	Gm7707	havana	processed_pseudogene	OTTMUSG00000036561	2	Gm7707-001	havana	processed_pseudogene	OTTMUST00000093768	2	basic	NA	NA
ENSMUSG00000106490	93.395	-0.006	0.094	0.36	1	3	123209400	123211947	2548	havana	transcript	NA	NA	1	ENSMUST00000199138	1	RP24-488I7.2	havana	TEC	OTTMUSG00000052538	1	RP24-488I7.2-001	havana	TEC	OTTMUST00000131726	1	basic	NA	NA
ENSMUSG00000081798	15.18	-0.007	0.113	0.303	1	5	107381381	107382017	637	havana	transcript	NA	NA	1	ENSMUST00000120842	1	Gm8152	havana	processed_pseudogene	OTTMUSG00000028174	1	Gm8152-001	havana	processed_pseudogene	OTTMUST00000069793	1	basic	NA	NA
ENSMUSG00000070687	11.024	0.004	0.087	0.488	1	4	136423524	136444398	20875	ensembl_havana	transcript	NA	NA	9	ENSMUST00000088677	4	Htr1d	ensembl_havana	protein_coding	OTTMUSG00000009699	2	Htr1d-001	ensembl_havana	protein_coding	OTTMUST00000022402	2	basic	1	CCDS18806
ENSMUSG00000085110	15.409	-0.001	0.082	0.923	1	2	102057587	102061430	3844	havana	transcript	NA	NA	1	ENSMUST00000146134	1	Gm13920	havana	antisense	OTTMUSG00000015065	1	Gm13920-001	havana	antisense	OTTMUST00000035768	1	basic	1	NA
ENSMUSG00000021719	494.062	0.001	0.064	0.927	1	13	104947153	105054930	107778	ensembl	transcript	NA	NA	8	ENSMUST00000063551	5	Rgs7bp	ensembl	protein_coding	NA	NA	Rgs7bp-201	ensembl	protein_coding	NA	NA	basic	1	CCDS36774
ENSMUSG00000054622	11.206	0.001	0.08	0.876	1	5	151367720	151428210	60491	havana	transcript	NA	NA	4	ENSMUST00000186838	1	D730045B01Rik	ensembl_havana	lincRNA	OTTMUSG00000047384	2	D730045B01Rik-001	havana	lincRNA	OTTMUST00000122411	2	basic	1	NA
ENSMUSG00000102243	13.546	0	0.079	0.931	1	1	139155152	139157782	2631	havana	transcript	NA	NA	1	ENSMUST00000191655	1	Gm37718	havana	TEC	OTTMUSG00000050020	1	Gm37718-001	havana	TEC	OTTMUST00000127259	1	basic	NA	NA
ENSMUSG00000091530	4.698	0.001	0.099	0.908	1	17	3532554	3533213	660	ensembl	transcript	NA	NA	1	ENSMUST00000168560	1	Cldn20	ensembl	protein_coding	NA	NA	Cldn20-201	ensembl	protein_coding	NA	NA	basic	NA	CCDS49928
ENSMUSG00000105906	64.403	4.214	1.946	0	0.008	16	19061618	19062071	454	havana	transcript	NA	NA	1	ENSMUST00000200568	1	Iglc1	havana	IG_C_gene	OTTMUSG00000052975	1	Iglc1-001	havana	IG_C_gene	OTTMUST00000132545	1	basic	NA	NA
ENSMUSG00000024521	38.551	-0.001	0.077	0.881	1	18	66458604	66465550	6947	ensembl	transcript	NA	NA	7	ENSMUST00000025399	7	Pmaip1	ensembl	protein_coding	NA	NA	Pmaip1-201	ensembl	protein_coding	NA	NA	basic	1	CCDS29315
ENSMUSG00000025473	77.528	-0.007	0.099	0.31	1	7	139978932	139988434	9503	havana	transcript	NA	NA	14	ENSMUST00000156647	5	Adam8	ensembl_havana	protein_coding	OTTMUSG00000021266	2	Adam8-003	havana	retained_intron	OTTMUST00000050400	1	NA	2 (assigned to previous version 4)	NA
ENSMUSG00000092448	4.747	-0.006	0.12	0.459	1	6	110639753	110645916	6164	havana	transcript	NA	NA	1	ENSMUST00000173609	1	Gm20387	havana	processed_transcript	OTTMUSG00000037573	1	Gm20387-001	havana	processed_transcript	OTTMUST00000096869	1	basic	1	NA
ENSMUSG00000033730	59.847	0.001	0.067	0.847	1	14	70077445	70080157	2713	ensembl	transcript	NA	NA	3	ENSMUST00000035908	1	Egr3	ensembl	protein_coding	NA	NA	Egr3-201	ensembl	protein_coding	NA	NA	basic	1	CCDS27246
ENSMUSG00000029752	141.073	-0.002	0.067	0.663	1	6	7675169	7692871	17703	havana	transcript	NA	NA	10	ENSMUST00000115542	5	Asns	ensembl_havana	protein_coding	OTTMUSG00000022779	1	Asns-002	havana	protein_coding	OTTMUST00000054697	1	basic	5 (assigned to previous version 4)	CCDS19907
ENSMUSG00000104540	17.7	-0.028	0.259	0.078	1	5	18350348	18350807	460	havana	transcript	NA	NA	1	ENSMUST00000198905	1	RP24-302O2.1	havana	processed_pseudogene	OTTMUSG00000053054	1	RP24-302O2.1-001	havana	processed_pseudogene	OTTMUST00000132704	1	basic	NA	NA
ENSMUSG00000101304	5.966	0.003	0.107	0.645	1	9	50488795	50507823	19029	havana	transcript	NA	NA	1	ENSMUST00000188703	1	Plet1os	havana	antisense	OTTMUSG00000048528	1	Plet1os-002	havana	antisense	OTTMUST00000124352	1	NA	2	NA
ENSMUSG00000055456	4.75	0.006	0.128	0.476	1	11	43035746	43037278	1533	ensembl	transcript	NA	NA	1	ENSMUST00000069051	1	Gm9972	ensembl	protein_coding	NA	NA	Gm9972-201	ensembl	protein_coding	NA	NA	basic	NA	NA
ENSMUSG00000033847	16.923	0.011	0.126	0.17	1	7	13324655	13359350	34696	havana	transcript	NA	NA	13	ENSMUST00000167232	5	Pla2g4c	ensembl_havana	protein_coding	OTTMUSG00000036437	1	Pla2g4c-003	havana	protein_coding	OTTMUST00000093356	1	basic	5 (assigned to previous version 4)	CCDS52027
ENSMUSG00000056888	48.812	0.005	0.096	0.445	1	10	111985448	111997264	11817	ensembl	transcript	NA	NA	9	ENSMUST00000074805	9	Glipr1	ensembl_havana	protein_coding	OTTMUSG00000027780	3	Glipr1-201	ensembl	protein_coding	NA	NA	basic	1 (assigned to previous version 8)	CCDS24169
ENSMUSG00000068154	48.221	0.001	0.066	0.808	1	2	146221921	146225020	3100	ensembl_havana	transcript	NA	NA	5	ENSMUST00000089257	5	Insm1	ensembl_havana	protein_coding	OTTMUSG00000015694	1	Insm1-001	ensembl_havana	protein_coding	OTTMUST00000037301	1	basic	NA	CCDS16830
ENSMUSG00000038152	10.094	-0.002	0.089	0.727	1	13	45965253	45966508	1256	ensembl_havana	transcript	NA	NA	4	ENSMUST00000038032	4	5033430I15Rik	ensembl_havana	lincRNA	OTTMUSG00000046915	1	5033430I15Rik-001	ensembl_havana	lincRNA	OTTMUST00000121619	1	basic	1	NA
ENSMUSG00000031257	12.888	0.003	0.084	0.572	1	X	134086421	134111854	25434	ensembl_havana	transcript	NA	NA	12	ENSMUST00000033610	10	Nox1	ensembl_havana	protein_coding	OTTMUSG00000019159	3	Nox1-001	ensembl_havana	protein_coding	OTTMUST00000045925	2	basic	1 (assigned to previous version 9)	CCDS30390
ENSMUSG00000078502	39.732	0.003	0.086	0.577	1	4	145585166	145625345	40180	havana	transcript	NA	NA	8	ENSMUST00000105739	5	Gm13212	ensembl_havana	protein_coding	OTTMUSG00000010965	3	Gm13212-001	havana	protein_coding	OTTMUST00000025717	2	basic	5 (assigned to previous version 4)	NA
ENSMUSG00000046442	676.163	0	0.064	0.944	1	11	87226906	87359023	132118	ensembl_havana	transcript	NA	NA	4	ENSMUST00000055438	4	Ppm1e	ensembl_havana	protein_coding	OTTMUSG00000001239	2	Ppm1e-001	ensembl_havana	protein_coding	OTTMUST00000002470	2	basic	1	CCDS25211
ENSMUSG00000021701	353.967	0	0.064	0.96	1	13	110395044	110400844	5801	ensembl	transcript	NA	NA	7	ENSMUST00000022212	7	Plk2	ensembl	protein_coding	NA	NA	Plk2-201	ensembl	protein_coding	NA	NA	basic	1	CCDS26767
ENSMUSG00000081978	17.986	-0.006	0.108	0.354	1	X	114490420	114491780	1361	havana	transcript	NA	NA	1	ENSMUST00000121858	1	Gm14895	havana	processed_pseudogene	OTTMUSG00000018422	1	Gm14895-001	havana	processed_pseudogene	OTTMUST00000044461	1	basic	NA	NA
ENSMUSG00000093540	35.848	-0.009	0.121	0.225	1	7	37669799	37672228	2430	havana	transcript	NA	NA	1	ENSMUST00000175854	1	4930505M18Rik	havana	processed_transcript	OTTMUSG00000042181	1	4930505M18Rik-001	havana	processed_transcript	OTTMUST00000110735	1	basic	1	NA
ENSMUSG00000036151	8.034	-0.009	0.139	0.267	1	8	70072924	70080066	7143	havana	transcript	NA	NA	13	ENSMUST00000110160	6	Tm6sf2	ensembl_havana	protein_coding	OTTMUSG00000027309	3	Tm6sf2-001	havana	protein_coding	OTTMUST00000067499	3	basic	1 (assigned to previous version 5)	NA
